registry_id	entry_id	entry_protocol_id
minecraft:activity	minecraft:core	0
minecraft:activity	minecraft:hide	9
minecraft:activity	minecraft:idle	1
minecraft:activity	minecraft:meet	5
minecraft:activity	minecraft:panic	6
minecraft:activity	minecraft:play	3
minecraft:activity	minecraft:pre_raid	8
minecraft:activity	minecraft:raid	7
minecraft:activity	minecraft:rest	4
minecraft:activity	minecraft:work	2
minecraft:biome	minecraft:badlands	37
minecraft:biome	minecraft:badlands_plateau	39
minecraft:biome	minecraft:bamboo_jungle	168
minecraft:biome	minecraft:bamboo_jungle_hills	169
minecraft:biome	minecraft:beach	16
minecraft:biome	minecraft:birch_forest	27
minecraft:biome	minecraft:birch_forest_hills	28
minecraft:biome	minecraft:cold_ocean	46
minecraft:biome	minecraft:dark_forest	29
minecraft:biome	minecraft:dark_forest_hills	157
minecraft:biome	minecraft:deep_cold_ocean	49
minecraft:biome	minecraft:deep_frozen_ocean	50
minecraft:biome	minecraft:deep_lukewarm_ocean	48
minecraft:biome	minecraft:deep_ocean	24
minecraft:biome	minecraft:deep_warm_ocean	47
minecraft:biome	minecraft:desert	2
minecraft:biome	minecraft:desert_hills	17
minecraft:biome	minecraft:desert_lakes	130
minecraft:biome	minecraft:end_barrens	43
minecraft:biome	minecraft:end_highlands	42
minecraft:biome	minecraft:end_midlands	41
minecraft:biome	minecraft:eroded_badlands	165
minecraft:biome	minecraft:flower_forest	132
minecraft:biome	minecraft:forest	4
minecraft:biome	minecraft:frozen_ocean	10
minecraft:biome	minecraft:frozen_river	11
minecraft:biome	minecraft:giant_spruce_taiga	160
minecraft:biome	minecraft:giant_spruce_taiga_hills	161
minecraft:biome	minecraft:giant_tree_taiga	32
minecraft:biome	minecraft:giant_tree_taiga_hills	33
minecraft:biome	minecraft:gravelly_mountains	131
minecraft:biome	minecraft:ice_spikes	140
minecraft:biome	minecraft:jungle	21
minecraft:biome	minecraft:jungle_edge	23
minecraft:biome	minecraft:jungle_hills	22
minecraft:biome	minecraft:lukewarm_ocean	45
minecraft:biome	minecraft:modified_badlands_plateau	167
minecraft:biome	minecraft:modified_gravelly_mountains	162
minecraft:biome	minecraft:modified_jungle	149
minecraft:biome	minecraft:modified_jungle_edge	151
minecraft:biome	minecraft:modified_wooded_badlands_plateau	166
minecraft:biome	minecraft:mountain_edge	20
minecraft:biome	minecraft:mountains	3
minecraft:biome	minecraft:mushroom_field_shore	15
minecraft:biome	minecraft:mushroom_fields	14
minecraft:biome	minecraft:nether	8
minecraft:biome	minecraft:ocean	0
minecraft:biome	minecraft:plains	1
minecraft:biome	minecraft:river	7
minecraft:biome	minecraft:savanna	35
minecraft:biome	minecraft:savanna_plateau	36
minecraft:biome	minecraft:shattered_savanna	163
minecraft:biome	minecraft:shattered_savanna_plateau	164
minecraft:biome	minecraft:small_end_islands	40
minecraft:biome	minecraft:snowy_beach	26
minecraft:biome	minecraft:snowy_mountains	13
minecraft:biome	minecraft:snowy_taiga	30
minecraft:biome	minecraft:snowy_taiga_hills	31
minecraft:biome	minecraft:snowy_taiga_mountains	158
minecraft:biome	minecraft:snowy_tundra	12
minecraft:biome	minecraft:stone_shore	25
minecraft:biome	minecraft:sunflower_plains	129
minecraft:biome	minecraft:swamp	6
minecraft:biome	minecraft:swamp_hills	134
minecraft:biome	minecraft:taiga	5
minecraft:biome	minecraft:taiga_hills	19
minecraft:biome	minecraft:taiga_mountains	133
minecraft:biome	minecraft:tall_birch_forest	155
minecraft:biome	minecraft:tall_birch_hills	156
minecraft:biome	minecraft:the_end	9
minecraft:biome	minecraft:the_void	127
minecraft:biome	minecraft:warm_ocean	44
minecraft:biome	minecraft:wooded_badlands_plateau	38
minecraft:biome	minecraft:wooded_hills	18
minecraft:biome	minecraft:wooded_mountains	34
minecraft:biome_source_type	minecraft:checkerboard	0
minecraft:biome_source_type	minecraft:fixed	1
minecraft:biome_source_type	minecraft:the_end	3
minecraft:biome_source_type	minecraft:vanilla_layered	2
minecraft:block	minecraft:acacia_button	304
minecraft:block	minecraft:acacia_door	480
minecraft:block	minecraft:acacia_fence	475
minecraft:block	minecraft:acacia_fence_gate	470
minecraft:block	minecraft:acacia_leaves	62
minecraft:block	minecraft:acacia_log	38
minecraft:block	minecraft:acacia_planks	17
minecraft:block	minecraft:acacia_pressure_plate	176
minecraft:block	minecraft:acacia_sapling	23
minecraft:block	minecraft:acacia_sign	156
minecraft:block	minecraft:acacia_slab	448
minecraft:block	minecraft:acacia_stairs	367
minecraft:block	minecraft:acacia_trapdoor	219
minecraft:block	minecraft:acacia_wall_sign	166
minecraft:block	minecraft:acacia_wood	50
minecraft:block	minecraft:activator_rail	333
minecraft:block	minecraft:air	0
minecraft:block	minecraft:allium	121
minecraft:block	minecraft:andesite	6
minecraft:block	minecraft:andesite_slab	642
minecraft:block	minecraft:andesite_stairs	629
minecraft:block	minecraft:andesite_wall	653
minecraft:block	minecraft:anvil	318
minecraft:block	minecraft:attached_melon_stem	238
minecraft:block	minecraft:attached_pumpkin_stem	237
minecraft:block	minecraft:azure_bluet	122
minecraft:block	minecraft:bamboo	614
minecraft:block	minecraft:bamboo_sapling	613
minecraft:block	minecraft:barrel	660
minecraft:block	minecraft:barrier	370
minecraft:block	minecraft:beacon	270
minecraft:block	minecraft:bedrock	25
minecraft:block	minecraft:beetroots	489
minecraft:block	minecraft:bell	669
minecraft:block	minecraft:birch_button	302
minecraft:block	minecraft:birch_door	478
minecraft:block	minecraft:birch_fence	473
minecraft:block	minecraft:birch_fence_gate	468
minecraft:block	minecraft:birch_leaves	60
minecraft:block	minecraft:birch_log	36
minecraft:block	minecraft:birch_planks	15
minecraft:block	minecraft:birch_pressure_plate	174
minecraft:block	minecraft:birch_sapling	21
minecraft:block	minecraft:birch_sign	155
minecraft:block	minecraft:birch_slab	446
minecraft:block	minecraft:birch_stairs	267
minecraft:block	minecraft:birch_trapdoor	217
minecraft:block	minecraft:birch_wall_sign	165
minecraft:block	minecraft:birch_wood	48
minecraft:block	minecraft:black_banner	423
minecraft:block	minecraft:black_bed	89
minecraft:block	minecraft:black_carpet	398
minecraft:block	minecraft:black_concrete	549
minecraft:block	minecraft:black_concrete_powder	565
minecraft:block	minecraft:black_glazed_terracotta	533
minecraft:block	minecraft:black_shulker_box	517
minecraft:block	minecraft:black_stained_glass	214
minecraft:block	minecraft:black_stained_glass_pane	366
minecraft:block	minecraft:black_terracotta	350
minecraft:block	minecraft:black_wall_banner	439
minecraft:block	minecraft:black_wool	116
minecraft:block	minecraft:blast_furnace	662
minecraft:block	minecraft:blue_banner	419
minecraft:block	minecraft:blue_bed	85
minecraft:block	minecraft:blue_carpet	394
minecraft:block	minecraft:blue_concrete	545
minecraft:block	minecraft:blue_concrete_powder	561
minecraft:block	minecraft:blue_glazed_terracotta	529
minecraft:block	minecraft:blue_ice	611
minecraft:block	minecraft:blue_orchid	120
minecraft:block	minecraft:blue_shulker_box	513
minecraft:block	minecraft:blue_stained_glass	210
minecraft:block	minecraft:blue_stained_glass_pane	362
minecraft:block	minecraft:blue_terracotta	346
minecraft:block	minecraft:blue_wall_banner	435
minecraft:block	minecraft:blue_wool	112
minecraft:block	minecraft:bone_block	498
minecraft:block	minecraft:bookshelf	137
minecraft:block	minecraft:brain_coral	586
minecraft:block	minecraft:brain_coral_block	576
minecraft:block	minecraft:brain_coral_fan	596
minecraft:block	minecraft:brain_coral_wall_fan	606
minecraft:block	minecraft:brewing_stand	252
minecraft:block	minecraft:brick_slab	456
minecraft:block	minecraft:brick_stairs	243
minecraft:block	minecraft:brick_wall	646
minecraft:block	minecraft:bricks	135
minecraft:block	minecraft:brown_banner	420
minecraft:block	minecraft:brown_bed	86
minecraft:block	minecraft:brown_carpet	395
minecraft:block	minecraft:brown_concrete	546
minecraft:block	minecraft:brown_concrete_powder	562
minecraft:block	minecraft:brown_glazed_terracotta	530
minecraft:block	minecraft:brown_mushroom	131
minecraft:block	minecraft:brown_mushroom_block	231
minecraft:block	minecraft:brown_shulker_box	514
minecraft:block	minecraft:brown_stained_glass	211
minecraft:block	minecraft:brown_stained_glass_pane	363
minecraft:block	minecraft:brown_terracotta	347
minecraft:block	minecraft:brown_wall_banner	436
minecraft:block	minecraft:brown_wool	113
minecraft:block	minecraft:bubble_column	618
minecraft:block	minecraft:bubble_coral	587
minecraft:block	minecraft:bubble_coral_block	577
minecraft:block	minecraft:bubble_coral_fan	597
minecraft:block	minecraft:bubble_coral_wall_fan	607
minecraft:block	minecraft:cactus	185
minecraft:block	minecraft:cake	197
minecraft:block	minecraft:campfire	671
minecraft:block	minecraft:carrots	298
minecraft:block	minecraft:cartography_table	663
minecraft:block	minecraft:carved_pumpkin	195
minecraft:block	minecraft:cauldron	253
minecraft:block	minecraft:cave_air	617
minecraft:block	minecraft:chain_command_block	493
minecraft:block	minecraft:chest	145
minecraft:block	minecraft:chipped_anvil	319
minecraft:block	minecraft:chiseled_quartz_block	330
minecraft:block	minecraft:chiseled_red_sandstone	441
minecraft:block	minecraft:chiseled_sandstone	71
minecraft:block	minecraft:chiseled_stone_bricks	224
minecraft:block	minecraft:chorus_flower	484
minecraft:block	minecraft:chorus_plant	483
minecraft:block	minecraft:clay	186
minecraft:block	minecraft:coal_block	400
minecraft:block	minecraft:coal_ore	33
minecraft:block	minecraft:coarse_dirt	10
minecraft:block	minecraft:cobblestone	12
minecraft:block	minecraft:cobblestone_slab	455
minecraft:block	minecraft:cobblestone_stairs	162
minecraft:block	minecraft:cobblestone_wall	271
minecraft:block	minecraft:cobweb	93
minecraft:block	minecraft:cocoa	259
minecraft:block	minecraft:command_block	269
minecraft:block	minecraft:comparator	324
minecraft:block	minecraft:composter	675
minecraft:block	minecraft:conduit	612
minecraft:block	minecraft:cornflower	128
minecraft:block	minecraft:cracked_stone_bricks	223
minecraft:block	minecraft:crafting_table	149
minecraft:block	minecraft:creeper_head	314
minecraft:block	minecraft:creeper_wall_head	315
minecraft:block	minecraft:cut_red_sandstone	442
minecraft:block	minecraft:cut_red_sandstone_slab	461
minecraft:block	minecraft:cut_sandstone	72
minecraft:block	minecraft:cut_sandstone_slab	453
minecraft:block	minecraft:cyan_banner	417
minecraft:block	minecraft:cyan_bed	83
minecraft:block	minecraft:cyan_carpet	392
minecraft:block	minecraft:cyan_concrete	543
minecraft:block	minecraft:cyan_concrete_powder	559
minecraft:block	minecraft:cyan_glazed_terracotta	527
minecraft:block	minecraft:cyan_shulker_box	511
minecraft:block	minecraft:cyan_stained_glass	208
minecraft:block	minecraft:cyan_stained_glass_pane	360
minecraft:block	minecraft:cyan_terracotta	344
minecraft:block	minecraft:cyan_wall_banner	433
minecraft:block	minecraft:cyan_wool	110
minecraft:block	minecraft:damaged_anvil	320
minecraft:block	minecraft:dandelion	118
minecraft:block	minecraft:dark_oak_button	305
minecraft:block	minecraft:dark_oak_door	481
minecraft:block	minecraft:dark_oak_fence	476
minecraft:block	minecraft:dark_oak_fence_gate	471
minecraft:block	minecraft:dark_oak_leaves	63
minecraft:block	minecraft:dark_oak_log	39
minecraft:block	minecraft:dark_oak_planks	18
minecraft:block	minecraft:dark_oak_pressure_plate	177
minecraft:block	minecraft:dark_oak_sapling	24
minecraft:block	minecraft:dark_oak_sign	158
minecraft:block	minecraft:dark_oak_slab	449
minecraft:block	minecraft:dark_oak_stairs	368
minecraft:block	minecraft:dark_oak_trapdoor	220
minecraft:block	minecraft:dark_oak_wall_sign	168
minecraft:block	minecraft:dark_oak_wood	51
minecraft:block	minecraft:dark_prismarine	374
minecraft:block	minecraft:dark_prismarine_slab	380
minecraft:block	minecraft:dark_prismarine_stairs	377
minecraft:block	minecraft:daylight_detector	325
minecraft:block	minecraft:dead_brain_coral	581
minecraft:block	minecraft:dead_brain_coral_block	571
minecraft:block	minecraft:dead_brain_coral_fan	591
minecraft:block	minecraft:dead_brain_coral_wall_fan	601
minecraft:block	minecraft:dead_bubble_coral	582
minecraft:block	minecraft:dead_bubble_coral_block	572
minecraft:block	minecraft:dead_bubble_coral_fan	592
minecraft:block	minecraft:dead_bubble_coral_wall_fan	602
minecraft:block	minecraft:dead_bush	96
minecraft:block	minecraft:dead_fire_coral	583
minecraft:block	minecraft:dead_fire_coral_block	573
minecraft:block	minecraft:dead_fire_coral_fan	593
minecraft:block	minecraft:dead_fire_coral_wall_fan	603
minecraft:block	minecraft:dead_horn_coral	584
minecraft:block	minecraft:dead_horn_coral_block	574
minecraft:block	minecraft:dead_horn_coral_fan	594
minecraft:block	minecraft:dead_horn_coral_wall_fan	604
minecraft:block	minecraft:dead_tube_coral	580
minecraft:block	minecraft:dead_tube_coral_block	570
minecraft:block	minecraft:dead_tube_coral_fan	590
minecraft:block	minecraft:dead_tube_coral_wall_fan	600
minecraft:block	minecraft:detector_rail	91
minecraft:block	minecraft:diamond_block	148
minecraft:block	minecraft:diamond_ore	147
minecraft:block	minecraft:diorite	4
minecraft:block	minecraft:diorite_slab	645
minecraft:block	minecraft:diorite_stairs	632
minecraft:block	minecraft:diorite_wall	657
minecraft:block	minecraft:dirt	9
minecraft:block	minecraft:dispenser	69
minecraft:block	minecraft:dragon_egg	257
minecraft:block	minecraft:dragon_head	316
minecraft:block	minecraft:dragon_wall_head	317
minecraft:block	minecraft:dried_kelp_block	568
minecraft:block	minecraft:dropper	334
minecraft:block	minecraft:emerald_block	265
minecraft:block	minecraft:emerald_ore	261
minecraft:block	minecraft:enchanting_table	251
minecraft:block	minecraft:end_gateway	491
minecraft:block	minecraft:end_portal	254
minecraft:block	minecraft:end_portal_frame	255
minecraft:block	minecraft:end_rod	482
minecraft:block	minecraft:end_stone	256
minecraft:block	minecraft:end_stone_brick_slab	638
minecraft:block	minecraft:end_stone_brick_stairs	624
minecraft:block	minecraft:end_stone_brick_wall	656
minecraft:block	minecraft:end_stone_bricks	488
minecraft:block	minecraft:ender_chest	262
minecraft:block	minecraft:farmland	151
minecraft:block	minecraft:fern	95
minecraft:block	minecraft:fire	142
minecraft:block	minecraft:fire_coral	588
minecraft:block	minecraft:fire_coral_block	578
minecraft:block	minecraft:fire_coral_fan	598
minecraft:block	minecraft:fire_coral_wall_fan	608
minecraft:block	minecraft:fletching_table	664
minecraft:block	minecraft:flower_pot	273
minecraft:block	minecraft:frosted_ice	494
minecraft:block	minecraft:furnace	152
minecraft:block	minecraft:glass	66
minecraft:block	minecraft:glass_pane	235
minecraft:block	minecraft:glowstone	193
minecraft:block	minecraft:gold_block	133
minecraft:block	minecraft:gold_ore	31
minecraft:block	minecraft:granite	2
minecraft:block	minecraft:granite_slab	641
minecraft:block	minecraft:granite_stairs	628
minecraft:block	minecraft:granite_wall	650
minecraft:block	minecraft:grass	94
minecraft:block	minecraft:grass_block	8
minecraft:block	minecraft:grass_path	490
minecraft:block	minecraft:gravel	30
minecraft:block	minecraft:gray_banner	415
minecraft:block	minecraft:gray_bed	81
minecraft:block	minecraft:gray_carpet	390
minecraft:block	minecraft:gray_concrete	541
minecraft:block	minecraft:gray_concrete_powder	557
minecraft:block	minecraft:gray_glazed_terracotta	525
minecraft:block	minecraft:gray_shulker_box	509
minecraft:block	minecraft:gray_stained_glass	206
minecraft:block	minecraft:gray_stained_glass_pane	358
minecraft:block	minecraft:gray_terracotta	342
minecraft:block	minecraft:gray_wall_banner	431
minecraft:block	minecraft:gray_wool	108
minecraft:block	minecraft:green_banner	421
minecraft:block	minecraft:green_bed	87
minecraft:block	minecraft:green_carpet	396
minecraft:block	minecraft:green_concrete	547
minecraft:block	minecraft:green_concrete_powder	563
minecraft:block	minecraft:green_glazed_terracotta	531
minecraft:block	minecraft:green_shulker_box	515
minecraft:block	minecraft:green_stained_glass	212
minecraft:block	minecraft:green_stained_glass_pane	364
minecraft:block	minecraft:green_terracotta	348
minecraft:block	minecraft:green_wall_banner	437
minecraft:block	minecraft:green_wool	114
minecraft:block	minecraft:grindstone	665
minecraft:block	minecraft:hay_block	382
minecraft:block	minecraft:heavy_weighted_pressure_plate	323
minecraft:block	minecraft:hopper	328
minecraft:block	minecraft:horn_coral	589
minecraft:block	minecraft:horn_coral_block	579
minecraft:block	minecraft:horn_coral_fan	599
minecraft:block	minecraft:horn_coral_wall_fan	609
minecraft:block	minecraft:ice	183
minecraft:block	minecraft:infested_chiseled_stone_bricks	230
minecraft:block	minecraft:infested_cobblestone	226
minecraft:block	minecraft:infested_cracked_stone_bricks	229
minecraft:block	minecraft:infested_mossy_stone_bricks	228
minecraft:block	minecraft:infested_stone	225
minecraft:block	minecraft:infested_stone_bricks	227
minecraft:block	minecraft:iron_bars	234
minecraft:block	minecraft:iron_block	134
minecraft:block	minecraft:iron_door	171
minecraft:block	minecraft:iron_ore	32
minecraft:block	minecraft:iron_trapdoor	371
minecraft:block	minecraft:jack_o_lantern	196
minecraft:block	minecraft:jigsaw	674
minecraft:block	minecraft:jukebox	188
minecraft:block	minecraft:jungle_button	303
minecraft:block	minecraft:jungle_door	479
minecraft:block	minecraft:jungle_fence	474
minecraft:block	minecraft:jungle_fence_gate	469
minecraft:block	minecraft:jungle_leaves	61
minecraft:block	minecraft:jungle_log	37
minecraft:block	minecraft:jungle_planks	16
minecraft:block	minecraft:jungle_pressure_plate	175
minecraft:block	minecraft:jungle_sapling	22
minecraft:block	minecraft:jungle_sign	157
minecraft:block	minecraft:jungle_slab	447
minecraft:block	minecraft:jungle_stairs	268
minecraft:block	minecraft:jungle_trapdoor	218
minecraft:block	minecraft:jungle_wall_sign	167
minecraft:block	minecraft:jungle_wood	49
minecraft:block	minecraft:kelp	566
minecraft:block	minecraft:kelp_plant	567
minecraft:block	minecraft:ladder	160
minecraft:block	minecraft:lantern	670
minecraft:block	minecraft:lapis_block	68
minecraft:block	minecraft:lapis_ore	67
minecraft:block	minecraft:large_fern	407
minecraft:block	minecraft:lava	27
minecraft:block	minecraft:lectern	666
minecraft:block	minecraft:lever	169
minecraft:block	minecraft:light_blue_banner	411
minecraft:block	minecraft:light_blue_bed	77
minecraft:block	minecraft:light_blue_carpet	386
minecraft:block	minecraft:light_blue_concrete	537
minecraft:block	minecraft:light_blue_concrete_powder	553
minecraft:block	minecraft:light_blue_glazed_terracotta	521
minecraft:block	minecraft:light_blue_shulker_box	505
minecraft:block	minecraft:light_blue_stained_glass	202
minecraft:block	minecraft:light_blue_stained_glass_pane	354
minecraft:block	minecraft:light_blue_terracotta	338
minecraft:block	minecraft:light_blue_wall_banner	427
minecraft:block	minecraft:light_blue_wool	104
minecraft:block	minecraft:light_gray_banner	416
minecraft:block	minecraft:light_gray_bed	82
minecraft:block	minecraft:light_gray_carpet	391
minecraft:block	minecraft:light_gray_concrete	542
minecraft:block	minecraft:light_gray_concrete_powder	558
minecraft:block	minecraft:light_gray_glazed_terracotta	526
minecraft:block	minecraft:light_gray_shulker_box	510
minecraft:block	minecraft:light_gray_stained_glass	207
minecraft:block	minecraft:light_gray_stained_glass_pane	359
minecraft:block	minecraft:light_gray_terracotta	343
minecraft:block	minecraft:light_gray_wall_banner	432
minecraft:block	minecraft:light_gray_wool	109
minecraft:block	minecraft:light_weighted_pressure_plate	322
minecraft:block	minecraft:lilac	403
minecraft:block	minecraft:lily_of_the_valley	130
minecraft:block	minecraft:lily_pad	246
minecraft:block	minecraft:lime_banner	413
minecraft:block	minecraft:lime_bed	79
minecraft:block	minecraft:lime_carpet	388
minecraft:block	minecraft:lime_concrete	539
minecraft:block	minecraft:lime_concrete_powder	555
minecraft:block	minecraft:lime_glazed_terracotta	523
minecraft:block	minecraft:lime_shulker_box	507
minecraft:block	minecraft:lime_stained_glass	204
minecraft:block	minecraft:lime_stained_glass_pane	356
minecraft:block	minecraft:lime_terracotta	340
minecraft:block	minecraft:lime_wall_banner	429
minecraft:block	minecraft:lime_wool	106
minecraft:block	minecraft:loom	659
minecraft:block	minecraft:magenta_banner	410
minecraft:block	minecraft:magenta_bed	76
minecraft:block	minecraft:magenta_carpet	385
minecraft:block	minecraft:magenta_concrete	536
minecraft:block	minecraft:magenta_concrete_powder	552
minecraft:block	minecraft:magenta_glazed_terracotta	520
minecraft:block	minecraft:magenta_shulker_box	504
minecraft:block	minecraft:magenta_stained_glass	201
minecraft:block	minecraft:magenta_stained_glass_pane	353
minecraft:block	minecraft:magenta_terracotta	337
minecraft:block	minecraft:magenta_wall_banner	426
minecraft:block	minecraft:magenta_wool	103
minecraft:block	minecraft:magma_block	495
minecraft:block	minecraft:melon	236
minecraft:block	minecraft:melon_stem	240
minecraft:block	minecraft:mossy_cobblestone	138
minecraft:block	minecraft:mossy_cobblestone_slab	637
minecraft:block	minecraft:mossy_cobblestone_stairs	623
minecraft:block	minecraft:mossy_cobblestone_wall	272
minecraft:block	minecraft:mossy_stone_brick_slab	635
minecraft:block	minecraft:mossy_stone_brick_stairs	621
minecraft:block	minecraft:mossy_stone_brick_wall	649
minecraft:block	minecraft:mossy_stone_bricks	222
minecraft:block	minecraft:moving_piston	117
minecraft:block	minecraft:mushroom_stem	233
minecraft:block	minecraft:mycelium	245
minecraft:block	minecraft:nether_brick_fence	248
minecraft:block	minecraft:nether_brick_slab	458
minecraft:block	minecraft:nether_brick_stairs	249
minecraft:block	minecraft:nether_brick_wall	652
minecraft:block	minecraft:nether_bricks	247
minecraft:block	minecraft:nether_portal	194
minecraft:block	minecraft:nether_quartz_ore	327
minecraft:block	minecraft:nether_wart	250
minecraft:block	minecraft:nether_wart_block	496
minecraft:block	minecraft:netherrack	191
minecraft:block	minecraft:note_block	73
minecraft:block	minecraft:oak_button	300
minecraft:block	minecraft:oak_door	159
minecraft:block	minecraft:oak_fence	189
minecraft:block	minecraft:oak_fence_gate	242
minecraft:block	minecraft:oak_leaves	58
minecraft:block	minecraft:oak_log	34
minecraft:block	minecraft:oak_planks	13
minecraft:block	minecraft:oak_pressure_plate	172
minecraft:block	minecraft:oak_sapling	19
minecraft:block	minecraft:oak_sign	153
minecraft:block	minecraft:oak_slab	444
minecraft:block	minecraft:oak_stairs	144
minecraft:block	minecraft:oak_trapdoor	215
minecraft:block	minecraft:oak_wall_sign	163
minecraft:block	minecraft:oak_wood	46
minecraft:block	minecraft:observer	500
minecraft:block	minecraft:obsidian	139
minecraft:block	minecraft:orange_banner	409
minecraft:block	minecraft:orange_bed	75
minecraft:block	minecraft:orange_carpet	384
minecraft:block	minecraft:orange_concrete	535
minecraft:block	minecraft:orange_concrete_powder	551
minecraft:block	minecraft:orange_glazed_terracotta	519
minecraft:block	minecraft:orange_shulker_box	503
minecraft:block	minecraft:orange_stained_glass	200
minecraft:block	minecraft:orange_stained_glass_pane	352
minecraft:block	minecraft:orange_terracotta	336
minecraft:block	minecraft:orange_tulip	124
minecraft:block	minecraft:orange_wall_banner	425
minecraft:block	minecraft:orange_wool	102
minecraft:block	minecraft:oxeye_daisy	127
minecraft:block	minecraft:packed_ice	401
minecraft:block	minecraft:peony	405
minecraft:block	minecraft:petrified_oak_slab	454
minecraft:block	minecraft:pink_banner	414
minecraft:block	minecraft:pink_bed	80
minecraft:block	minecraft:pink_carpet	389
minecraft:block	minecraft:pink_concrete	540
minecraft:block	minecraft:pink_concrete_powder	556
minecraft:block	minecraft:pink_glazed_terracotta	524
minecraft:block	minecraft:pink_shulker_box	508
minecraft:block	minecraft:pink_stained_glass	205
minecraft:block	minecraft:pink_stained_glass_pane	357
minecraft:block	minecraft:pink_terracotta	341
minecraft:block	minecraft:pink_tulip	126
minecraft:block	minecraft:pink_wall_banner	430
minecraft:block	minecraft:pink_wool	107
minecraft:block	minecraft:piston	99
minecraft:block	minecraft:piston_head	100
minecraft:block	minecraft:player_head	312
minecraft:block	minecraft:player_wall_head	313
minecraft:block	minecraft:podzol	11
minecraft:block	minecraft:polished_andesite	7
minecraft:block	minecraft:polished_andesite_slab	644
minecraft:block	minecraft:polished_andesite_stairs	631
minecraft:block	minecraft:polished_diorite	5
minecraft:block	minecraft:polished_diorite_slab	636
minecraft:block	minecraft:polished_diorite_stairs	622
minecraft:block	minecraft:polished_granite	3
minecraft:block	minecraft:polished_granite_slab	633
minecraft:block	minecraft:polished_granite_stairs	619
minecraft:block	minecraft:poppy	119
minecraft:block	minecraft:potatoes	299
minecraft:block	minecraft:potted_acacia_sapling	278
minecraft:block	minecraft:potted_allium	284
minecraft:block	minecraft:potted_azure_bluet	285
minecraft:block	minecraft:potted_bamboo	615
minecraft:block	minecraft:potted_birch_sapling	276
minecraft:block	minecraft:potted_blue_orchid	283
minecraft:block	minecraft:potted_brown_mushroom	295
minecraft:block	minecraft:potted_cactus	297
minecraft:block	minecraft:potted_cornflower	291
minecraft:block	minecraft:potted_dandelion	281
minecraft:block	minecraft:potted_dark_oak_sapling	279
minecraft:block	minecraft:potted_dead_bush	296
minecraft:block	minecraft:potted_fern	280
minecraft:block	minecraft:potted_jungle_sapling	277
minecraft:block	minecraft:potted_lily_of_the_valley	292
minecraft:block	minecraft:potted_oak_sapling	274
minecraft:block	minecraft:potted_orange_tulip	287
minecraft:block	minecraft:potted_oxeye_daisy	290
minecraft:block	minecraft:potted_pink_tulip	289
minecraft:block	minecraft:potted_poppy	282
minecraft:block	minecraft:potted_red_mushroom	294
minecraft:block	minecraft:potted_red_tulip	286
minecraft:block	minecraft:potted_spruce_sapling	275
minecraft:block	minecraft:potted_white_tulip	288
minecraft:block	minecraft:potted_wither_rose	293
minecraft:block	minecraft:powered_rail	90
minecraft:block	minecraft:prismarine	372
minecraft:block	minecraft:prismarine_brick_slab	379
minecraft:block	minecraft:prismarine_brick_stairs	376
minecraft:block	minecraft:prismarine_bricks	373
minecraft:block	minecraft:prismarine_slab	378
minecraft:block	minecraft:prismarine_stairs	375
minecraft:block	minecraft:prismarine_wall	647
minecraft:block	minecraft:pumpkin	190
minecraft:block	minecraft:pumpkin_stem	239
minecraft:block	minecraft:purple_banner	418
minecraft:block	minecraft:purple_bed	84
minecraft:block	minecraft:purple_carpet	393
minecraft:block	minecraft:purple_concrete	544
minecraft:block	minecraft:purple_concrete_powder	560
minecraft:block	minecraft:purple_glazed_terracotta	528
minecraft:block	minecraft:purple_shulker_box	512
minecraft:block	minecraft:purple_stained_glass	209
minecraft:block	minecraft:purple_stained_glass_pane	361
minecraft:block	minecraft:purple_terracotta	345
minecraft:block	minecraft:purple_wall_banner	434
minecraft:block	minecraft:purple_wool	111
minecraft:block	minecraft:purpur_block	485
minecraft:block	minecraft:purpur_pillar	486
minecraft:block	minecraft:purpur_slab	462
minecraft:block	minecraft:purpur_stairs	487
minecraft:block	minecraft:quartz_block	329
minecraft:block	minecraft:quartz_pillar	331
minecraft:block	minecraft:quartz_slab	459
minecraft:block	minecraft:quartz_stairs	332
minecraft:block	minecraft:rail	161
minecraft:block	minecraft:red_banner	422
minecraft:block	minecraft:red_bed	88
minecraft:block	minecraft:red_carpet	397
minecraft:block	minecraft:red_concrete	548
minecraft:block	minecraft:red_concrete_powder	564
minecraft:block	minecraft:red_glazed_terracotta	532
minecraft:block	minecraft:red_mushroom	132
minecraft:block	minecraft:red_mushroom_block	232
minecraft:block	minecraft:red_nether_brick_slab	643
minecraft:block	minecraft:red_nether_brick_stairs	630
minecraft:block	minecraft:red_nether_brick_wall	654
minecraft:block	minecraft:red_nether_bricks	497
minecraft:block	minecraft:red_sand	29
minecraft:block	minecraft:red_sandstone	440
minecraft:block	minecraft:red_sandstone_slab	460
minecraft:block	minecraft:red_sandstone_stairs	443
minecraft:block	minecraft:red_sandstone_wall	648
minecraft:block	minecraft:red_shulker_box	516
minecraft:block	minecraft:red_stained_glass	213
minecraft:block	minecraft:red_stained_glass_pane	365
minecraft:block	minecraft:red_terracotta	349
minecraft:block	minecraft:red_tulip	123
minecraft:block	minecraft:red_wall_banner	438
minecraft:block	minecraft:red_wool	115
minecraft:block	minecraft:redstone_block	326
minecraft:block	minecraft:redstone_lamp	258
minecraft:block	minecraft:redstone_ore	178
minecraft:block	minecraft:redstone_torch	179
minecraft:block	minecraft:redstone_wall_torch	180
minecraft:block	minecraft:redstone_wire	146
minecraft:block	minecraft:repeater	198
minecraft:block	minecraft:repeating_command_block	492
minecraft:block	minecraft:rose_bush	404
minecraft:block	minecraft:sand	28
minecraft:block	minecraft:sandstone	70
minecraft:block	minecraft:sandstone_slab	452
minecraft:block	minecraft:sandstone_stairs	260
minecraft:block	minecraft:sandstone_wall	655
minecraft:block	minecraft:scaffolding	658
minecraft:block	minecraft:sea_lantern	381
minecraft:block	minecraft:sea_pickle	610
minecraft:block	minecraft:seagrass	97
minecraft:block	minecraft:shulker_box	501
minecraft:block	minecraft:skeleton_skull	306
minecraft:block	minecraft:skeleton_wall_skull	307
minecraft:block	minecraft:slime_block	369
minecraft:block	minecraft:smithing_table	667
minecraft:block	minecraft:smoker	661
minecraft:block	minecraft:smooth_quartz	465
minecraft:block	minecraft:smooth_quartz_slab	640
minecraft:block	minecraft:smooth_quartz_stairs	627
minecraft:block	minecraft:smooth_red_sandstone	466
minecraft:block	minecraft:smooth_red_sandstone_slab	634
minecraft:block	minecraft:smooth_red_sandstone_stairs	620
minecraft:block	minecraft:smooth_sandstone	464
minecraft:block	minecraft:smooth_sandstone_slab	639
minecraft:block	minecraft:smooth_sandstone_stairs	626
minecraft:block	minecraft:smooth_stone	463
minecraft:block	minecraft:smooth_stone_slab	451
minecraft:block	minecraft:snow	182
minecraft:block	minecraft:snow_block	184
minecraft:block	minecraft:soul_sand	192
minecraft:block	minecraft:spawner	143
minecraft:block	minecraft:sponge	64
minecraft:block	minecraft:spruce_button	301
minecraft:block	minecraft:spruce_door	477
minecraft:block	minecraft:spruce_fence	472
minecraft:block	minecraft:spruce_fence_gate	467
minecraft:block	minecraft:spruce_leaves	59
minecraft:block	minecraft:spruce_log	35
minecraft:block	minecraft:spruce_planks	14
minecraft:block	minecraft:spruce_pressure_plate	173
minecraft:block	minecraft:spruce_sapling	20
minecraft:block	minecraft:spruce_sign	154
minecraft:block	minecraft:spruce_slab	445
minecraft:block	minecraft:spruce_stairs	266
minecraft:block	minecraft:spruce_trapdoor	216
minecraft:block	minecraft:spruce_wall_sign	164
minecraft:block	minecraft:spruce_wood	47
minecraft:block	minecraft:sticky_piston	92
minecraft:block	minecraft:stone	1
minecraft:block	minecraft:stone_brick_slab	457
minecraft:block	minecraft:stone_brick_stairs	244
minecraft:block	minecraft:stone_brick_wall	651
minecraft:block	minecraft:stone_bricks	221
minecraft:block	minecraft:stone_button	181
minecraft:block	minecraft:stone_pressure_plate	170
minecraft:block	minecraft:stone_slab	450
minecraft:block	minecraft:stone_stairs	625
minecraft:block	minecraft:stonecutter	668
minecraft:block	minecraft:stripped_acacia_log	43
minecraft:block	minecraft:stripped_acacia_wood	56
minecraft:block	minecraft:stripped_birch_log	41
minecraft:block	minecraft:stripped_birch_wood	54
minecraft:block	minecraft:stripped_dark_oak_log	44
minecraft:block	minecraft:stripped_dark_oak_wood	57
minecraft:block	minecraft:stripped_jungle_log	42
minecraft:block	minecraft:stripped_jungle_wood	55
minecraft:block	minecraft:stripped_oak_log	45
minecraft:block	minecraft:stripped_oak_wood	52
minecraft:block	minecraft:stripped_spruce_log	40
minecraft:block	minecraft:stripped_spruce_wood	53
minecraft:block	minecraft:structure_block	673
minecraft:block	minecraft:structure_void	499
minecraft:block	minecraft:sugar_cane	187
minecraft:block	minecraft:sunflower	402
minecraft:block	minecraft:sweet_berry_bush	672
minecraft:block	minecraft:tall_grass	406
minecraft:block	minecraft:tall_seagrass	98
minecraft:block	minecraft:terracotta	399
minecraft:block	minecraft:tnt	136
minecraft:block	minecraft:torch	140
minecraft:block	minecraft:trapped_chest	321
minecraft:block	minecraft:tripwire	264
minecraft:block	minecraft:tripwire_hook	263
minecraft:block	minecraft:tube_coral	585
minecraft:block	minecraft:tube_coral_block	575
minecraft:block	minecraft:tube_coral_fan	595
minecraft:block	minecraft:tube_coral_wall_fan	605
minecraft:block	minecraft:turtle_egg	569
minecraft:block	minecraft:vine	241
minecraft:block	minecraft:void_air	616
minecraft:block	minecraft:wall_torch	141
minecraft:block	minecraft:water	26
minecraft:block	minecraft:wet_sponge	65
minecraft:block	minecraft:wheat	150
minecraft:block	minecraft:white_banner	408
minecraft:block	minecraft:white_bed	74
minecraft:block	minecraft:white_carpet	383
minecraft:block	minecraft:white_concrete	534
minecraft:block	minecraft:white_concrete_powder	550
minecraft:block	minecraft:white_glazed_terracotta	518
minecraft:block	minecraft:white_shulker_box	502
minecraft:block	minecraft:white_stained_glass	199
minecraft:block	minecraft:white_stained_glass_pane	351
minecraft:block	minecraft:white_terracotta	335
minecraft:block	minecraft:white_tulip	125
minecraft:block	minecraft:white_wall_banner	424
minecraft:block	minecraft:white_wool	101
minecraft:block	minecraft:wither_rose	129
minecraft:block	minecraft:wither_skeleton_skull	308
minecraft:block	minecraft:wither_skeleton_wall_skull	309
minecraft:block	minecraft:yellow_banner	412
minecraft:block	minecraft:yellow_bed	78
minecraft:block	minecraft:yellow_carpet	387
minecraft:block	minecraft:yellow_concrete	538
minecraft:block	minecraft:yellow_concrete_powder	554
minecraft:block	minecraft:yellow_glazed_terracotta	522
minecraft:block	minecraft:yellow_shulker_box	506
minecraft:block	minecraft:yellow_stained_glass	203
minecraft:block	minecraft:yellow_stained_glass_pane	355
minecraft:block	minecraft:yellow_terracotta	339
minecraft:block	minecraft:yellow_wall_banner	428
minecraft:block	minecraft:yellow_wool	105
minecraft:block	minecraft:zombie_head	310
minecraft:block	minecraft:zombie_wall_head	311
minecraft:block_entity_type	minecraft:banner	18
minecraft:block_entity_type	minecraft:barrel	25
minecraft:block_entity_type	minecraft:beacon	13
minecraft:block_entity_type	minecraft:bed	23
minecraft:block_entity_type	minecraft:bell	29
minecraft:block_entity_type	minecraft:blast_furnace	27
minecraft:block_entity_type	minecraft:brewing_stand	10
minecraft:block_entity_type	minecraft:campfire	31
minecraft:block_entity_type	minecraft:chest	1
minecraft:block_entity_type	minecraft:command_block	21
minecraft:block_entity_type	minecraft:comparator	17
minecraft:block_entity_type	minecraft:conduit	24
minecraft:block_entity_type	minecraft:daylight_detector	15
minecraft:block_entity_type	minecraft:dispenser	5
minecraft:block_entity_type	minecraft:dropper	6
minecraft:block_entity_type	minecraft:enchanting_table	11
minecraft:block_entity_type	minecraft:end_gateway	20
minecraft:block_entity_type	minecraft:end_portal	12
minecraft:block_entity_type	minecraft:ender_chest	3
minecraft:block_entity_type	minecraft:furnace	0
minecraft:block_entity_type	minecraft:hopper	16
minecraft:block_entity_type	minecraft:jigsaw	30
minecraft:block_entity_type	minecraft:jukebox	4
minecraft:block_entity_type	minecraft:lectern	28
minecraft:block_entity_type	minecraft:mob_spawner	8
minecraft:block_entity_type	minecraft:piston	9
minecraft:block_entity_type	minecraft:shulker_box	22
minecraft:block_entity_type	minecraft:sign	7
minecraft:block_entity_type	minecraft:skull	14
minecraft:block_entity_type	minecraft:smoker	26
minecraft:block_entity_type	minecraft:structure_block	19
minecraft:block_entity_type	minecraft:trapped_chest	2
minecraft:carver	minecraft:canyon	2
minecraft:carver	minecraft:cave	0
minecraft:carver	minecraft:hell_cave	1
minecraft:carver	minecraft:underwater_canyon	3
minecraft:carver	minecraft:underwater_cave	4
minecraft:chunk_generator_type	minecraft:caves	1
minecraft:chunk_generator_type	minecraft:debug	3
minecraft:chunk_generator_type	minecraft:flat	4
minecraft:chunk_generator_type	minecraft:floating_islands	2
minecraft:chunk_generator_type	minecraft:surface	0
minecraft:chunk_status	minecraft:biomes	3
minecraft:chunk_status	minecraft:carvers	6
minecraft:chunk_status	minecraft:empty	0
minecraft:chunk_status	minecraft:features	8
minecraft:chunk_status	minecraft:full	12
minecraft:chunk_status	minecraft:heightmaps	11
minecraft:chunk_status	minecraft:light	9
minecraft:chunk_status	minecraft:liquid_carvers	7
minecraft:chunk_status	minecraft:noise	4
minecraft:chunk_status	minecraft:spawn	10
minecraft:chunk_status	minecraft:structure_references	2
minecraft:chunk_status	minecraft:structure_starts	1
minecraft:chunk_status	minecraft:surface	5
minecraft:custom_stat	minecraft:animals_bred	30
minecraft:custom_stat	minecraft:aviate_one_cm	17
minecraft:custom_stat	minecraft:bell_ring	66
minecraft:custom_stat	minecraft:boat_one_cm	14
minecraft:custom_stat	minecraft:clean_armor	38
minecraft:custom_stat	minecraft:clean_banner	39
minecraft:custom_stat	minecraft:clean_shulker_box	40
minecraft:custom_stat	minecraft:climb_one_cm	10
minecraft:custom_stat	minecraft:crouch_one_cm	6
minecraft:custom_stat	minecraft:damage_absorbed	26
minecraft:custom_stat	minecraft:damage_blocked_by_shield	25
minecraft:custom_stat	minecraft:damage_dealt	21
minecraft:custom_stat	minecraft:damage_dealt_absorbed	22
minecraft:custom_stat	minecraft:damage_dealt_resisted	23
minecraft:custom_stat	minecraft:damage_resisted	27
minecraft:custom_stat	minecraft:damage_taken	24
minecraft:custom_stat	minecraft:deaths	28
minecraft:custom_stat	minecraft:drop	20
minecraft:custom_stat	minecraft:eat_cake_slice	35
minecraft:custom_stat	minecraft:enchant_item	51
minecraft:custom_stat	minecraft:fall_one_cm	9
minecraft:custom_stat	minecraft:fill_cauldron	36
minecraft:custom_stat	minecraft:fish_caught	32
minecraft:custom_stat	minecraft:fly_one_cm	11
minecraft:custom_stat	minecraft:horse_one_cm	16
minecraft:custom_stat	minecraft:inspect_dispenser	45
minecraft:custom_stat	minecraft:inspect_dropper	43
minecraft:custom_stat	minecraft:inspect_hopper	44
minecraft:custom_stat	minecraft:interact_with_beacon	42
minecraft:custom_stat	minecraft:interact_with_blast_furnace	59
minecraft:custom_stat	minecraft:interact_with_brewingstand	41
minecraft:custom_stat	minecraft:interact_with_campfire	62
minecraft:custom_stat	minecraft:interact_with_cartography_table	63
minecraft:custom_stat	minecraft:interact_with_crafting_table	54
minecraft:custom_stat	minecraft:interact_with_furnace	53
minecraft:custom_stat	minecraft:interact_with_lectern	61
minecraft:custom_stat	minecraft:interact_with_loom	64
minecraft:custom_stat	minecraft:interact_with_smoker	60
minecraft:custom_stat	minecraft:interact_with_stonecutter	65
minecraft:custom_stat	minecraft:jump	19
minecraft:custom_stat	minecraft:leave_game	0
minecraft:custom_stat	minecraft:minecart_one_cm	13
minecraft:custom_stat	minecraft:mob_kills	29
minecraft:custom_stat	minecraft:open_barrel	58
minecraft:custom_stat	minecraft:open_chest	55
minecraft:custom_stat	minecraft:open_enderchest	50
minecraft:custom_stat	minecraft:open_shulker_box	57
minecraft:custom_stat	minecraft:pig_one_cm	15
minecraft:custom_stat	minecraft:play_noteblock	46
minecraft:custom_stat	minecraft:play_one_minute	1
minecraft:custom_stat	minecraft:play_record	52
minecraft:custom_stat	minecraft:player_kills	31
minecraft:custom_stat	minecraft:pot_flower	48
minecraft:custom_stat	minecraft:raid_trigger	67
minecraft:custom_stat	minecraft:raid_win	68
minecraft:custom_stat	minecraft:sleep_in_bed	56
minecraft:custom_stat	minecraft:sneak_time	4
minecraft:custom_stat	minecraft:sprint_one_cm	7
minecraft:custom_stat	minecraft:swim_one_cm	18
minecraft:custom_stat	minecraft:talked_to_villager	33
minecraft:custom_stat	minecraft:time_since_death	2
minecraft:custom_stat	minecraft:time_since_rest	3
minecraft:custom_stat	minecraft:traded_with_villager	34
minecraft:custom_stat	minecraft:trigger_trapped_chest	49
minecraft:custom_stat	minecraft:tune_noteblock	47
minecraft:custom_stat	minecraft:use_cauldron	37
minecraft:custom_stat	minecraft:walk_on_water_one_cm	8
minecraft:custom_stat	minecraft:walk_one_cm	5
minecraft:custom_stat	minecraft:walk_under_water_one_cm	12
minecraft:decorator	minecraft:carving_mask	24
minecraft:decorator	minecraft:chance_heightmap	8
minecraft:decorator	minecraft:chance_heightmap_double	9
minecraft:decorator	minecraft:chance_passthrough	10
minecraft:decorator	minecraft:chance_range	17
minecraft:decorator	minecraft:chance_top_solid_heightmap	11
minecraft:decorator	minecraft:chorus_plant	36
minecraft:decorator	minecraft:count_biased_range	14
minecraft:decorator	minecraft:count_chance_heightmap	18
minecraft:decorator	minecraft:count_chance_heightmap_double	19
minecraft:decorator	minecraft:count_depth_average	20
minecraft:decorator	minecraft:count_extra_heightmap	12
minecraft:decorator	minecraft:count_height_64	4
minecraft:decorator	minecraft:count_heightmap	0
minecraft:decorator	minecraft:count_heightmap_32	2
minecraft:decorator	minecraft:count_heightmap_double	3
minecraft:decorator	minecraft:count_range	13
minecraft:decorator	minecraft:count_top_solid	1
minecraft:decorator	minecraft:count_very_biased_range	15
minecraft:decorator	minecraft:dark_oak_tree	32
minecraft:decorator	minecraft:dungeons	31
minecraft:decorator	minecraft:emerald_ore	28
minecraft:decorator	minecraft:end_gateway	37
minecraft:decorator	minecraft:end_island	35
minecraft:decorator	minecraft:forest_rock	25
minecraft:decorator	minecraft:hell_fire	26
minecraft:decorator	minecraft:iceberg	33
minecraft:decorator	minecraft:lava_lake	29
minecraft:decorator	minecraft:light_gem_chance	34
minecraft:decorator	minecraft:magma	27
minecraft:decorator	minecraft:noise_heightmap_32	5
minecraft:decorator	minecraft:noise_heightmap_double	6
minecraft:decorator	minecraft:nope	7
minecraft:decorator	minecraft:random_count_range	16
minecraft:decorator	minecraft:top_solid_heightmap	21
minecraft:decorator	minecraft:top_solid_heightmap_noise_biased	23
minecraft:decorator	minecraft:top_solid_heightmap_range	22
minecraft:decorator	minecraft:water_lake	30
minecraft:dimension_type	minecraft:overworld	1
minecraft:dimension_type	minecraft:the_end	2
minecraft:dimension_type	minecraft:the_nether	0
minecraft:enchantment	minecraft:aqua_affinity	6
minecraft:enchantment	minecraft:bane_of_arthropods	13
minecraft:enchantment	minecraft:binding_curse	10
minecraft:enchantment	minecraft:blast_protection	3
minecraft:enchantment	minecraft:channeling	31
minecraft:enchantment	minecraft:depth_strider	8
minecraft:enchantment	minecraft:efficiency	18
minecraft:enchantment	minecraft:feather_falling	2
minecraft:enchantment	minecraft:fire_aspect	15
minecraft:enchantment	minecraft:fire_protection	1
minecraft:enchantment	minecraft:flame	24
minecraft:enchantment	minecraft:fortune	21
minecraft:enchantment	minecraft:frost_walker	9
minecraft:enchantment	minecraft:impaling	29
minecraft:enchantment	minecraft:infinity	25
minecraft:enchantment	minecraft:knockback	14
minecraft:enchantment	minecraft:looting	16
minecraft:enchantment	minecraft:loyalty	28
minecraft:enchantment	minecraft:luck_of_the_sea	26
minecraft:enchantment	minecraft:lure	27
minecraft:enchantment	minecraft:mending	35
minecraft:enchantment	minecraft:multishot	32
minecraft:enchantment	minecraft:piercing	34
minecraft:enchantment	minecraft:power	22
minecraft:enchantment	minecraft:projectile_protection	4
minecraft:enchantment	minecraft:protection	0
minecraft:enchantment	minecraft:punch	23
minecraft:enchantment	minecraft:quick_charge	33
minecraft:enchantment	minecraft:respiration	5
minecraft:enchantment	minecraft:riptide	30
minecraft:enchantment	minecraft:sharpness	11
minecraft:enchantment	minecraft:silk_touch	19
minecraft:enchantment	minecraft:smite	12
minecraft:enchantment	minecraft:sweeping	17
minecraft:enchantment	minecraft:thorns	7
minecraft:enchantment	minecraft:unbreaking	20
minecraft:enchantment	minecraft:vanishing_curse	36
minecraft:entity_type	minecraft:area_effect_cloud	0
minecraft:entity_type	minecraft:armor_stand	1
minecraft:entity_type	minecraft:arrow	2
minecraft:entity_type	minecraft:bat	3
minecraft:entity_type	minecraft:blaze	4
minecraft:entity_type	minecraft:boat	5
minecraft:entity_type	minecraft:cat	6
minecraft:entity_type	minecraft:cave_spider	7
minecraft:entity_type	minecraft:chest_minecart	42
minecraft:entity_type	minecraft:chicken	8
minecraft:entity_type	minecraft:cod	9
minecraft:entity_type	minecraft:command_block_minecart	43
minecraft:entity_type	minecraft:cow	10
minecraft:entity_type	minecraft:creeper	11
minecraft:entity_type	minecraft:dolphin	13
minecraft:entity_type	minecraft:donkey	12
minecraft:entity_type	minecraft:dragon_fireball	14
minecraft:entity_type	minecraft:drowned	15
minecraft:entity_type	minecraft:egg	78
minecraft:entity_type	minecraft:elder_guardian	16
minecraft:entity_type	minecraft:end_crystal	17
minecraft:entity_type	minecraft:ender_dragon	18
minecraft:entity_type	minecraft:ender_pearl	79
minecraft:entity_type	minecraft:enderman	19
minecraft:entity_type	minecraft:endermite	20
minecraft:entity_type	minecraft:evoker	22
minecraft:entity_type	minecraft:evoker_fangs	21
minecraft:entity_type	minecraft:experience_bottle	80
minecraft:entity_type	minecraft:experience_orb	23
minecraft:entity_type	minecraft:eye_of_ender	24
minecraft:entity_type	minecraft:falling_block	25
minecraft:entity_type	minecraft:fireball	36
minecraft:entity_type	minecraft:firework_rocket	26
minecraft:entity_type	minecraft:fishing_bobber	101
minecraft:entity_type	minecraft:fox	27
minecraft:entity_type	minecraft:furnace_minecart	44
minecraft:entity_type	minecraft:ghast	28
minecraft:entity_type	minecraft:giant	29
minecraft:entity_type	minecraft:guardian	30
minecraft:entity_type	minecraft:hopper_minecart	45
minecraft:entity_type	minecraft:horse	31
minecraft:entity_type	minecraft:husk	32
minecraft:entity_type	minecraft:illusioner	33
minecraft:entity_type	minecraft:iron_golem	85
minecraft:entity_type	minecraft:item	34
minecraft:entity_type	minecraft:item_frame	35
minecraft:entity_type	minecraft:leash_knot	37
minecraft:entity_type	minecraft:lightning_bolt	99
minecraft:entity_type	minecraft:llama	38
minecraft:entity_type	minecraft:llama_spit	39
minecraft:entity_type	minecraft:magma_cube	40
minecraft:entity_type	minecraft:minecart	41
minecraft:entity_type	minecraft:mooshroom	49
minecraft:entity_type	minecraft:mule	48
minecraft:entity_type	minecraft:ocelot	50
minecraft:entity_type	minecraft:painting	51
minecraft:entity_type	minecraft:panda	52
minecraft:entity_type	minecraft:parrot	53
minecraft:entity_type	minecraft:phantom	97
minecraft:entity_type	minecraft:pig	54
minecraft:entity_type	minecraft:pillager	87
minecraft:entity_type	minecraft:player	100
minecraft:entity_type	minecraft:polar_bear	57
minecraft:entity_type	minecraft:potion	81
minecraft:entity_type	minecraft:pufferfish	55
minecraft:entity_type	minecraft:rabbit	59
minecraft:entity_type	minecraft:ravager	98
minecraft:entity_type	minecraft:salmon	60
minecraft:entity_type	minecraft:sheep	61
minecraft:entity_type	minecraft:shulker	62
minecraft:entity_type	minecraft:shulker_bullet	63
minecraft:entity_type	minecraft:silverfish	64
minecraft:entity_type	minecraft:skeleton	65
minecraft:entity_type	minecraft:skeleton_horse	66
minecraft:entity_type	minecraft:slime	67
minecraft:entity_type	minecraft:small_fireball	68
minecraft:entity_type	minecraft:snow_golem	69
minecraft:entity_type	minecraft:snowball	70
minecraft:entity_type	minecraft:spawner_minecart	46
minecraft:entity_type	minecraft:spectral_arrow	71
minecraft:entity_type	minecraft:spider	72
minecraft:entity_type	minecraft:squid	73
minecraft:entity_type	minecraft:stray	74
minecraft:entity_type	minecraft:tnt	58
minecraft:entity_type	minecraft:tnt_minecart	47
minecraft:entity_type	minecraft:trader_llama	75
minecraft:entity_type	minecraft:trident	82
minecraft:entity_type	minecraft:tropical_fish	76
minecraft:entity_type	minecraft:turtle	77
minecraft:entity_type	minecraft:vex	83
minecraft:entity_type	minecraft:villager	84
minecraft:entity_type	minecraft:vindicator	86
minecraft:entity_type	minecraft:wandering_trader	88
minecraft:entity_type	minecraft:witch	89
minecraft:entity_type	minecraft:wither	90
minecraft:entity_type	minecraft:wither_skeleton	91
minecraft:entity_type	minecraft:wither_skull	92
minecraft:entity_type	minecraft:wolf	93
minecraft:entity_type	minecraft:zombie	94
minecraft:entity_type	minecraft:zombie_horse	95
minecraft:entity_type	minecraft:zombie_pigman	56
minecraft:entity_type	minecraft:zombie_villager	96
minecraft:feature	minecraft:bamboo	86
minecraft:feature	minecraft:birch_tree	16
minecraft:feature	minecraft:blue_ice	54
minecraft:feature	minecraft:bonus_chest	91
minecraft:feature	minecraft:buried_treasure	13
minecraft:feature	minecraft:bush	62
minecraft:feature	minecraft:cactus	38
minecraft:feature	minecraft:chorus_plant	77
minecraft:feature	minecraft:coral_claw	83
minecraft:feature	minecraft:coral_mushroom	82
minecraft:feature	minecraft:coral_tree	81
minecraft:feature	minecraft:dark_oak_tree	21
minecraft:feature	minecraft:dead_bush	39
minecraft:feature	minecraft:decorated	87
minecraft:feature	minecraft:decorated_flower	88
minecraft:feature	minecraft:default_flower	29
minecraft:feature	minecraft:desert_pyramid	4
minecraft:feature	minecraft:desert_well	40
minecraft:feature	minecraft:disk	63
minecraft:feature	minecraft:double_plant	64
minecraft:feature	minecraft:emerald_ore	73
minecraft:feature	minecraft:end_city	12
minecraft:feature	minecraft:end_gateway	78
minecraft:feature	minecraft:end_island	76
minecraft:feature	minecraft:end_spike	75
minecraft:feature	minecraft:fancy_tree	15
minecraft:feature	minecraft:fill_layer	90
minecraft:feature	minecraft:forest_flower	30
minecraft:feature	minecraft:forest_rock	56
minecraft:feature	minecraft:fossil	41
minecraft:feature	minecraft:freeze_top_layer	50
minecraft:feature	minecraft:general_forest_flower	33
minecraft:feature	minecraft:glowstone_blob	46
minecraft:feature	minecraft:grass	36
minecraft:feature	minecraft:hay_pile	57
minecraft:feature	minecraft:hell_fire	42
minecraft:feature	minecraft:huge_brown_mushroom	44
minecraft:feature	minecraft:huge_red_mushroom	43
minecraft:feature	minecraft:ice_patch	66
minecraft:feature	minecraft:ice_pile	59
minecraft:feature	minecraft:ice_spike	45
minecraft:feature	minecraft:iceberg	55
minecraft:feature	minecraft:igloo	5
minecraft:feature	minecraft:jungle_grass	34
minecraft:feature	minecraft:jungle_ground_bush	18
minecraft:feature	minecraft:jungle_temple	3
minecraft:feature	minecraft:jungle_tree	19
minecraft:feature	minecraft:kelp	80
minecraft:feature	minecraft:lake	67
minecraft:feature	minecraft:mega_jungle_tree	26
minecraft:feature	minecraft:mega_pine_tree	27
minecraft:feature	minecraft:mega_spruce_tree	28
minecraft:feature	minecraft:melon	47
minecraft:feature	minecraft:melon_pile	60
minecraft:feature	minecraft:mineshaft	1
minecraft:feature	minecraft:monster_room	53
minecraft:feature	minecraft:nether_bridge	11
minecraft:feature	minecraft:nether_spring	65
minecraft:feature	minecraft:normal_tree	25
minecraft:feature	minecraft:ocean_monument	9
minecraft:feature	minecraft:ocean_ruin	10
minecraft:feature	minecraft:ore	68
minecraft:feature	minecraft:pillager_outpost	0
minecraft:feature	minecraft:pine_tree	20
minecraft:feature	minecraft:plain_flower	31
minecraft:feature	minecraft:pumpkin	48
minecraft:feature	minecraft:pumpkin_pile	61
minecraft:feature	minecraft:random_boolean_selector	72
minecraft:feature	minecraft:random_random_selector	69
minecraft:feature	minecraft:random_selector	70
minecraft:feature	minecraft:reed	49
minecraft:feature	minecraft:savanna_tree	22
minecraft:feature	minecraft:sea_pickle	84
minecraft:feature	minecraft:seagrass	79
minecraft:feature	minecraft:shipwreck	6
minecraft:feature	minecraft:simple_block	85
minecraft:feature	minecraft:simple_random_selector	71
minecraft:feature	minecraft:snow_pile	58
minecraft:feature	minecraft:spring_feature	74
minecraft:feature	minecraft:spruce_tree	23
minecraft:feature	minecraft:stronghold	8
minecraft:feature	minecraft:super_birch_tree	17
minecraft:feature	minecraft:swamp_flower	32
minecraft:feature	minecraft:swamp_hut	7
minecraft:feature	minecraft:swamp_tree	24
minecraft:feature	minecraft:sweet_berry_bush	89
minecraft:feature	minecraft:taiga_grass	35
minecraft:feature	minecraft:village	14
minecraft:feature	minecraft:vines	51
minecraft:feature	minecraft:void_start_platform	37
minecraft:feature	minecraft:waterlily	52
minecraft:feature	minecraft:woodland_mansion	2
minecraft:fluid	minecraft:empty	0
minecraft:fluid	minecraft:flowing_lava	3
minecraft:fluid	minecraft:flowing_water	1
minecraft:fluid	minecraft:lava	4
minecraft:fluid	minecraft:water	2
minecraft:item	minecraft:acacia_boat	833
minecraft:item	minecraft:acacia_button	263
minecraft:item	minecraft:acacia_door	511
minecraft:item	minecraft:acacia_fence	185
minecraft:item	minecraft:acacia_fence_gate	220
minecraft:item	minecraft:acacia_leaves	60
minecraft:item	minecraft:acacia_log	36
minecraft:item	minecraft:acacia_planks	17
minecraft:item	minecraft:acacia_pressure_plate	170
minecraft:item	minecraft:acacia_sapling	23
minecraft:item	minecraft:acacia_sign	593
minecraft:item	minecraft:acacia_slab	119
minecraft:item	minecraft:acacia_stairs	319
minecraft:item	minecraft:acacia_trapdoor	197
minecraft:item	minecraft:acacia_wood	54
minecraft:item	minecraft:activator_rail	279
minecraft:item	minecraft:air	0
minecraft:item	minecraft:allium	101
minecraft:item	minecraft:andesite	6
minecraft:item	minecraft:andesite_slab	501
minecraft:item	minecraft:andesite_stairs	488
minecraft:item	minecraft:andesite_wall	254
minecraft:item	minecraft:anvil	265
minecraft:item	minecraft:apple	524
minecraft:item	minecraft:armor_stand	791
minecraft:item	minecraft:arrow	526
minecraft:item	minecraft:azure_bluet	102
minecraft:item	minecraft:baked_potato	764
minecraft:item	minecraft:bamboo	614
minecraft:item	minecraft:barrel	864
minecraft:item	minecraft:barrier	297
minecraft:item	minecraft:bat_spawn_egg	697
minecraft:item	minecraft:beacon	244
minecraft:item	minecraft:bedrock	25
minecraft:item	minecraft:beef	677
minecraft:item	minecraft:beetroot	820
minecraft:item	minecraft:beetroot_seeds	821
minecraft:item	minecraft:beetroot_soup	822
minecraft:item	minecraft:bell	873
minecraft:item	minecraft:birch_boat	831
minecraft:item	minecraft:birch_button	261
minecraft:item	minecraft:birch_door	509
minecraft:item	minecraft:birch_fence	183
minecraft:item	minecraft:birch_fence_gate	218
minecraft:item	minecraft:birch_leaves	58
minecraft:item	minecraft:birch_log	34
minecraft:item	minecraft:birch_planks	15
minecraft:item	minecraft:birch_pressure_plate	168
minecraft:item	minecraft:birch_sapling	21
minecraft:item	minecraft:birch_sign	591
minecraft:item	minecraft:birch_slab	117
minecraft:item	minecraft:birch_stairs	241
minecraft:item	minecraft:birch_trapdoor	195
minecraft:item	minecraft:birch_wood	52
minecraft:item	minecraft:black_banner	816
minecraft:item	minecraft:black_bed	669
minecraft:item	minecraft:black_carpet	315
minecraft:item	minecraft:black_concrete	428
minecraft:item	minecraft:black_concrete_powder	444
minecraft:item	minecraft:black_dye	649
minecraft:item	minecraft:black_glazed_terracotta	412
minecraft:item	minecraft:black_shulker_box	396
minecraft:item	minecraft:black_stained_glass	344
minecraft:item	minecraft:black_stained_glass_pane	360
minecraft:item	minecraft:black_terracotta	296
minecraft:item	minecraft:black_wool	97
minecraft:item	minecraft:blast_furnace	866
minecraft:item	minecraft:blaze_powder	691
minecraft:item	minecraft:blaze_rod	683
minecraft:item	minecraft:blaze_spawn_egg	698
minecraft:item	minecraft:blue_banner	812
minecraft:item	minecraft:blue_bed	665
minecraft:item	minecraft:blue_carpet	311
minecraft:item	minecraft:blue_concrete	424
minecraft:item	minecraft:blue_concrete_powder	440
minecraft:item	minecraft:blue_dye	647
minecraft:item	minecraft:blue_glazed_terracotta	408
minecraft:item	minecraft:blue_ice	476
minecraft:item	minecraft:blue_orchid	100
minecraft:item	minecraft:blue_shulker_box	392
minecraft:item	minecraft:blue_stained_glass	340
minecraft:item	minecraft:blue_stained_glass_pane	356
minecraft:item	minecraft:blue_terracotta	292
minecraft:item	minecraft:blue_wool	93
minecraft:item	minecraft:bone	651
minecraft:item	minecraft:bone_block	377
minecraft:item	minecraft:bone_meal	646
minecraft:item	minecraft:book	616
minecraft:item	minecraft:bookshelf	143
minecraft:item	minecraft:bow	525
minecraft:item	minecraft:bowl	546
minecraft:item	minecraft:brain_coral	457
minecraft:item	minecraft:brain_coral_block	452
minecraft:item	minecraft:brain_coral_fan	467
minecraft:item	minecraft:bread	562
minecraft:item	minecraft:brewing_stand	693
minecraft:item	minecraft:brick	609
minecraft:item	minecraft:brick_slab	127
minecraft:item	minecraft:brick_stairs	222
minecraft:item	minecraft:brick_wall	247
minecraft:item	minecraft:bricks	141
minecraft:item	minecraft:brown_banner	813
minecraft:item	minecraft:brown_bed	666
minecraft:item	minecraft:brown_carpet	312
minecraft:item	minecraft:brown_concrete	425
minecraft:item	minecraft:brown_concrete_powder	441
minecraft:item	minecraft:brown_dye	648
minecraft:item	minecraft:brown_glazed_terracotta	409
minecraft:item	minecraft:brown_mushroom	111
minecraft:item	minecraft:brown_mushroom_block	209
minecraft:item	minecraft:brown_shulker_box	393
minecraft:item	minecraft:brown_stained_glass	341
minecraft:item	minecraft:brown_stained_glass_pane	357
minecraft:item	minecraft:brown_terracotta	293
minecraft:item	minecraft:brown_wool	94
minecraft:item	minecraft:bubble_coral	458
minecraft:item	minecraft:bubble_coral_block	453
minecraft:item	minecraft:bubble_coral_fan	468
minecraft:item	minecraft:bucket	595
minecraft:item	minecraft:cactus	178
minecraft:item	minecraft:cake	653
minecraft:item	minecraft:campfire	876
minecraft:item	minecraft:carrot	762
minecraft:item	minecraft:carrot_on_a_stick	774
minecraft:item	minecraft:cartography_table	867
minecraft:item	minecraft:carved_pumpkin	188
minecraft:item	minecraft:cat_spawn_egg	699
minecraft:item	minecraft:cauldron	694
minecraft:item	minecraft:cave_spider_spawn_egg	700
minecraft:item	minecraft:chain_command_block	373
minecraft:item	minecraft:chainmail_boots	570
minecraft:item	minecraft:chainmail_chestplate	568
minecraft:item	minecraft:chainmail_helmet	567
minecraft:item	minecraft:chainmail_leggings	569
minecraft:item	minecraft:charcoal	528
minecraft:item	minecraft:chest	155
minecraft:item	minecraft:chest_minecart	618
minecraft:item	minecraft:chicken	679
minecraft:item	minecraft:chicken_spawn_egg	701
minecraft:item	minecraft:chipped_anvil	266
minecraft:item	minecraft:chiseled_quartz_block	275
minecraft:item	minecraft:chiseled_red_sandstone	369
minecraft:item	minecraft:chiseled_sandstone	69
minecraft:item	minecraft:chiseled_stone_bricks	208
minecraft:item	minecraft:chorus_flower	149
minecraft:item	minecraft:chorus_fruit	818
minecraft:item	minecraft:chorus_plant	148
minecraft:item	minecraft:clay	179
minecraft:item	minecraft:clay_ball	610
minecraft:item	minecraft:clock	623
minecraft:item	minecraft:coal	527
minecraft:item	minecraft:coal_block	317
minecraft:item	minecraft:coal_ore	31
minecraft:item	minecraft:coarse_dirt	10
minecraft:item	minecraft:cobblestone	12
minecraft:item	minecraft:cobblestone_slab	126
minecraft:item	minecraft:cobblestone_stairs	163
minecraft:item	minecraft:cobblestone_wall	245
minecraft:item	minecraft:cobweb	75
minecraft:item	minecraft:cocoa_beans	634
minecraft:item	minecraft:cod	625
minecraft:item	minecraft:cod_bucket	607
minecraft:item	minecraft:cod_spawn_egg	702
minecraft:item	minecraft:command_block	243
minecraft:item	minecraft:command_block_minecart	798
minecraft:item	minecraft:comparator	514
minecraft:item	minecraft:compass	621
minecraft:item	minecraft:composter	517
minecraft:item	minecraft:conduit	477
minecraft:item	minecraft:cooked_beef	678
minecraft:item	minecraft:cooked_chicken	680
minecraft:item	minecraft:cooked_cod	629
minecraft:item	minecraft:cooked_mutton	800
minecraft:item	minecraft:cooked_porkchop	585
minecraft:item	minecraft:cooked_rabbit	787
minecraft:item	minecraft:cooked_salmon	630
minecraft:item	minecraft:cookie	670
minecraft:item	minecraft:cornflower	108
minecraft:item	minecraft:cow_spawn_egg	703
minecraft:item	minecraft:cracked_stone_bricks	207
minecraft:item	minecraft:crafting_table	158
minecraft:item	minecraft:creeper_banner_pattern	860
minecraft:item	minecraft:creeper_head	772
minecraft:item	minecraft:creeper_spawn_egg	704
minecraft:item	minecraft:crossbow	856
minecraft:item	minecraft:cut_red_sandstone	370
minecraft:item	minecraft:cut_red_sandstone_slab	132
minecraft:item	minecraft:cut_sandstone	70
minecraft:item	minecraft:cut_sandstone_slab	124
minecraft:item	minecraft:cyan_banner	810
minecraft:item	minecraft:cyan_bed	663
minecraft:item	minecraft:cyan_carpet	309
minecraft:item	minecraft:cyan_concrete	422
minecraft:item	minecraft:cyan_concrete_powder	438
minecraft:item	minecraft:cyan_dye	637
minecraft:item	minecraft:cyan_glazed_terracotta	406
minecraft:item	minecraft:cyan_shulker_box	390
minecraft:item	minecraft:cyan_stained_glass	338
minecraft:item	minecraft:cyan_stained_glass_pane	354
minecraft:item	minecraft:cyan_terracotta	290
minecraft:item	minecraft:cyan_wool	91
minecraft:item	minecraft:damaged_anvil	267
minecraft:item	minecraft:dandelion	98
minecraft:item	minecraft:dark_oak_boat	834
minecraft:item	minecraft:dark_oak_button	264
minecraft:item	minecraft:dark_oak_door	512
minecraft:item	minecraft:dark_oak_fence	186
minecraft:item	minecraft:dark_oak_fence_gate	221
minecraft:item	minecraft:dark_oak_leaves	61
minecraft:item	minecraft:dark_oak_log	37
minecraft:item	minecraft:dark_oak_planks	18
minecraft:item	minecraft:dark_oak_pressure_plate	171
minecraft:item	minecraft:dark_oak_sapling	24
minecraft:item	minecraft:dark_oak_sign	594
minecraft:item	minecraft:dark_oak_slab	120
minecraft:item	minecraft:dark_oak_stairs	320
minecraft:item	minecraft:dark_oak_trapdoor	198
minecraft:item	minecraft:dark_oak_wood	55
minecraft:item	minecraft:dark_prismarine	363
minecraft:item	minecraft:dark_prismarine_slab	136
minecraft:item	minecraft:dark_prismarine_stairs	366
minecraft:item	minecraft:daylight_detector	271
minecraft:item	minecraft:dead_brain_coral	461
minecraft:item	minecraft:dead_brain_coral_block	447
minecraft:item	minecraft:dead_brain_coral_fan	472
minecraft:item	minecraft:dead_bubble_coral	462
minecraft:item	minecraft:dead_bubble_coral_block	448
minecraft:item	minecraft:dead_bubble_coral_fan	473
minecraft:item	minecraft:dead_bush	78
minecraft:item	minecraft:dead_fire_coral	463
minecraft:item	minecraft:dead_fire_coral_block	449
minecraft:item	minecraft:dead_fire_coral_fan	474
minecraft:item	minecraft:dead_horn_coral	464
minecraft:item	minecraft:dead_horn_coral_block	450
minecraft:item	minecraft:dead_horn_coral_fan	475
minecraft:item	minecraft:dead_tube_coral	465
minecraft:item	minecraft:dead_tube_coral_block	446
minecraft:item	minecraft:dead_tube_coral_fan	471
minecraft:item	minecraft:debug_stick	839
minecraft:item	minecraft:detector_rail	73
minecraft:item	minecraft:diamond	529
minecraft:item	minecraft:diamond_axe	544
minecraft:item	minecraft:diamond_block	157
minecraft:item	minecraft:diamond_boots	578
minecraft:item	minecraft:diamond_chestplate	576
minecraft:item	minecraft:diamond_helmet	575
minecraft:item	minecraft:diamond_hoe	558
minecraft:item	minecraft:diamond_horse_armor	794
minecraft:item	minecraft:diamond_leggings	577
minecraft:item	minecraft:diamond_ore	156
minecraft:item	minecraft:diamond_pickaxe	543
minecraft:item	minecraft:diamond_shovel	542
minecraft:item	minecraft:diamond_sword	541
minecraft:item	minecraft:diorite	4
minecraft:item	minecraft:diorite_slab	504
minecraft:item	minecraft:diorite_stairs	491
minecraft:item	minecraft:diorite_wall	258
minecraft:item	minecraft:dirt	9
minecraft:item	minecraft:dispenser	67
minecraft:item	minecraft:dolphin_spawn_egg	705
minecraft:item	minecraft:donkey_spawn_egg	706
minecraft:item	minecraft:dragon_breath	823
minecraft:item	minecraft:dragon_egg	233
minecraft:item	minecraft:dragon_head	773
minecraft:item	minecraft:dried_kelp	674
minecraft:item	minecraft:dried_kelp_block	613
minecraft:item	minecraft:dropper	280
minecraft:item	minecraft:drowned_spawn_egg	707
minecraft:item	minecraft:egg	620
minecraft:item	minecraft:elder_guardian_spawn_egg	708
minecraft:item	minecraft:elytra	829
minecraft:item	minecraft:emerald	759
minecraft:item	minecraft:emerald_block	239
minecraft:item	minecraft:emerald_ore	236
minecraft:item	minecraft:enchanted_book	779
minecraft:item	minecraft:enchanted_golden_apple	588
minecraft:item	minecraft:enchanting_table	229
minecraft:item	minecraft:end_crystal	817
minecraft:item	minecraft:end_portal_frame	230
minecraft:item	minecraft:end_rod	147
minecraft:item	minecraft:end_stone	231
minecraft:item	minecraft:end_stone_brick_slab	497
minecraft:item	minecraft:end_stone_brick_stairs	483
minecraft:item	minecraft:end_stone_brick_wall	257
minecraft:item	minecraft:end_stone_bricks	232
minecraft:item	minecraft:ender_chest	237
minecraft:item	minecraft:ender_eye	695
minecraft:item	minecraft:ender_pearl	682
minecraft:item	minecraft:enderman_spawn_egg	709
minecraft:item	minecraft:endermite_spawn_egg	710
minecraft:item	minecraft:evoker_spawn_egg	711
minecraft:item	minecraft:experience_bottle	755
minecraft:item	minecraft:farmland	159
minecraft:item	minecraft:feather	553
minecraft:item	minecraft:fermented_spider_eye	690
minecraft:item	minecraft:fern	77
minecraft:item	minecraft:filled_map	671
minecraft:item	minecraft:fire_charge	756
minecraft:item	minecraft:fire_coral	459
minecraft:item	minecraft:fire_coral_block	454
minecraft:item	minecraft:fire_coral_fan	469
minecraft:item	minecraft:firework_rocket	777
minecraft:item	minecraft:firework_star	778
minecraft:item	minecraft:fishing_rod	622
minecraft:item	minecraft:fletching_table	868
minecraft:item	minecraft:flint	583
minecraft:item	minecraft:flint_and_steel	523
minecraft:item	minecraft:flower_banner_pattern	859
minecraft:item	minecraft:flower_pot	761
minecraft:item	minecraft:fox_spawn_egg	712
minecraft:item	minecraft:furnace	160
minecraft:item	minecraft:furnace_minecart	619
minecraft:item	minecraft:ghast_spawn_egg	713
minecraft:item	minecraft:ghast_tear	684
minecraft:item	minecraft:glass	64
minecraft:item	minecraft:glass_bottle	688
minecraft:item	minecraft:glass_pane	213
minecraft:item	minecraft:glistering_melon_slice	696
minecraft:item	minecraft:globe_banner_pattern	863
minecraft:item	minecraft:glowstone	191
minecraft:item	minecraft:glowstone_dust	624
minecraft:item	minecraft:gold_block	113
minecraft:item	minecraft:gold_ingot	531
minecraft:item	minecraft:gold_nugget	685
minecraft:item	minecraft:gold_ore	29
minecraft:item	minecraft:golden_apple	587
minecraft:item	minecraft:golden_axe	551
minecraft:item	minecraft:golden_boots	582
minecraft:item	minecraft:golden_carrot	767
minecraft:item	minecraft:golden_chestplate	580
minecraft:item	minecraft:golden_helmet	579
minecraft:item	minecraft:golden_hoe	559
minecraft:item	minecraft:golden_horse_armor	793
minecraft:item	minecraft:golden_leggings	581
minecraft:item	minecraft:golden_pickaxe	550
minecraft:item	minecraft:golden_shovel	549
minecraft:item	minecraft:golden_sword	548
minecraft:item	minecraft:granite	2
minecraft:item	minecraft:granite_slab	500
minecraft:item	minecraft:granite_stairs	487
minecraft:item	minecraft:granite_wall	251
minecraft:item	minecraft:grass	76
minecraft:item	minecraft:grass_block	8
minecraft:item	minecraft:grass_path	322
minecraft:item	minecraft:gravel	28
minecraft:item	minecraft:gray_banner	808
minecraft:item	minecraft:gray_bed	661
minecraft:item	minecraft:gray_carpet	307
minecraft:item	minecraft:gray_concrete	420
minecraft:item	minecraft:gray_concrete_powder	436
minecraft:item	minecraft:gray_dye	639
minecraft:item	minecraft:gray_glazed_terracotta	404
minecraft:item	minecraft:gray_shulker_box	388
minecraft:item	minecraft:gray_stained_glass	336
minecraft:item	minecraft:gray_stained_glass_pane	352
minecraft:item	minecraft:gray_terracotta	288
minecraft:item	minecraft:gray_wool	89
minecraft:item	minecraft:green_banner	814
minecraft:item	minecraft:green_bed	667
minecraft:item	minecraft:green_carpet	313
minecraft:item	minecraft:green_concrete	426
minecraft:item	minecraft:green_concrete_powder	442
minecraft:item	minecraft:green_dye	633
minecraft:item	minecraft:green_glazed_terracotta	410
minecraft:item	minecraft:green_shulker_box	394
minecraft:item	minecraft:green_stained_glass	342
minecraft:item	minecraft:green_stained_glass_pane	358
minecraft:item	minecraft:green_terracotta	294
minecraft:item	minecraft:green_wool	95
minecraft:item	minecraft:grindstone	869
minecraft:item	minecraft:guardian_spawn_egg	714
minecraft:item	minecraft:gunpowder	554
minecraft:item	minecraft:hay_block	299
minecraft:item	minecraft:heart_of_the_sea	855
minecraft:item	minecraft:heavy_weighted_pressure_plate	270
minecraft:item	minecraft:hopper	274
minecraft:item	minecraft:hopper_minecart	783
minecraft:item	minecraft:horn_coral	460
minecraft:item	minecraft:horn_coral_block	455
minecraft:item	minecraft:horn_coral_fan	470
minecraft:item	minecraft:horse_spawn_egg	715
minecraft:item	minecraft:husk_spawn_egg	716
minecraft:item	minecraft:ice	176
minecraft:item	minecraft:infested_chiseled_stone_bricks	204
minecraft:item	minecraft:infested_cobblestone	200
minecraft:item	minecraft:infested_cracked_stone_bricks	203
minecraft:item	minecraft:infested_mossy_stone_bricks	202
minecraft:item	minecraft:infested_stone	199
minecraft:item	minecraft:infested_stone_bricks	201
minecraft:item	minecraft:ink_sac	631
minecraft:item	minecraft:iron_axe	522
minecraft:item	minecraft:iron_bars	212
minecraft:item	minecraft:iron_block	114
minecraft:item	minecraft:iron_boots	574
minecraft:item	minecraft:iron_chestplate	572
minecraft:item	minecraft:iron_door	506
minecraft:item	minecraft:iron_helmet	571
minecraft:item	minecraft:iron_hoe	557
minecraft:item	minecraft:iron_horse_armor	792
minecraft:item	minecraft:iron_ingot	530
minecraft:item	minecraft:iron_leggings	573
minecraft:item	minecraft:iron_nugget	837
minecraft:item	minecraft:iron_ore	30
minecraft:item	minecraft:iron_pickaxe	521
minecraft:item	minecraft:iron_shovel	520
minecraft:item	minecraft:iron_sword	532
minecraft:item	minecraft:iron_trapdoor	298
minecraft:item	minecraft:item_frame	760
minecraft:item	minecraft:jack_o_lantern	192
minecraft:item	minecraft:jigsaw	516
minecraft:item	minecraft:jukebox	180
minecraft:item	minecraft:jungle_boat	832
minecraft:item	minecraft:jungle_button	262
minecraft:item	minecraft:jungle_door	510
minecraft:item	minecraft:jungle_fence	184
minecraft:item	minecraft:jungle_fence_gate	219
minecraft:item	minecraft:jungle_leaves	59
minecraft:item	minecraft:jungle_log	35
minecraft:item	minecraft:jungle_planks	16
minecraft:item	minecraft:jungle_pressure_plate	169
minecraft:item	minecraft:jungle_sapling	22
minecraft:item	minecraft:jungle_sign	592
minecraft:item	minecraft:jungle_slab	118
minecraft:item	minecraft:jungle_stairs	242
minecraft:item	minecraft:jungle_trapdoor	196
minecraft:item	minecraft:jungle_wood	53
minecraft:item	minecraft:kelp	612
minecraft:item	minecraft:knowledge_book	838
minecraft:item	minecraft:ladder	161
minecraft:item	minecraft:lantern	874
minecraft:item	minecraft:lapis_block	66
minecraft:item	minecraft:lapis_lazuli	635
minecraft:item	minecraft:lapis_ore	65
minecraft:item	minecraft:large_fern	328
minecraft:item	minecraft:lava_bucket	597
minecraft:item	minecraft:lead	796
minecraft:item	minecraft:leather	603
minecraft:item	minecraft:leather_boots	566
minecraft:item	minecraft:leather_chestplate	564
minecraft:item	minecraft:leather_helmet	563
minecraft:item	minecraft:leather_horse_armor	795
minecraft:item	minecraft:leather_leggings	565
minecraft:item	minecraft:lectern	870
minecraft:item	minecraft:lever	164
minecraft:item	minecraft:light_blue_banner	804
minecraft:item	minecraft:light_blue_bed	657
minecraft:item	minecraft:light_blue_carpet	303
minecraft:item	minecraft:light_blue_concrete	416
minecraft:item	minecraft:light_blue_concrete_powder	432
minecraft:item	minecraft:light_blue_dye	643
minecraft:item	minecraft:light_blue_glazed_terracotta	400
minecraft:item	minecraft:light_blue_shulker_box	384
minecraft:item	minecraft:light_blue_stained_glass	332
minecraft:item	minecraft:light_blue_stained_glass_pane	348
minecraft:item	minecraft:light_blue_terracotta	284
minecraft:item	minecraft:light_blue_wool	85
minecraft:item	minecraft:light_gray_banner	809
minecraft:item	minecraft:light_gray_bed	662
minecraft:item	minecraft:light_gray_carpet	308
minecraft:item	minecraft:light_gray_concrete	421
minecraft:item	minecraft:light_gray_concrete_powder	437
minecraft:item	minecraft:light_gray_dye	638
minecraft:item	minecraft:light_gray_glazed_terracotta	405
minecraft:item	minecraft:light_gray_shulker_box	389
minecraft:item	minecraft:light_gray_stained_glass	337
minecraft:item	minecraft:light_gray_stained_glass_pane	353
minecraft:item	minecraft:light_gray_terracotta	289
minecraft:item	minecraft:light_gray_wool	90
minecraft:item	minecraft:light_weighted_pressure_plate	269
minecraft:item	minecraft:lilac	324
minecraft:item	minecraft:lily_of_the_valley	109
minecraft:item	minecraft:lily_pad	225
minecraft:item	minecraft:lime_banner	806
minecraft:item	minecraft:lime_bed	659
minecraft:item	minecraft:lime_carpet	305
minecraft:item	minecraft:lime_concrete	418
minecraft:item	minecraft:lime_concrete_powder	434
minecraft:item	minecraft:lime_dye	641
minecraft:item	minecraft:lime_glazed_terracotta	402
minecraft:item	minecraft:lime_shulker_box	386
minecraft:item	minecraft:lime_stained_glass	334
minecraft:item	minecraft:lime_stained_glass_pane	350
minecraft:item	minecraft:lime_terracotta	286
minecraft:item	minecraft:lime_wool	87
minecraft:item	minecraft:lingering_potion	827
minecraft:item	minecraft:llama_spawn_egg	717
minecraft:item	minecraft:loom	858
minecraft:item	minecraft:magenta_banner	803
minecraft:item	minecraft:magenta_bed	656
minecraft:item	minecraft:magenta_carpet	302
minecraft:item	minecraft:magenta_concrete	415
minecraft:item	minecraft:magenta_concrete_powder	431
minecraft:item	minecraft:magenta_dye	644
minecraft:item	minecraft:magenta_glazed_terracotta	399
minecraft:item	minecraft:magenta_shulker_box	383
minecraft:item	minecraft:magenta_stained_glass	331
minecraft:item	minecraft:magenta_stained_glass_pane	347
minecraft:item	minecraft:magenta_terracotta	283
minecraft:item	minecraft:magenta_wool	84
minecraft:item	minecraft:magma_block	374
minecraft:item	minecraft:magma_cream	692
minecraft:item	minecraft:magma_cube_spawn_egg	718
minecraft:item	minecraft:map	766
minecraft:item	minecraft:melon	214
minecraft:item	minecraft:melon_seeds	676
minecraft:item	minecraft:melon_slice	673
minecraft:item	minecraft:milk_bucket	604
minecraft:item	minecraft:minecart	598
minecraft:item	minecraft:mojang_banner_pattern	862
minecraft:item	minecraft:mooshroom_spawn_egg	719
minecraft:item	minecraft:mossy_cobblestone	144
minecraft:item	minecraft:mossy_cobblestone_slab	496
minecraft:item	minecraft:mossy_cobblestone_stairs	482
minecraft:item	minecraft:mossy_cobblestone_wall	246
minecraft:item	minecraft:mossy_stone_brick_slab	494
minecraft:item	minecraft:mossy_stone_brick_stairs	480
minecraft:item	minecraft:mossy_stone_brick_wall	250
minecraft:item	minecraft:mossy_stone_bricks	206
minecraft:item	minecraft:mule_spawn_egg	720
minecraft:item	minecraft:mushroom_stem	211
minecraft:item	minecraft:mushroom_stew	547
minecraft:item	minecraft:music_disc_11	850
minecraft:item	minecraft:music_disc_13	840
minecraft:item	minecraft:music_disc_blocks	842
minecraft:item	minecraft:music_disc_cat	841
minecraft:item	minecraft:music_disc_chirp	843
minecraft:item	minecraft:music_disc_far	844
minecraft:item	minecraft:music_disc_mall	845
minecraft:item	minecraft:music_disc_mellohi	846
minecraft:item	minecraft:music_disc_stal	847
minecraft:item	minecraft:music_disc_strad	848
minecraft:item	minecraft:music_disc_wait	851
minecraft:item	minecraft:music_disc_ward	849
minecraft:item	minecraft:mutton	799
minecraft:item	minecraft:mycelium	224
minecraft:item	minecraft:name_tag	797
minecraft:item	minecraft:nautilus_shell	854
minecraft:item	minecraft:nether_brick	780
minecraft:item	minecraft:nether_brick_fence	227
minecraft:item	minecraft:nether_brick_slab	129
minecraft:item	minecraft:nether_brick_stairs	228
minecraft:item	minecraft:nether_brick_wall	253
minecraft:item	minecraft:nether_bricks	226
minecraft:item	minecraft:nether_quartz_ore	273
minecraft:item	minecraft:nether_star	775
minecraft:item	minecraft:nether_wart	686
minecraft:item	minecraft:nether_wart_block	375
minecraft:item	minecraft:netherrack	189
minecraft:item	minecraft:note_block	71
minecraft:item	minecraft:oak_boat	602
minecraft:item	minecraft:oak_button	259
minecraft:item	minecraft:oak_door	507
minecraft:item	minecraft:oak_fence	181
minecraft:item	minecraft:oak_fence_gate	216
minecraft:item	minecraft:oak_leaves	56
minecraft:item	minecraft:oak_log	32
minecraft:item	minecraft:oak_planks	13
minecraft:item	minecraft:oak_pressure_plate	166
minecraft:item	minecraft:oak_sapling	19
minecraft:item	minecraft:oak_sign	589
minecraft:item	minecraft:oak_slab	115
minecraft:item	minecraft:oak_stairs	154
minecraft:item	minecraft:oak_trapdoor	193
minecraft:item	minecraft:oak_wood	50
minecraft:item	minecraft:observer	379
minecraft:item	minecraft:obsidian	145
minecraft:item	minecraft:ocelot_spawn_egg	721
minecraft:item	minecraft:orange_banner	802
minecraft:item	minecraft:orange_bed	655
minecraft:item	minecraft:orange_carpet	301
minecraft:item	minecraft:orange_concrete	414
minecraft:item	minecraft:orange_concrete_powder	430
minecraft:item	minecraft:orange_dye	645
minecraft:item	minecraft:orange_glazed_terracotta	398
minecraft:item	minecraft:orange_shulker_box	382
minecraft:item	minecraft:orange_stained_glass	330
minecraft:item	minecraft:orange_stained_glass_pane	346
minecraft:item	minecraft:orange_terracotta	282
minecraft:item	minecraft:orange_tulip	104
minecraft:item	minecraft:orange_wool	83
minecraft:item	minecraft:oxeye_daisy	107
minecraft:item	minecraft:packed_ice	318
minecraft:item	minecraft:painting	586
minecraft:item	minecraft:panda_spawn_egg	722
minecraft:item	minecraft:paper	615
minecraft:item	minecraft:parrot_spawn_egg	723
minecraft:item	minecraft:peony	326
minecraft:item	minecraft:petrified_oak_slab	125
minecraft:item	minecraft:phantom_membrane	853
minecraft:item	minecraft:phantom_spawn_egg	724
minecraft:item	minecraft:pig_spawn_egg	725
minecraft:item	minecraft:pillager_spawn_egg	726
minecraft:item	minecraft:pink_banner	807
minecraft:item	minecraft:pink_bed	660
minecraft:item	minecraft:pink_carpet	306
minecraft:item	minecraft:pink_concrete	419
minecraft:item	minecraft:pink_concrete_powder	435
minecraft:item	minecraft:pink_dye	640
minecraft:item	minecraft:pink_glazed_terracotta	403
minecraft:item	minecraft:pink_shulker_box	387
minecraft:item	minecraft:pink_stained_glass	335
minecraft:item	minecraft:pink_stained_glass_pane	351
minecraft:item	minecraft:pink_terracotta	287
minecraft:item	minecraft:pink_tulip	106
minecraft:item	minecraft:pink_wool	88
minecraft:item	minecraft:piston	81
minecraft:item	minecraft:player_head	770
minecraft:item	minecraft:podzol	11
minecraft:item	minecraft:poisonous_potato	765
minecraft:item	minecraft:polar_bear_spawn_egg	727
minecraft:item	minecraft:polished_andesite	7
minecraft:item	minecraft:polished_andesite_slab	503
minecraft:item	minecraft:polished_andesite_stairs	490
minecraft:item	minecraft:polished_diorite	5
minecraft:item	minecraft:polished_diorite_slab	495
minecraft:item	minecraft:polished_diorite_stairs	481
minecraft:item	minecraft:polished_granite	3
minecraft:item	minecraft:polished_granite_slab	492
minecraft:item	minecraft:polished_granite_stairs	478
minecraft:item	minecraft:popped_chorus_fruit	819
minecraft:item	minecraft:poppy	99
minecraft:item	minecraft:porkchop	584
minecraft:item	minecraft:potato	763
minecraft:item	minecraft:potion	687
minecraft:item	minecraft:powered_rail	72
minecraft:item	minecraft:prismarine	361
minecraft:item	minecraft:prismarine_brick_slab	135
minecraft:item	minecraft:prismarine_brick_stairs	365
minecraft:item	minecraft:prismarine_bricks	362
minecraft:item	minecraft:prismarine_crystals	785
minecraft:item	minecraft:prismarine_shard	784
minecraft:item	minecraft:prismarine_slab	134
minecraft:item	minecraft:prismarine_stairs	364
minecraft:item	minecraft:prismarine_wall	248
minecraft:item	minecraft:pufferfish	628
minecraft:item	minecraft:pufferfish_bucket	605
minecraft:item	minecraft:pufferfish_spawn_egg	728
minecraft:item	minecraft:pumpkin	187
minecraft:item	minecraft:pumpkin_pie	776
minecraft:item	minecraft:pumpkin_seeds	675
minecraft:item	minecraft:purple_banner	811
minecraft:item	minecraft:purple_bed	664
minecraft:item	minecraft:purple_carpet	310
minecraft:item	minecraft:purple_concrete	423
minecraft:item	minecraft:purple_concrete_powder	439
minecraft:item	minecraft:purple_dye	636
minecraft:item	minecraft:purple_glazed_terracotta	407
minecraft:item	minecraft:purple_shulker_box	391
minecraft:item	minecraft:purple_stained_glass	339
minecraft:item	minecraft:purple_stained_glass_pane	355
minecraft:item	minecraft:purple_terracotta	291
minecraft:item	minecraft:purple_wool	92
minecraft:item	minecraft:purpur_block	150
minecraft:item	minecraft:purpur_pillar	151
minecraft:item	minecraft:purpur_slab	133
minecraft:item	minecraft:purpur_stairs	152
minecraft:item	minecraft:quartz	781
minecraft:item	minecraft:quartz_block	276
minecraft:item	minecraft:quartz_pillar	277
minecraft:item	minecraft:quartz_slab	130
minecraft:item	minecraft:quartz_stairs	278
minecraft:item	minecraft:rabbit	786
minecraft:item	minecraft:rabbit_foot	789
minecraft:item	minecraft:rabbit_hide	790
minecraft:item	minecraft:rabbit_spawn_egg	729
minecraft:item	minecraft:rabbit_stew	788
minecraft:item	minecraft:rail	162
minecraft:item	minecraft:ravager_spawn_egg	730
minecraft:item	minecraft:red_banner	815
minecraft:item	minecraft:red_bed	668
minecraft:item	minecraft:red_carpet	314
minecraft:item	minecraft:red_concrete	427
minecraft:item	minecraft:red_concrete_powder	443
minecraft:item	minecraft:red_dye	632
minecraft:item	minecraft:red_glazed_terracotta	411
minecraft:item	minecraft:red_mushroom	112
minecraft:item	minecraft:red_mushroom_block	210
minecraft:item	minecraft:red_nether_brick_slab	502
minecraft:item	minecraft:red_nether_brick_stairs	489
minecraft:item	minecraft:red_nether_brick_wall	255
minecraft:item	minecraft:red_nether_bricks	376
minecraft:item	minecraft:red_sand	27
minecraft:item	minecraft:red_sandstone	368
minecraft:item	minecraft:red_sandstone_slab	131
minecraft:item	minecraft:red_sandstone_stairs	371
minecraft:item	minecraft:red_sandstone_wall	249
minecraft:item	minecraft:red_shulker_box	395
minecraft:item	minecraft:red_stained_glass	343
minecraft:item	minecraft:red_stained_glass_pane	359
minecraft:item	minecraft:red_terracotta	295
minecraft:item	minecraft:red_tulip	103
minecraft:item	minecraft:red_wool	96
minecraft:item	minecraft:redstone	600
minecraft:item	minecraft:redstone_block	272
minecraft:item	minecraft:redstone_lamp	234
minecraft:item	minecraft:redstone_ore	172
minecraft:item	minecraft:redstone_torch	173
minecraft:item	minecraft:repeater	513
minecraft:item	minecraft:repeating_command_block	372
minecraft:item	minecraft:rose_bush	325
minecraft:item	minecraft:rotten_flesh	681
minecraft:item	minecraft:saddle	599
minecraft:item	minecraft:salmon	626
minecraft:item	minecraft:salmon_bucket	606
minecraft:item	minecraft:salmon_spawn_egg	731
minecraft:item	minecraft:sand	26
minecraft:item	minecraft:sandstone	68
minecraft:item	minecraft:sandstone_slab	123
minecraft:item	minecraft:sandstone_stairs	235
minecraft:item	minecraft:sandstone_wall	256
minecraft:item	minecraft:scaffolding	505
minecraft:item	minecraft:scute	519
minecraft:item	minecraft:sea_lantern	367
minecraft:item	minecraft:sea_pickle	80
minecraft:item	minecraft:seagrass	79
minecraft:item	minecraft:shears	672
minecraft:item	minecraft:sheep_spawn_egg	732
minecraft:item	minecraft:shield	828
minecraft:item	minecraft:shulker_box	380
minecraft:item	minecraft:shulker_shell	836
minecraft:item	minecraft:shulker_spawn_egg	733
minecraft:item	minecraft:silverfish_spawn_egg	734
minecraft:item	minecraft:skeleton_horse_spawn_egg	736
minecraft:item	minecraft:skeleton_skull	768
minecraft:item	minecraft:skeleton_spawn_egg	735
minecraft:item	minecraft:skull_banner_pattern	861
minecraft:item	minecraft:slime_ball	617
minecraft:item	minecraft:slime_block	321
minecraft:item	minecraft:slime_spawn_egg	737
minecraft:item	minecraft:smithing_table	871
minecraft:item	minecraft:smoker	865
minecraft:item	minecraft:smooth_quartz	137
minecraft:item	minecraft:smooth_quartz_slab	499
minecraft:item	minecraft:smooth_quartz_stairs	486
minecraft:item	minecraft:smooth_red_sandstone	138
minecraft:item	minecraft:smooth_red_sandstone_slab	493
minecraft:item	minecraft:smooth_red_sandstone_stairs	479
minecraft:item	minecraft:smooth_sandstone	139
minecraft:item	minecraft:smooth_sandstone_slab	498
minecraft:item	minecraft:smooth_sandstone_stairs	485
minecraft:item	minecraft:smooth_stone	140
minecraft:item	minecraft:smooth_stone_slab	122
minecraft:item	minecraft:snow	175
minecraft:item	minecraft:snow_block	177
minecraft:item	minecraft:snowball	601
minecraft:item	minecraft:soul_sand	190
minecraft:item	minecraft:spawner	153
minecraft:item	minecraft:spectral_arrow	825
minecraft:item	minecraft:spider_eye	689
minecraft:item	minecraft:spider_spawn_egg	738
minecraft:item	minecraft:splash_potion	824
minecraft:item	minecraft:sponge	62
minecraft:item	minecraft:spruce_boat	830
minecraft:item	minecraft:spruce_button	260
minecraft:item	minecraft:spruce_door	508
minecraft:item	minecraft:spruce_fence	182
minecraft:item	minecraft:spruce_fence_gate	217
minecraft:item	minecraft:spruce_leaves	57
minecraft:item	minecraft:spruce_log	33
minecraft:item	minecraft:spruce_planks	14
minecraft:item	minecraft:spruce_pressure_plate	167
minecraft:item	minecraft:spruce_sapling	20
minecraft:item	minecraft:spruce_sign	590
minecraft:item	minecraft:spruce_slab	116
minecraft:item	minecraft:spruce_stairs	240
minecraft:item	minecraft:spruce_trapdoor	194
minecraft:item	minecraft:spruce_wood	51
minecraft:item	minecraft:squid_spawn_egg	739
minecraft:item	minecraft:stick	545
minecraft:item	minecraft:sticky_piston	74
minecraft:item	minecraft:stone	1
minecraft:item	minecraft:stone_axe	540
minecraft:item	minecraft:stone_brick_slab	128
minecraft:item	minecraft:stone_brick_stairs	223
minecraft:item	minecraft:stone_brick_wall	252
minecraft:item	minecraft:stone_bricks	205
minecraft:item	minecraft:stone_button	174
minecraft:item	minecraft:stone_hoe	556
minecraft:item	minecraft:stone_pickaxe	539
minecraft:item	minecraft:stone_pressure_plate	165
minecraft:item	minecraft:stone_shovel	538
minecraft:item	minecraft:stone_slab	121
minecraft:item	minecraft:stone_stairs	484
minecraft:item	minecraft:stone_sword	537
minecraft:item	minecraft:stonecutter	872
minecraft:item	minecraft:stray_spawn_egg	740
minecraft:item	minecraft:string	552
minecraft:item	minecraft:stripped_acacia_log	42
minecraft:item	minecraft:stripped_acacia_wood	48
minecraft:item	minecraft:stripped_birch_log	40
minecraft:item	minecraft:stripped_birch_wood	46
minecraft:item	minecraft:stripped_dark_oak_log	43
minecraft:item	minecraft:stripped_dark_oak_wood	49
minecraft:item	minecraft:stripped_jungle_log	41
minecraft:item	minecraft:stripped_jungle_wood	47
minecraft:item	minecraft:stripped_oak_log	38
minecraft:item	minecraft:stripped_oak_wood	44
minecraft:item	minecraft:stripped_spruce_log	39
minecraft:item	minecraft:stripped_spruce_wood	45
minecraft:item	minecraft:structure_block	515
minecraft:item	minecraft:structure_void	378
minecraft:item	minecraft:sugar	652
minecraft:item	minecraft:sugar_cane	611
minecraft:item	minecraft:sunflower	323
minecraft:item	minecraft:suspicious_stew	857
minecraft:item	minecraft:sweet_berries	875
minecraft:item	minecraft:tall_grass	327
minecraft:item	minecraft:terracotta	316
minecraft:item	minecraft:tipped_arrow	826
minecraft:item	minecraft:tnt	142
minecraft:item	minecraft:tnt_minecart	782
minecraft:item	minecraft:torch	146
minecraft:item	minecraft:totem_of_undying	835
minecraft:item	minecraft:trader_llama_spawn_egg	741
minecraft:item	minecraft:trapped_chest	268
minecraft:item	minecraft:trident	852
minecraft:item	minecraft:tripwire_hook	238
minecraft:item	minecraft:tropical_fish	627
minecraft:item	minecraft:tropical_fish_bucket	608
minecraft:item	minecraft:tropical_fish_spawn_egg	742
minecraft:item	minecraft:tube_coral	456
minecraft:item	minecraft:tube_coral_block	451
minecraft:item	minecraft:tube_coral_fan	466
minecraft:item	minecraft:turtle_egg	445
minecraft:item	minecraft:turtle_helmet	518
minecraft:item	minecraft:turtle_spawn_egg	743
minecraft:item	minecraft:vex_spawn_egg	744
minecraft:item	minecraft:villager_spawn_egg	745
minecraft:item	minecraft:vindicator_spawn_egg	746
minecraft:item	minecraft:vine	215
minecraft:item	minecraft:wandering_trader_spawn_egg	747
minecraft:item	minecraft:water_bucket	596
minecraft:item	minecraft:wet_sponge	63
minecraft:item	minecraft:wheat	561
minecraft:item	minecraft:wheat_seeds	560
minecraft:item	minecraft:white_banner	801
minecraft:item	minecraft:white_bed	654
minecraft:item	minecraft:white_carpet	300
minecraft:item	minecraft:white_concrete	413
minecraft:item	minecraft:white_concrete_powder	429
minecraft:item	minecraft:white_dye	650
minecraft:item	minecraft:white_glazed_terracotta	397
minecraft:item	minecraft:white_shulker_box	381
minecraft:item	minecraft:white_stained_glass	329
minecraft:item	minecraft:white_stained_glass_pane	345
minecraft:item	minecraft:white_terracotta	281
minecraft:item	minecraft:white_tulip	105
minecraft:item	minecraft:white_wool	82
minecraft:item	minecraft:witch_spawn_egg	748
minecraft:item	minecraft:wither_rose	110
minecraft:item	minecraft:wither_skeleton_skull	769
minecraft:item	minecraft:wither_skeleton_spawn_egg	749
minecraft:item	minecraft:wolf_spawn_egg	750
minecraft:item	minecraft:wooden_axe	536
minecraft:item	minecraft:wooden_hoe	555
minecraft:item	minecraft:wooden_pickaxe	535
minecraft:item	minecraft:wooden_shovel	534
minecraft:item	minecraft:wooden_sword	533
minecraft:item	minecraft:writable_book	757
minecraft:item	minecraft:written_book	758
minecraft:item	minecraft:yellow_banner	805
minecraft:item	minecraft:yellow_bed	658
minecraft:item	minecraft:yellow_carpet	304
minecraft:item	minecraft:yellow_concrete	417
minecraft:item	minecraft:yellow_concrete_powder	433
minecraft:item	minecraft:yellow_dye	642
minecraft:item	minecraft:yellow_glazed_terracotta	401
minecraft:item	minecraft:yellow_shulker_box	385
minecraft:item	minecraft:yellow_stained_glass	333
minecraft:item	minecraft:yellow_stained_glass_pane	349
minecraft:item	minecraft:yellow_terracotta	285
minecraft:item	minecraft:yellow_wool	86
minecraft:item	minecraft:zombie_head	771
minecraft:item	minecraft:zombie_horse_spawn_egg	752
minecraft:item	minecraft:zombie_pigman_spawn_egg	753
minecraft:item	minecraft:zombie_spawn_egg	751
minecraft:item	minecraft:zombie_villager_spawn_egg	754
minecraft:memory_module_type	minecraft:breed_target	13
minecraft:memory_module_type	minecraft:cant_reach_walk_target_since	22
minecraft:memory_module_type	minecraft:dummy	0
minecraft:memory_module_type	minecraft:golem_last_seen_time	23
minecraft:memory_module_type	minecraft:heard_bell_time	21
minecraft:memory_module_type	minecraft:hiding_place	20
minecraft:memory_module_type	minecraft:home	1
minecraft:memory_module_type	minecraft:hurt_by	17
minecraft:memory_module_type	minecraft:hurt_by_entity	18
minecraft:memory_module_type	minecraft:interactable_doors	15
minecraft:memory_module_type	minecraft:interaction_target	12
minecraft:memory_module_type	minecraft:job_site	2
minecraft:memory_module_type	minecraft:last_slept	24
minecraft:memory_module_type	minecraft:last_worked_at_poi	25
minecraft:memory_module_type	minecraft:look_target	11
minecraft:memory_module_type	minecraft:meeting_point	3
minecraft:memory_module_type	minecraft:mobs	5
minecraft:memory_module_type	minecraft:nearest_bed	16
minecraft:memory_module_type	minecraft:nearest_hostile	19
minecraft:memory_module_type	minecraft:nearest_players	8
minecraft:memory_module_type	minecraft:nearest_visible_player	9
minecraft:memory_module_type	minecraft:path	14
minecraft:memory_module_type	minecraft:secondary_job_site	4
minecraft:memory_module_type	minecraft:visible_mobs	6
minecraft:memory_module_type	minecraft:visible_villager_babies	7
minecraft:memory_module_type	minecraft:walk_target	10
minecraft:menu	minecraft:anvil	7
minecraft:menu	minecraft:beacon	8
minecraft:menu	minecraft:blast_furnace	9
minecraft:menu	minecraft:brewing_stand	10
minecraft:menu	minecraft:cartography	21
minecraft:menu	minecraft:crafting	11
minecraft:menu	minecraft:enchantment	12
minecraft:menu	minecraft:furnace	13
minecraft:menu	minecraft:generic_3x3	6
minecraft:menu	minecraft:generic_9x1	0
minecraft:menu	minecraft:generic_9x2	1
minecraft:menu	minecraft:generic_9x3	2
minecraft:menu	minecraft:generic_9x4	3
minecraft:menu	minecraft:generic_9x5	4
minecraft:menu	minecraft:generic_9x6	5
minecraft:menu	minecraft:grindstone	14
minecraft:menu	minecraft:hopper	15
minecraft:menu	minecraft:lectern	16
minecraft:menu	minecraft:loom	17
minecraft:menu	minecraft:merchant	18
minecraft:menu	minecraft:shulker_box	19
minecraft:menu	minecraft:smoker	20
minecraft:menu	minecraft:stonecutter	22
minecraft:mob_effect	minecraft:absorption	22
minecraft:mob_effect	minecraft:bad_omen	31
minecraft:mob_effect	minecraft:blindness	15
minecraft:mob_effect	minecraft:conduit_power	29
minecraft:mob_effect	minecraft:dolphins_grace	30
minecraft:mob_effect	minecraft:fire_resistance	12
minecraft:mob_effect	minecraft:glowing	24
minecraft:mob_effect	minecraft:haste	3
minecraft:mob_effect	minecraft:health_boost	21
minecraft:mob_effect	minecraft:hero_of_the_village	32
minecraft:mob_effect	minecraft:hunger	17
minecraft:mob_effect	minecraft:instant_damage	7
minecraft:mob_effect	minecraft:instant_health	6
minecraft:mob_effect	minecraft:invisibility	14
minecraft:mob_effect	minecraft:jump_boost	8
minecraft:mob_effect	minecraft:levitation	25
minecraft:mob_effect	minecraft:luck	26
minecraft:mob_effect	minecraft:mining_fatigue	4
minecraft:mob_effect	minecraft:nausea	9
minecraft:mob_effect	minecraft:night_vision	16
minecraft:mob_effect	minecraft:poison	19
minecraft:mob_effect	minecraft:regeneration	10
minecraft:mob_effect	minecraft:resistance	11
minecraft:mob_effect	minecraft:saturation	23
minecraft:mob_effect	minecraft:slow_falling	28
minecraft:mob_effect	minecraft:slowness	2
minecraft:mob_effect	minecraft:speed	1
minecraft:mob_effect	minecraft:strength	5
minecraft:mob_effect	minecraft:unluck	27
minecraft:mob_effect	minecraft:water_breathing	13
minecraft:mob_effect	minecraft:weakness	18
minecraft:mob_effect	minecraft:wither	20
minecraft:motive	minecraft:alban	2
minecraft:motive	minecraft:aztec	1
minecraft:motive	minecraft:aztec2	3
minecraft:motive	minecraft:bomb	4
minecraft:motive	minecraft:burning_skull	23
minecraft:motive	minecraft:bust	15
minecraft:motive	minecraft:courbet	8
minecraft:motive	minecraft:creebet	11
minecraft:motive	minecraft:donkey_kong	25
minecraft:motive	minecraft:fighters	20
minecraft:motive	minecraft:graham	13
minecraft:motive	minecraft:kebab	0
minecraft:motive	minecraft:match	14
minecraft:motive	minecraft:pigscene	22
minecraft:motive	minecraft:plant	5
minecraft:motive	minecraft:pointer	21
minecraft:motive	minecraft:pool	7
minecraft:motive	minecraft:sea	9
minecraft:motive	minecraft:skeleton	24
minecraft:motive	minecraft:skull_and_roses	18
minecraft:motive	minecraft:stage	16
minecraft:motive	minecraft:sunset	10
minecraft:motive	minecraft:void	17
minecraft:motive	minecraft:wanderer	12
minecraft:motive	minecraft:wasteland	6
minecraft:motive	minecraft:wither	19
minecraft:particle_type	minecraft:ambient_entity_effect	0
minecraft:particle_type	minecraft:angry_villager	1
minecraft:particle_type	minecraft:barrier	2
minecraft:particle_type	minecraft:block	3
minecraft:particle_type	minecraft:bubble	4
minecraft:particle_type	minecraft:bubble_column_up	53
minecraft:particle_type	minecraft:bubble_pop	51
minecraft:particle_type	minecraft:campfire_cosy_smoke	56
minecraft:particle_type	minecraft:campfire_signal_smoke	57
minecraft:particle_type	minecraft:cloud	5
minecraft:particle_type	minecraft:composter	29
minecraft:particle_type	minecraft:crit	6
minecraft:particle_type	minecraft:current_down	52
minecraft:particle_type	minecraft:damage_indicator	7
minecraft:particle_type	minecraft:dolphin	55
minecraft:particle_type	minecraft:dragon_breath	8
minecraft:particle_type	minecraft:dripping_lava	9
minecraft:particle_type	minecraft:dripping_water	12
minecraft:particle_type	minecraft:dust	14
minecraft:particle_type	minecraft:effect	15
minecraft:particle_type	minecraft:elder_guardian	16
minecraft:particle_type	minecraft:enchant	18
minecraft:particle_type	minecraft:enchanted_hit	17
minecraft:particle_type	minecraft:end_rod	19
minecraft:particle_type	minecraft:entity_effect	20
minecraft:particle_type	minecraft:explosion	22
minecraft:particle_type	minecraft:explosion_emitter	21
minecraft:particle_type	minecraft:falling_dust	23
minecraft:particle_type	minecraft:falling_lava	10
minecraft:particle_type	minecraft:falling_water	13
minecraft:particle_type	minecraft:firework	24
minecraft:particle_type	minecraft:fishing	25
minecraft:particle_type	minecraft:flame	26
minecraft:particle_type	minecraft:flash	27
minecraft:particle_type	minecraft:happy_villager	28
minecraft:particle_type	minecraft:heart	30
minecraft:particle_type	minecraft:instant_effect	31
minecraft:particle_type	minecraft:item	32
minecraft:particle_type	minecraft:item_slime	33
minecraft:particle_type	minecraft:item_snowball	34
minecraft:particle_type	minecraft:landing_lava	11
minecraft:particle_type	minecraft:large_smoke	35
minecraft:particle_type	minecraft:lava	36
minecraft:particle_type	minecraft:mycelium	37
minecraft:particle_type	minecraft:nautilus	54
minecraft:particle_type	minecraft:note	38
minecraft:particle_type	minecraft:poof	39
minecraft:particle_type	minecraft:portal	40
minecraft:particle_type	minecraft:rain	41
minecraft:particle_type	minecraft:smoke	42
minecraft:particle_type	minecraft:sneeze	43
minecraft:particle_type	minecraft:spit	44
minecraft:particle_type	minecraft:splash	49
minecraft:particle_type	minecraft:squid_ink	45
minecraft:particle_type	minecraft:sweep_attack	46
minecraft:particle_type	minecraft:totem_of_undying	47
minecraft:particle_type	minecraft:underwater	48
minecraft:particle_type	minecraft:witch	50
minecraft:point_of_interest_type	minecraft:armorer	1
minecraft:point_of_interest_type	minecraft:butcher	2
minecraft:point_of_interest_type	minecraft:cartographer	3
minecraft:point_of_interest_type	minecraft:cleric	4
minecraft:point_of_interest_type	minecraft:farmer	5
minecraft:point_of_interest_type	minecraft:fisherman	6
minecraft:point_of_interest_type	minecraft:fletcher	7
minecraft:point_of_interest_type	minecraft:home	15
minecraft:point_of_interest_type	minecraft:leatherworker	8
minecraft:point_of_interest_type	minecraft:librarian	9
minecraft:point_of_interest_type	minecraft:mason	10
minecraft:point_of_interest_type	minecraft:meeting	16
minecraft:point_of_interest_type	minecraft:nitwit	11
minecraft:point_of_interest_type	minecraft:shepherd	12
minecraft:point_of_interest_type	minecraft:toolsmith	13
minecraft:point_of_interest_type	minecraft:unemployed	0
minecraft:point_of_interest_type	minecraft:weaponsmith	14
minecraft:potion	minecraft:awkward	4
minecraft:potion	minecraft:empty	0
minecraft:potion	minecraft:fire_resistance	12
minecraft:potion	minecraft:harming	27
minecraft:potion	minecraft:healing	25
minecraft:potion	minecraft:invisibility	7
minecraft:potion	minecraft:leaping	9
minecraft:potion	minecraft:long_fire_resistance	13
minecraft:potion	minecraft:long_invisibility	8
minecraft:potion	minecraft:long_leaping	10
minecraft:potion	minecraft:long_night_vision	6
minecraft:potion	minecraft:long_poison	30
minecraft:potion	minecraft:long_regeneration	33
minecraft:potion	minecraft:long_slow_falling	42
minecraft:potion	minecraft:long_slowness	18
minecraft:potion	minecraft:long_strength	36
minecraft:potion	minecraft:long_swiftness	15
minecraft:potion	minecraft:long_turtle_master	21
minecraft:potion	minecraft:long_water_breathing	24
minecraft:potion	minecraft:long_weakness	39
minecraft:potion	minecraft:luck	40
minecraft:potion	minecraft:mundane	2
minecraft:potion	minecraft:night_vision	5
minecraft:potion	minecraft:poison	29
minecraft:potion	minecraft:regeneration	32
minecraft:potion	minecraft:slow_falling	41
minecraft:potion	minecraft:slowness	17
minecraft:potion	minecraft:strength	35
minecraft:potion	minecraft:strong_harming	28
minecraft:potion	minecraft:strong_healing	26
minecraft:potion	minecraft:strong_leaping	11
minecraft:potion	minecraft:strong_poison	31
minecraft:potion	minecraft:strong_regeneration	34
minecraft:potion	minecraft:strong_slowness	19
minecraft:potion	minecraft:strong_strength	37
minecraft:potion	minecraft:strong_swiftness	16
minecraft:potion	minecraft:strong_turtle_master	22
minecraft:potion	minecraft:swiftness	14
minecraft:potion	minecraft:thick	3
minecraft:potion	minecraft:turtle_master	20
minecraft:potion	minecraft:water	1
minecraft:potion	minecraft:water_breathing	23
minecraft:potion	minecraft:weakness	38
minecraft:recipe_serializer	minecraft:blasting	16
minecraft:recipe_serializer	minecraft:campfire_cooking	18
minecraft:recipe_serializer	minecraft:crafting_shaped	0
minecraft:recipe_serializer	minecraft:crafting_shapeless	1
minecraft:recipe_serializer	minecraft:crafting_special_armordye	2
minecraft:recipe_serializer	minecraft:crafting_special_bannerduplicate	10
minecraft:recipe_serializer	minecraft:crafting_special_bookcloning	3
minecraft:recipe_serializer	minecraft:crafting_special_firework_rocket	6
minecraft:recipe_serializer	minecraft:crafting_special_firework_star	7
minecraft:recipe_serializer	minecraft:crafting_special_firework_star_fade	8
minecraft:recipe_serializer	minecraft:crafting_special_mapcloning	4
minecraft:recipe_serializer	minecraft:crafting_special_mapextending	5
minecraft:recipe_serializer	minecraft:crafting_special_repairitem	14
minecraft:recipe_serializer	minecraft:crafting_special_shielddecoration	11
minecraft:recipe_serializer	minecraft:crafting_special_shulkerboxcoloring	12
minecraft:recipe_serializer	minecraft:crafting_special_suspiciousstew	13
minecraft:recipe_serializer	minecraft:crafting_special_tippedarrow	9
minecraft:recipe_serializer	minecraft:smelting	15
minecraft:recipe_serializer	minecraft:smoking	17
minecraft:recipe_serializer	minecraft:stonecutting	19
minecraft:recipe_type	minecraft:blasting	2
minecraft:recipe_type	minecraft:campfire_cooking	4
minecraft:recipe_type	minecraft:crafting	0
minecraft:recipe_type	minecraft:smelting	1
minecraft:recipe_type	minecraft:smoking	3
minecraft:recipe_type	minecraft:stonecutting	5
minecraft:rule_test	minecraft:always_true	0
minecraft:rule_test	minecraft:block_match	1
minecraft:rule_test	minecraft:blockstate_match	2
minecraft:rule_test	minecraft:random_block_match	4
minecraft:rule_test	minecraft:random_blockstate_match	5
minecraft:rule_test	minecraft:tag_match	3
minecraft:schedule	minecraft:empty	0
minecraft:schedule	minecraft:simple	1
minecraft:schedule	minecraft:villager_baby	2
minecraft:schedule	minecraft:villager_default	3
minecraft:sensor_type	minecraft:dummy	0
minecraft:sensor_type	minecraft:golem_last_seen	9
minecraft:sensor_type	minecraft:hurt_by	5
minecraft:sensor_type	minecraft:interactable_doors	3
minecraft:sensor_type	minecraft:nearest_bed	4
minecraft:sensor_type	minecraft:nearest_living_entities	1
minecraft:sensor_type	minecraft:nearest_players	2
minecraft:sensor_type	minecraft:secondary_pois	8
minecraft:sensor_type	minecraft:villager_babies	7
minecraft:sensor_type	minecraft:villager_hostiles	6
minecraft:sound_event	minecraft:ambient.cave	0
minecraft:sound_event	minecraft:ambient.underwater.enter	1
minecraft:sound_event	minecraft:ambient.underwater.exit	2
minecraft:sound_event	minecraft:ambient.underwater.loop	3
minecraft:sound_event	minecraft:ambient.underwater.loop.additions	4
minecraft:sound_event	minecraft:ambient.underwater.loop.additions.rare	5
minecraft:sound_event	minecraft:ambient.underwater.loop.additions.ultra_rare	6
minecraft:sound_event	minecraft:block.anvil.break	7
minecraft:sound_event	minecraft:block.anvil.destroy	8
minecraft:sound_event	minecraft:block.anvil.fall	9
minecraft:sound_event	minecraft:block.anvil.hit	10
minecraft:sound_event	minecraft:block.anvil.land	11
minecraft:sound_event	minecraft:block.anvil.place	12
minecraft:sound_event	minecraft:block.anvil.step	13
minecraft:sound_event	minecraft:block.anvil.use	14
minecraft:sound_event	minecraft:block.bamboo.break	31
minecraft:sound_event	minecraft:block.bamboo.fall	32
minecraft:sound_event	minecraft:block.bamboo.hit	33
minecraft:sound_event	minecraft:block.bamboo.place	34
minecraft:sound_event	minecraft:block.bamboo.step	35
minecraft:sound_event	minecraft:block.bamboo_sapling.break	36
minecraft:sound_event	minecraft:block.bamboo_sapling.hit	37
minecraft:sound_event	minecraft:block.bamboo_sapling.place	38
minecraft:sound_event	minecraft:block.barrel.close	39
minecraft:sound_event	minecraft:block.barrel.open	40
minecraft:sound_event	minecraft:block.beacon.activate	46
minecraft:sound_event	minecraft:block.beacon.ambient	47
minecraft:sound_event	minecraft:block.beacon.deactivate	48
minecraft:sound_event	minecraft:block.beacon.power_select	49
minecraft:sound_event	minecraft:block.bell.resonate	51
minecraft:sound_event	minecraft:block.bell.use	50
minecraft:sound_event	minecraft:block.blastfurnace.fire_crackle	64
minecraft:sound_event	minecraft:block.brewing_stand.brew	68
minecraft:sound_event	minecraft:block.bubble_column.bubble_pop	69
minecraft:sound_event	minecraft:block.bubble_column.upwards_ambient	70
minecraft:sound_event	minecraft:block.bubble_column.upwards_inside	71
minecraft:sound_event	minecraft:block.bubble_column.whirlpool_ambient	72
minecraft:sound_event	minecraft:block.bubble_column.whirlpool_inside	73
minecraft:sound_event	minecraft:block.campfire.crackle	80
minecraft:sound_event	minecraft:block.chest.close	90
minecraft:sound_event	minecraft:block.chest.locked	91
minecraft:sound_event	minecraft:block.chest.open	92
minecraft:sound_event	minecraft:block.chorus_flower.death	98
minecraft:sound_event	minecraft:block.chorus_flower.grow	99
minecraft:sound_event	minecraft:block.comparator.click	110
minecraft:sound_event	minecraft:block.composter.empty	111
minecraft:sound_event	minecraft:block.composter.fill	112
minecraft:sound_event	minecraft:block.composter.fill_success	113
minecraft:sound_event	minecraft:block.composter.ready	114
minecraft:sound_event	minecraft:block.conduit.activate	115
minecraft:sound_event	minecraft:block.conduit.ambient	116
minecraft:sound_event	minecraft:block.conduit.ambient.short	117
minecraft:sound_event	minecraft:block.conduit.attack.target	118
minecraft:sound_event	minecraft:block.conduit.deactivate	119
minecraft:sound_event	minecraft:block.coral_block.break	270
minecraft:sound_event	minecraft:block.coral_block.fall	271
minecraft:sound_event	minecraft:block.coral_block.hit	272
minecraft:sound_event	minecraft:block.coral_block.place	273
minecraft:sound_event	minecraft:block.coral_block.step	274
minecraft:sound_event	minecraft:block.crop.break	128
minecraft:sound_event	minecraft:block.dispenser.dispense	138
minecraft:sound_event	minecraft:block.dispenser.fail	139
minecraft:sound_event	minecraft:block.dispenser.launch	140
minecraft:sound_event	minecraft:block.enchantment_table.use	175
minecraft:sound_event	minecraft:block.end_gateway.spawn	198
minecraft:sound_event	minecraft:block.end_portal.spawn	200
minecraft:sound_event	minecraft:block.end_portal_frame.fill	199
minecraft:sound_event	minecraft:block.ender_chest.close	176
minecraft:sound_event	minecraft:block.ender_chest.open	177
minecraft:sound_event	minecraft:block.fence_gate.close	212
minecraft:sound_event	minecraft:block.fence_gate.open	213
minecraft:sound_event	minecraft:block.fire.ambient	223
minecraft:sound_event	minecraft:block.fire.extinguish	224
minecraft:sound_event	minecraft:block.furnace.fire_crackle	237
minecraft:sound_event	minecraft:block.glass.break	255
minecraft:sound_event	minecraft:block.glass.fall	256
minecraft:sound_event	minecraft:block.glass.hit	257
minecraft:sound_event	minecraft:block.glass.place	258
minecraft:sound_event	minecraft:block.glass.step	259
minecraft:sound_event	minecraft:block.grass.break	260
minecraft:sound_event	minecraft:block.grass.fall	261
minecraft:sound_event	minecraft:block.grass.hit	262
minecraft:sound_event	minecraft:block.grass.place	263
minecraft:sound_event	minecraft:block.grass.step	264
minecraft:sound_event	minecraft:block.gravel.break	275
minecraft:sound_event	minecraft:block.gravel.fall	276
minecraft:sound_event	minecraft:block.gravel.hit	277
minecraft:sound_event	minecraft:block.gravel.place	278
minecraft:sound_event	minecraft:block.gravel.step	279
minecraft:sound_event	minecraft:block.grindstone.use	280
minecraft:sound_event	minecraft:block.iron_door.close	329
minecraft:sound_event	minecraft:block.iron_door.open	330
minecraft:sound_event	minecraft:block.iron_trapdoor.close	335
minecraft:sound_event	minecraft:block.iron_trapdoor.open	336
minecraft:sound_event	minecraft:block.ladder.break	344
minecraft:sound_event	minecraft:block.ladder.fall	345
minecraft:sound_event	minecraft:block.ladder.hit	346
minecraft:sound_event	minecraft:block.ladder.place	347
minecraft:sound_event	minecraft:block.ladder.step	348
minecraft:sound_event	minecraft:block.lantern.break	349
minecraft:sound_event	minecraft:block.lantern.fall	350
minecraft:sound_event	minecraft:block.lantern.hit	351
minecraft:sound_event	minecraft:block.lantern.place	352
minecraft:sound_event	minecraft:block.lantern.step	353
minecraft:sound_event	minecraft:block.lava.ambient	354
minecraft:sound_event	minecraft:block.lava.extinguish	355
minecraft:sound_event	minecraft:block.lava.pop	356
minecraft:sound_event	minecraft:block.lever.click	359
minecraft:sound_event	minecraft:block.lily_pad.place	720
minecraft:sound_event	minecraft:block.metal.break	376
minecraft:sound_event	minecraft:block.metal.fall	377
minecraft:sound_event	minecraft:block.metal.hit	378
minecraft:sound_event	minecraft:block.metal.place	379
minecraft:sound_event	minecraft:block.metal.step	382
minecraft:sound_event	minecraft:block.metal_pressure_plate.click_off	380
minecraft:sound_event	minecraft:block.metal_pressure_plate.click_on	381
minecraft:sound_event	minecraft:block.nether_wart.break	402
minecraft:sound_event	minecraft:block.note_block.banjo	419
minecraft:sound_event	minecraft:block.note_block.basedrum	404
minecraft:sound_event	minecraft:block.note_block.bass	405
minecraft:sound_event	minecraft:block.note_block.bell	406
minecraft:sound_event	minecraft:block.note_block.bit	418
minecraft:sound_event	minecraft:block.note_block.chime	407
minecraft:sound_event	minecraft:block.note_block.cow_bell	416
minecraft:sound_event	minecraft:block.note_block.didgeridoo	417
minecraft:sound_event	minecraft:block.note_block.flute	408
minecraft:sound_event	minecraft:block.note_block.guitar	409
minecraft:sound_event	minecraft:block.note_block.harp	410
minecraft:sound_event	minecraft:block.note_block.hat	411
minecraft:sound_event	minecraft:block.note_block.iron_xylophone	415
minecraft:sound_event	minecraft:block.note_block.pling	412
minecraft:sound_event	minecraft:block.note_block.snare	413
minecraft:sound_event	minecraft:block.note_block.xylophone	414
minecraft:sound_event	minecraft:block.piston.contract	490
minecraft:sound_event	minecraft:block.piston.extend	491
minecraft:sound_event	minecraft:block.portal.ambient	517
minecraft:sound_event	minecraft:block.portal.travel	518
minecraft:sound_event	minecraft:block.portal.trigger	519
minecraft:sound_event	minecraft:block.pumpkin.carve	527
minecraft:sound_event	minecraft:block.redstone_torch.burnout	546
minecraft:sound_event	minecraft:block.sand.break	551
minecraft:sound_event	minecraft:block.sand.fall	552
minecraft:sound_event	minecraft:block.sand.hit	553
minecraft:sound_event	minecraft:block.sand.place	554
minecraft:sound_event	minecraft:block.sand.step	555
minecraft:sound_event	minecraft:block.scaffolding.break	556
minecraft:sound_event	minecraft:block.scaffolding.fall	557
minecraft:sound_event	minecraft:block.scaffolding.hit	558
minecraft:sound_event	minecraft:block.scaffolding.place	559
minecraft:sound_event	minecraft:block.scaffolding.step	560
minecraft:sound_event	minecraft:block.shulker_box.close	570
minecraft:sound_event	minecraft:block.shulker_box.open	571
minecraft:sound_event	minecraft:block.slime_block.break	603
minecraft:sound_event	minecraft:block.slime_block.fall	604
minecraft:sound_event	minecraft:block.slime_block.hit	605
minecraft:sound_event	minecraft:block.slime_block.place	606
minecraft:sound_event	minecraft:block.slime_block.step	607
minecraft:sound_event	minecraft:block.smoker.smoke	615
minecraft:sound_event	minecraft:block.snow.break	617
minecraft:sound_event	minecraft:block.snow.fall	618
minecraft:sound_event	minecraft:block.snow.hit	623
minecraft:sound_event	minecraft:block.snow.place	624
minecraft:sound_event	minecraft:block.snow.step	625
minecraft:sound_event	minecraft:block.stone.break	636
minecraft:sound_event	minecraft:block.stone.fall	639
minecraft:sound_event	minecraft:block.stone.hit	640
minecraft:sound_event	minecraft:block.stone.place	641
minecraft:sound_event	minecraft:block.stone.step	644
minecraft:sound_event	minecraft:block.stone_button.click_off	637
minecraft:sound_event	minecraft:block.stone_button.click_on	638
minecraft:sound_event	minecraft:block.stone_pressure_plate.click_off	642
minecraft:sound_event	minecraft:block.stone_pressure_plate.click_on	643
minecraft:sound_event	minecraft:block.sweet_berry_bush.break	649
minecraft:sound_event	minecraft:block.sweet_berry_bush.place	650
minecraft:sound_event	minecraft:block.tripwire.attach	663
minecraft:sound_event	minecraft:block.tripwire.click_off	664
minecraft:sound_event	minecraft:block.tripwire.click_on	665
minecraft:sound_event	minecraft:block.tripwire.detach	666
minecraft:sound_event	minecraft:block.water.ambient	731
minecraft:sound_event	minecraft:block.wet_grass.break	265
minecraft:sound_event	minecraft:block.wet_grass.fall	266
minecraft:sound_event	minecraft:block.wet_grass.hit	267
minecraft:sound_event	minecraft:block.wet_grass.place	268
minecraft:sound_event	minecraft:block.wet_grass.step	269
minecraft:sound_event	minecraft:block.wood.break	763
minecraft:sound_event	minecraft:block.wood.fall	766
minecraft:sound_event	minecraft:block.wood.hit	767
minecraft:sound_event	minecraft:block.wood.place	768
minecraft:sound_event	minecraft:block.wood.step	771
minecraft:sound_event	minecraft:block.wooden_button.click_off	764
minecraft:sound_event	minecraft:block.wooden_button.click_on	765
minecraft:sound_event	minecraft:block.wooden_door.close	759
minecraft:sound_event	minecraft:block.wooden_door.open	760
minecraft:sound_event	minecraft:block.wooden_pressure_plate.click_off	769
minecraft:sound_event	minecraft:block.wooden_pressure_plate.click_on	770
minecraft:sound_event	minecraft:block.wooden_trapdoor.close	761
minecraft:sound_event	minecraft:block.wooden_trapdoor.open	762
minecraft:sound_event	minecraft:block.wool.break	101
minecraft:sound_event	minecraft:block.wool.fall	102
minecraft:sound_event	minecraft:block.wool.hit	103
minecraft:sound_event	minecraft:block.wool.place	104
minecraft:sound_event	minecraft:block.wool.step	105
minecraft:sound_event	minecraft:enchant.thorns.hit	652
minecraft:sound_event	minecraft:entity.armor_stand.break	23
minecraft:sound_event	minecraft:entity.armor_stand.fall	24
minecraft:sound_event	minecraft:entity.armor_stand.hit	25
minecraft:sound_event	minecraft:entity.armor_stand.place	26
minecraft:sound_event	minecraft:entity.arrow.hit	27
minecraft:sound_event	minecraft:entity.arrow.hit_player	28
minecraft:sound_event	minecraft:entity.arrow.shoot	29
minecraft:sound_event	minecraft:entity.bat.ambient	41
minecraft:sound_event	minecraft:entity.bat.death	42
minecraft:sound_event	minecraft:entity.bat.hurt	43
minecraft:sound_event	minecraft:entity.bat.loop	44
minecraft:sound_event	minecraft:entity.bat.takeoff	45
minecraft:sound_event	minecraft:entity.blaze.ambient	52
minecraft:sound_event	minecraft:entity.blaze.burn	53
minecraft:sound_event	minecraft:entity.blaze.death	54
minecraft:sound_event	minecraft:entity.blaze.hurt	55
minecraft:sound_event	minecraft:entity.blaze.shoot	56
minecraft:sound_event	minecraft:entity.boat.paddle_land	57
minecraft:sound_event	minecraft:entity.boat.paddle_water	58
minecraft:sound_event	minecraft:entity.cat.ambient	81
minecraft:sound_event	minecraft:entity.cat.beg_for_food	86
minecraft:sound_event	minecraft:entity.cat.death	83
minecraft:sound_event	minecraft:entity.cat.eat	84
minecraft:sound_event	minecraft:entity.cat.hiss	85
minecraft:sound_event	minecraft:entity.cat.hurt	87
minecraft:sound_event	minecraft:entity.cat.purr	88
minecraft:sound_event	minecraft:entity.cat.purreow	89
minecraft:sound_event	minecraft:entity.cat.stray_ambient	82
minecraft:sound_event	minecraft:entity.chicken.ambient	93
minecraft:sound_event	minecraft:entity.chicken.death	94
minecraft:sound_event	minecraft:entity.chicken.egg	95
minecraft:sound_event	minecraft:entity.chicken.hurt	96
minecraft:sound_event	minecraft:entity.chicken.step	97
minecraft:sound_event	minecraft:entity.cod.ambient	106
minecraft:sound_event	minecraft:entity.cod.death	107
minecraft:sound_event	minecraft:entity.cod.flop	108
minecraft:sound_event	minecraft:entity.cod.hurt	109
minecraft:sound_event	minecraft:entity.cow.ambient	120
minecraft:sound_event	minecraft:entity.cow.death	121
minecraft:sound_event	minecraft:entity.cow.hurt	122
minecraft:sound_event	minecraft:entity.cow.milk	123
minecraft:sound_event	minecraft:entity.cow.step	124
minecraft:sound_event	minecraft:entity.creeper.death	125
minecraft:sound_event	minecraft:entity.creeper.hurt	126
minecraft:sound_event	minecraft:entity.creeper.primed	127
minecraft:sound_event	minecraft:entity.dolphin.ambient	141
minecraft:sound_event	minecraft:entity.dolphin.ambient_water	142
minecraft:sound_event	minecraft:entity.dolphin.attack	143
minecraft:sound_event	minecraft:entity.dolphin.death	144
minecraft:sound_event	minecraft:entity.dolphin.eat	145
minecraft:sound_event	minecraft:entity.dolphin.hurt	146
minecraft:sound_event	minecraft:entity.dolphin.jump	147
minecraft:sound_event	minecraft:entity.dolphin.play	148
minecraft:sound_event	minecraft:entity.dolphin.splash	149
minecraft:sound_event	minecraft:entity.dolphin.swim	150
minecraft:sound_event	minecraft:entity.donkey.ambient	151
minecraft:sound_event	minecraft:entity.donkey.angry	152
minecraft:sound_event	minecraft:entity.donkey.chest	153
minecraft:sound_event	minecraft:entity.donkey.death	154
minecraft:sound_event	minecraft:entity.donkey.hurt	155
minecraft:sound_event	minecraft:entity.dragon_fireball.explode	180
minecraft:sound_event	minecraft:entity.drowned.ambient	156
minecraft:sound_event	minecraft:entity.drowned.ambient_water	157
minecraft:sound_event	minecraft:entity.drowned.death	158
minecraft:sound_event	minecraft:entity.drowned.death_water	159
minecraft:sound_event	minecraft:entity.drowned.hurt	160
minecraft:sound_event	minecraft:entity.drowned.hurt_water	161
minecraft:sound_event	minecraft:entity.drowned.shoot	162
minecraft:sound_event	minecraft:entity.drowned.step	163
minecraft:sound_event	minecraft:entity.drowned.swim	164
minecraft:sound_event	minecraft:entity.egg.throw	165
minecraft:sound_event	minecraft:entity.elder_guardian.ambient	166
minecraft:sound_event	minecraft:entity.elder_guardian.ambient_land	167
minecraft:sound_event	minecraft:entity.elder_guardian.curse	168
minecraft:sound_event	minecraft:entity.elder_guardian.death	169
minecraft:sound_event	minecraft:entity.elder_guardian.death_land	170
minecraft:sound_event	minecraft:entity.elder_guardian.flop	171
minecraft:sound_event	minecraft:entity.elder_guardian.hurt	172
minecraft:sound_event	minecraft:entity.elder_guardian.hurt_land	173
minecraft:sound_event	minecraft:entity.ender_dragon.ambient	178
minecraft:sound_event	minecraft:entity.ender_dragon.death	179
minecraft:sound_event	minecraft:entity.ender_dragon.flap	181
minecraft:sound_event	minecraft:entity.ender_dragon.growl	182
minecraft:sound_event	minecraft:entity.ender_dragon.hurt	183
minecraft:sound_event	minecraft:entity.ender_dragon.shoot	184
minecraft:sound_event	minecraft:entity.ender_eye.death	185
minecraft:sound_event	minecraft:entity.ender_eye.launch	186
minecraft:sound_event	minecraft:entity.ender_pearl.throw	197
minecraft:sound_event	minecraft:entity.enderman.ambient	187
minecraft:sound_event	minecraft:entity.enderman.death	188
minecraft:sound_event	minecraft:entity.enderman.hurt	189
minecraft:sound_event	minecraft:entity.enderman.scream	190
minecraft:sound_event	minecraft:entity.enderman.stare	191
minecraft:sound_event	minecraft:entity.enderman.teleport	192
minecraft:sound_event	minecraft:entity.endermite.ambient	193
minecraft:sound_event	minecraft:entity.endermite.death	194
minecraft:sound_event	minecraft:entity.endermite.hurt	195
minecraft:sound_event	minecraft:entity.endermite.step	196
minecraft:sound_event	minecraft:entity.evoker.ambient	201
minecraft:sound_event	minecraft:entity.evoker.cast_spell	202
minecraft:sound_event	minecraft:entity.evoker.celebrate	203
minecraft:sound_event	minecraft:entity.evoker.death	204
minecraft:sound_event	minecraft:entity.evoker.hurt	206
minecraft:sound_event	minecraft:entity.evoker.prepare_attack	207
minecraft:sound_event	minecraft:entity.evoker.prepare_summon	208
minecraft:sound_event	minecraft:entity.evoker.prepare_wololo	209
minecraft:sound_event	minecraft:entity.evoker_fangs.attack	205
minecraft:sound_event	minecraft:entity.experience_bottle.throw	210
minecraft:sound_event	minecraft:entity.experience_orb.pickup	211
minecraft:sound_event	minecraft:entity.firework_rocket.blast	215
minecraft:sound_event	minecraft:entity.firework_rocket.blast_far	216
minecraft:sound_event	minecraft:entity.firework_rocket.large_blast	217
minecraft:sound_event	minecraft:entity.firework_rocket.large_blast_far	218
minecraft:sound_event	minecraft:entity.firework_rocket.launch	219
minecraft:sound_event	minecraft:entity.firework_rocket.shoot	220
minecraft:sound_event	minecraft:entity.firework_rocket.twinkle	221
minecraft:sound_event	minecraft:entity.firework_rocket.twinkle_far	222
minecraft:sound_event	minecraft:entity.fish.swim	225
minecraft:sound_event	minecraft:entity.fishing_bobber.retrieve	61
minecraft:sound_event	minecraft:entity.fishing_bobber.splash	62
minecraft:sound_event	minecraft:entity.fishing_bobber.throw	63
minecraft:sound_event	minecraft:entity.fox.aggro	227
minecraft:sound_event	minecraft:entity.fox.ambient	228
minecraft:sound_event	minecraft:entity.fox.bite	229
minecraft:sound_event	minecraft:entity.fox.death	230
minecraft:sound_event	minecraft:entity.fox.eat	231
minecraft:sound_event	minecraft:entity.fox.hurt	232
minecraft:sound_event	minecraft:entity.fox.screech	233
minecraft:sound_event	minecraft:entity.fox.sleep	234
minecraft:sound_event	minecraft:entity.fox.sniff	235
minecraft:sound_event	minecraft:entity.fox.spit	236
minecraft:sound_event	minecraft:entity.generic.big_fall	238
minecraft:sound_event	minecraft:entity.generic.burn	239
minecraft:sound_event	minecraft:entity.generic.death	240
minecraft:sound_event	minecraft:entity.generic.drink	241
minecraft:sound_event	minecraft:entity.generic.eat	242
minecraft:sound_event	minecraft:entity.generic.explode	243
minecraft:sound_event	minecraft:entity.generic.extinguish_fire	244
minecraft:sound_event	minecraft:entity.generic.hurt	245
minecraft:sound_event	minecraft:entity.generic.small_fall	246
minecraft:sound_event	minecraft:entity.generic.splash	247
minecraft:sound_event	minecraft:entity.generic.swim	248
minecraft:sound_event	minecraft:entity.ghast.ambient	249
minecraft:sound_event	minecraft:entity.ghast.death	250
minecraft:sound_event	minecraft:entity.ghast.hurt	251
minecraft:sound_event	minecraft:entity.ghast.scream	252
minecraft:sound_event	minecraft:entity.ghast.shoot	253
minecraft:sound_event	minecraft:entity.ghast.warn	254
minecraft:sound_event	minecraft:entity.guardian.ambient	281
minecraft:sound_event	minecraft:entity.guardian.ambient_land	282
minecraft:sound_event	minecraft:entity.guardian.attack	283
minecraft:sound_event	minecraft:entity.guardian.death	284
minecraft:sound_event	minecraft:entity.guardian.death_land	285
minecraft:sound_event	minecraft:entity.guardian.flop	286
minecraft:sound_event	minecraft:entity.guardian.hurt	287
minecraft:sound_event	minecraft:entity.guardian.hurt_land	288
minecraft:sound_event	minecraft:entity.horse.ambient	290
minecraft:sound_event	minecraft:entity.horse.angry	291
minecraft:sound_event	minecraft:entity.horse.armor	292
minecraft:sound_event	minecraft:entity.horse.breathe	293
minecraft:sound_event	minecraft:entity.horse.death	294
minecraft:sound_event	minecraft:entity.horse.eat	295
minecraft:sound_event	minecraft:entity.horse.gallop	296
minecraft:sound_event	minecraft:entity.horse.hurt	297
minecraft:sound_event	minecraft:entity.horse.jump	298
minecraft:sound_event	minecraft:entity.horse.land	299
minecraft:sound_event	minecraft:entity.horse.saddle	300
minecraft:sound_event	minecraft:entity.horse.step	301
minecraft:sound_event	minecraft:entity.horse.step_wood	302
minecraft:sound_event	minecraft:entity.hostile.big_fall	303
minecraft:sound_event	minecraft:entity.hostile.death	304
minecraft:sound_event	minecraft:entity.hostile.hurt	305
minecraft:sound_event	minecraft:entity.hostile.small_fall	306
minecraft:sound_event	minecraft:entity.hostile.splash	307
minecraft:sound_event	minecraft:entity.hostile.swim	308
minecraft:sound_event	minecraft:entity.husk.ambient	309
minecraft:sound_event	minecraft:entity.husk.converted_to_zombie	310
minecraft:sound_event	minecraft:entity.husk.death	311
minecraft:sound_event	minecraft:entity.husk.hurt	312
minecraft:sound_event	minecraft:entity.husk.step	313
minecraft:sound_event	minecraft:entity.illusioner.ambient	322
minecraft:sound_event	minecraft:entity.illusioner.cast_spell	323
minecraft:sound_event	minecraft:entity.illusioner.death	324
minecraft:sound_event	minecraft:entity.illusioner.hurt	325
minecraft:sound_event	minecraft:entity.illusioner.mirror_move	326
minecraft:sound_event	minecraft:entity.illusioner.prepare_blindness	327
minecraft:sound_event	minecraft:entity.illusioner.prepare_mirror	328
minecraft:sound_event	minecraft:entity.iron_golem.attack	331
minecraft:sound_event	minecraft:entity.iron_golem.death	332
minecraft:sound_event	minecraft:entity.iron_golem.hurt	333
minecraft:sound_event	minecraft:entity.iron_golem.step	334
minecraft:sound_event	minecraft:entity.item.break	342
minecraft:sound_event	minecraft:entity.item.pickup	343
minecraft:sound_event	minecraft:entity.item_frame.add_item	337
minecraft:sound_event	minecraft:entity.item_frame.break	338
minecraft:sound_event	minecraft:entity.item_frame.place	339
minecraft:sound_event	minecraft:entity.item_frame.remove_item	340
minecraft:sound_event	minecraft:entity.item_frame.rotate_item	341
minecraft:sound_event	minecraft:entity.leash_knot.break	357
minecraft:sound_event	minecraft:entity.leash_knot.place	358
minecraft:sound_event	minecraft:entity.lightning_bolt.impact	360
minecraft:sound_event	minecraft:entity.lightning_bolt.thunder	361
minecraft:sound_event	minecraft:entity.lingering_potion.throw	362
minecraft:sound_event	minecraft:entity.llama.ambient	363
minecraft:sound_event	minecraft:entity.llama.angry	364
minecraft:sound_event	minecraft:entity.llama.chest	365
minecraft:sound_event	minecraft:entity.llama.death	366
minecraft:sound_event	minecraft:entity.llama.eat	367
minecraft:sound_event	minecraft:entity.llama.hurt	368
minecraft:sound_event	minecraft:entity.llama.spit	369
minecraft:sound_event	minecraft:entity.llama.step	370
minecraft:sound_event	minecraft:entity.llama.swag	371
minecraft:sound_event	minecraft:entity.magma_cube.death	372
minecraft:sound_event	minecraft:entity.magma_cube.death_small	608
minecraft:sound_event	minecraft:entity.magma_cube.hurt	373
minecraft:sound_event	minecraft:entity.magma_cube.hurt_small	609
minecraft:sound_event	minecraft:entity.magma_cube.jump	374
minecraft:sound_event	minecraft:entity.magma_cube.squish	375
minecraft:sound_event	minecraft:entity.magma_cube.squish_small	610
minecraft:sound_event	minecraft:entity.minecart.inside	383
minecraft:sound_event	minecraft:entity.minecart.riding	384
minecraft:sound_event	minecraft:entity.mooshroom.convert	385
minecraft:sound_event	minecraft:entity.mooshroom.eat	386
minecraft:sound_event	minecraft:entity.mooshroom.milk	387
minecraft:sound_event	minecraft:entity.mooshroom.shear	389
minecraft:sound_event	minecraft:entity.mooshroom.suspicious_milk	388
minecraft:sound_event	minecraft:entity.mule.ambient	390
minecraft:sound_event	minecraft:entity.mule.chest	391
minecraft:sound_event	minecraft:entity.mule.death	392
minecraft:sound_event	minecraft:entity.mule.hurt	393
minecraft:sound_event	minecraft:entity.ocelot.ambient	421
minecraft:sound_event	minecraft:entity.ocelot.death	422
minecraft:sound_event	minecraft:entity.ocelot.hurt	420
minecraft:sound_event	minecraft:entity.painting.break	423
minecraft:sound_event	minecraft:entity.painting.place	424
minecraft:sound_event	minecraft:entity.panda.aggressive_ambient	432
minecraft:sound_event	minecraft:entity.panda.ambient	427
minecraft:sound_event	minecraft:entity.panda.bite	435
minecraft:sound_event	minecraft:entity.panda.cant_breed	431
minecraft:sound_event	minecraft:entity.panda.death	428
minecraft:sound_event	minecraft:entity.panda.eat	429
minecraft:sound_event	minecraft:entity.panda.hurt	434
minecraft:sound_event	minecraft:entity.panda.pre_sneeze	425
minecraft:sound_event	minecraft:entity.panda.sneeze	426
minecraft:sound_event	minecraft:entity.panda.step	430
minecraft:sound_event	minecraft:entity.panda.worried_ambient	433
minecraft:sound_event	minecraft:entity.parrot.ambient	436
minecraft:sound_event	minecraft:entity.parrot.death	437
minecraft:sound_event	minecraft:entity.parrot.eat	438
minecraft:sound_event	minecraft:entity.parrot.fly	439
minecraft:sound_event	minecraft:entity.parrot.hurt	440
minecraft:sound_event	minecraft:entity.parrot.imitate.blaze	441
minecraft:sound_event	minecraft:entity.parrot.imitate.creeper	442
minecraft:sound_event	minecraft:entity.parrot.imitate.drowned	443
minecraft:sound_event	minecraft:entity.parrot.imitate.elder_guardian	444
minecraft:sound_event	minecraft:entity.parrot.imitate.ender_dragon	445
minecraft:sound_event	minecraft:entity.parrot.imitate.enderman	446
minecraft:sound_event	minecraft:entity.parrot.imitate.endermite	447
minecraft:sound_event	minecraft:entity.parrot.imitate.evoker	448
minecraft:sound_event	minecraft:entity.parrot.imitate.ghast	449
minecraft:sound_event	minecraft:entity.parrot.imitate.guardian	450
minecraft:sound_event	minecraft:entity.parrot.imitate.husk	451
minecraft:sound_event	minecraft:entity.parrot.imitate.illusioner	452
minecraft:sound_event	minecraft:entity.parrot.imitate.magma_cube	453
minecraft:sound_event	minecraft:entity.parrot.imitate.panda	454
minecraft:sound_event	minecraft:entity.parrot.imitate.phantom	455
minecraft:sound_event	minecraft:entity.parrot.imitate.pillager	456
minecraft:sound_event	minecraft:entity.parrot.imitate.polar_bear	457
minecraft:sound_event	minecraft:entity.parrot.imitate.ravager	458
minecraft:sound_event	minecraft:entity.parrot.imitate.shulker	459
minecraft:sound_event	minecraft:entity.parrot.imitate.silverfish	460
minecraft:sound_event	minecraft:entity.parrot.imitate.skeleton	461
minecraft:sound_event	minecraft:entity.parrot.imitate.slime	462
minecraft:sound_event	minecraft:entity.parrot.imitate.spider	463
minecraft:sound_event	minecraft:entity.parrot.imitate.stray	464
minecraft:sound_event	minecraft:entity.parrot.imitate.vex	465
minecraft:sound_event	minecraft:entity.parrot.imitate.vindicator	466
minecraft:sound_event	minecraft:entity.parrot.imitate.witch	467
minecraft:sound_event	minecraft:entity.parrot.imitate.wither	468
minecraft:sound_event	minecraft:entity.parrot.imitate.wither_skeleton	469
minecraft:sound_event	minecraft:entity.parrot.imitate.wolf	470
minecraft:sound_event	minecraft:entity.parrot.imitate.zombie	471
minecraft:sound_event	minecraft:entity.parrot.imitate.zombie_pigman	472
minecraft:sound_event	minecraft:entity.parrot.imitate.zombie_villager	473
minecraft:sound_event	minecraft:entity.parrot.step	474
minecraft:sound_event	minecraft:entity.phantom.ambient	475
minecraft:sound_event	minecraft:entity.phantom.bite	476
minecraft:sound_event	minecraft:entity.phantom.death	477
minecraft:sound_event	minecraft:entity.phantom.flap	478
minecraft:sound_event	minecraft:entity.phantom.hurt	479
minecraft:sound_event	minecraft:entity.phantom.swoop	480
minecraft:sound_event	minecraft:entity.pig.ambient	481
minecraft:sound_event	minecraft:entity.pig.death	482
minecraft:sound_event	minecraft:entity.pig.hurt	483
minecraft:sound_event	minecraft:entity.pig.saddle	484
minecraft:sound_event	minecraft:entity.pig.step	485
minecraft:sound_event	minecraft:entity.pillager.ambient	486
minecraft:sound_event	minecraft:entity.pillager.celebrate	487
minecraft:sound_event	minecraft:entity.pillager.death	488
minecraft:sound_event	minecraft:entity.pillager.hurt	489
minecraft:sound_event	minecraft:entity.player.attack.crit	492
minecraft:sound_event	minecraft:entity.player.attack.knockback	493
minecraft:sound_event	minecraft:entity.player.attack.nodamage	494
minecraft:sound_event	minecraft:entity.player.attack.strong	495
minecraft:sound_event	minecraft:entity.player.attack.sweep	496
minecraft:sound_event	minecraft:entity.player.attack.weak	497
minecraft:sound_event	minecraft:entity.player.big_fall	498
minecraft:sound_event	minecraft:entity.player.breath	499
minecraft:sound_event	minecraft:entity.player.burp	500
minecraft:sound_event	minecraft:entity.player.death	501
minecraft:sound_event	minecraft:entity.player.hurt	502
minecraft:sound_event	minecraft:entity.player.hurt_drown	503
minecraft:sound_event	minecraft:entity.player.hurt_on_fire	504
minecraft:sound_event	minecraft:entity.player.hurt_sweet_berry_bush	505
minecraft:sound_event	minecraft:entity.player.levelup	506
minecraft:sound_event	minecraft:entity.player.small_fall	507
minecraft:sound_event	minecraft:entity.player.splash	508
minecraft:sound_event	minecraft:entity.player.splash.high_speed	509
minecraft:sound_event	minecraft:entity.player.swim	510
minecraft:sound_event	minecraft:entity.polar_bear.ambient	511
minecraft:sound_event	minecraft:entity.polar_bear.ambient_baby	512
minecraft:sound_event	minecraft:entity.polar_bear.death	513
minecraft:sound_event	minecraft:entity.polar_bear.hurt	514
minecraft:sound_event	minecraft:entity.polar_bear.step	515
minecraft:sound_event	minecraft:entity.polar_bear.warning	516
minecraft:sound_event	minecraft:entity.puffer_fish.ambient	520
minecraft:sound_event	minecraft:entity.puffer_fish.blow_out	521
minecraft:sound_event	minecraft:entity.puffer_fish.blow_up	522
minecraft:sound_event	minecraft:entity.puffer_fish.death	523
minecraft:sound_event	minecraft:entity.puffer_fish.flop	524
minecraft:sound_event	minecraft:entity.puffer_fish.hurt	525
minecraft:sound_event	minecraft:entity.puffer_fish.sting	526
minecraft:sound_event	minecraft:entity.rabbit.ambient	528
minecraft:sound_event	minecraft:entity.rabbit.attack	529
minecraft:sound_event	minecraft:entity.rabbit.death	530
minecraft:sound_event	minecraft:entity.rabbit.hurt	531
minecraft:sound_event	minecraft:entity.rabbit.jump	532
minecraft:sound_event	minecraft:entity.ravager.ambient	314
minecraft:sound_event	minecraft:entity.ravager.attack	315
minecraft:sound_event	minecraft:entity.ravager.celebrate	316
minecraft:sound_event	minecraft:entity.ravager.death	317
minecraft:sound_event	minecraft:entity.ravager.hurt	318
minecraft:sound_event	minecraft:entity.ravager.roar	321
minecraft:sound_event	minecraft:entity.ravager.step	319
minecraft:sound_event	minecraft:entity.ravager.stunned	320
minecraft:sound_event	minecraft:entity.salmon.ambient	547
minecraft:sound_event	minecraft:entity.salmon.death	548
minecraft:sound_event	minecraft:entity.salmon.flop	549
minecraft:sound_event	minecraft:entity.salmon.hurt	550
minecraft:sound_event	minecraft:entity.sheep.ambient	561
minecraft:sound_event	minecraft:entity.sheep.death	562
minecraft:sound_event	minecraft:entity.sheep.hurt	563
minecraft:sound_event	minecraft:entity.sheep.shear	564
minecraft:sound_event	minecraft:entity.sheep.step	565
minecraft:sound_event	minecraft:entity.shulker.ambient	569
minecraft:sound_event	minecraft:entity.shulker.close	574
minecraft:sound_event	minecraft:entity.shulker.death	575
minecraft:sound_event	minecraft:entity.shulker.hurt	576
minecraft:sound_event	minecraft:entity.shulker.hurt_closed	577
minecraft:sound_event	minecraft:entity.shulker.open	578
minecraft:sound_event	minecraft:entity.shulker.shoot	579
minecraft:sound_event	minecraft:entity.shulker.teleport	580
minecraft:sound_event	minecraft:entity.shulker_bullet.hit	572
minecraft:sound_event	minecraft:entity.shulker_bullet.hurt	573
minecraft:sound_event	minecraft:entity.silverfish.ambient	581
minecraft:sound_event	minecraft:entity.silverfish.death	582
minecraft:sound_event	minecraft:entity.silverfish.hurt	583
minecraft:sound_event	minecraft:entity.silverfish.step	584
minecraft:sound_event	minecraft:entity.skeleton.ambient	585
minecraft:sound_event	minecraft:entity.skeleton.death	586
minecraft:sound_event	minecraft:entity.skeleton.hurt	595
minecraft:sound_event	minecraft:entity.skeleton.shoot	596
minecraft:sound_event	minecraft:entity.skeleton.step	597
minecraft:sound_event	minecraft:entity.skeleton_horse.ambient	587
minecraft:sound_event	minecraft:entity.skeleton_horse.ambient_water	591
minecraft:sound_event	minecraft:entity.skeleton_horse.death	588
minecraft:sound_event	minecraft:entity.skeleton_horse.gallop_water	592
minecraft:sound_event	minecraft:entity.skeleton_horse.hurt	589
minecraft:sound_event	minecraft:entity.skeleton_horse.jump_water	593
minecraft:sound_event	minecraft:entity.skeleton_horse.step_water	594
minecraft:sound_event	minecraft:entity.skeleton_horse.swim	590
minecraft:sound_event	minecraft:entity.slime.attack	598
minecraft:sound_event	minecraft:entity.slime.death	599
minecraft:sound_event	minecraft:entity.slime.death_small	611
minecraft:sound_event	minecraft:entity.slime.hurt	600
minecraft:sound_event	minecraft:entity.slime.hurt_small	612
minecraft:sound_event	minecraft:entity.slime.jump	601
minecraft:sound_event	minecraft:entity.slime.jump_small	613
minecraft:sound_event	minecraft:entity.slime.squish	602
minecraft:sound_event	minecraft:entity.slime.squish_small	614
minecraft:sound_event	minecraft:entity.snow_golem.ambient	619
minecraft:sound_event	minecraft:entity.snow_golem.death	620
minecraft:sound_event	minecraft:entity.snow_golem.hurt	621
minecraft:sound_event	minecraft:entity.snow_golem.shoot	622
minecraft:sound_event	minecraft:entity.snowball.throw	616
minecraft:sound_event	minecraft:entity.spider.ambient	626
minecraft:sound_event	minecraft:entity.spider.death	627
minecraft:sound_event	minecraft:entity.spider.hurt	628
minecraft:sound_event	minecraft:entity.spider.step	629
minecraft:sound_event	minecraft:entity.splash_potion.break	630
minecraft:sound_event	minecraft:entity.splash_potion.throw	631
minecraft:sound_event	minecraft:entity.squid.ambient	632
minecraft:sound_event	minecraft:entity.squid.death	633
minecraft:sound_event	minecraft:entity.squid.hurt	634
minecraft:sound_event	minecraft:entity.squid.squirt	635
minecraft:sound_event	minecraft:entity.stray.ambient	645
minecraft:sound_event	minecraft:entity.stray.death	646
minecraft:sound_event	minecraft:entity.stray.hurt	647
minecraft:sound_event	minecraft:entity.stray.step	648
minecraft:sound_event	minecraft:entity.tnt.primed	653
minecraft:sound_event	minecraft:entity.tropical_fish.ambient	667
minecraft:sound_event	minecraft:entity.tropical_fish.death	668
minecraft:sound_event	minecraft:entity.tropical_fish.flop	669
minecraft:sound_event	minecraft:entity.tropical_fish.hurt	670
minecraft:sound_event	minecraft:entity.turtle.ambient_land	671
minecraft:sound_event	minecraft:entity.turtle.death	672
minecraft:sound_event	minecraft:entity.turtle.death_baby	673
minecraft:sound_event	minecraft:entity.turtle.egg_break	674
minecraft:sound_event	minecraft:entity.turtle.egg_crack	675
minecraft:sound_event	minecraft:entity.turtle.egg_hatch	676
minecraft:sound_event	minecraft:entity.turtle.hurt	677
minecraft:sound_event	minecraft:entity.turtle.hurt_baby	678
minecraft:sound_event	minecraft:entity.turtle.lay_egg	679
minecraft:sound_event	minecraft:entity.turtle.shamble	680
minecraft:sound_event	minecraft:entity.turtle.shamble_baby	681
minecraft:sound_event	minecraft:entity.turtle.swim	682
minecraft:sound_event	minecraft:entity.vex.ambient	692
minecraft:sound_event	minecraft:entity.vex.charge	693
minecraft:sound_event	minecraft:entity.vex.death	694
minecraft:sound_event	minecraft:entity.vex.hurt	695
minecraft:sound_event	minecraft:entity.villager.ambient	696
minecraft:sound_event	minecraft:entity.villager.celebrate	697
minecraft:sound_event	minecraft:entity.villager.death	698
minecraft:sound_event	minecraft:entity.villager.hurt	699
minecraft:sound_event	minecraft:entity.villager.no	700
minecraft:sound_event	minecraft:entity.villager.trade	701
minecraft:sound_event	minecraft:entity.villager.work_armorer	703
minecraft:sound_event	minecraft:entity.villager.work_butcher	704
minecraft:sound_event	minecraft:entity.villager.work_cartographer	705
minecraft:sound_event	minecraft:entity.villager.work_cleric	706
minecraft:sound_event	minecraft:entity.villager.work_farmer	707
minecraft:sound_event	minecraft:entity.villager.work_fisherman	708
minecraft:sound_event	minecraft:entity.villager.work_fletcher	709
minecraft:sound_event	minecraft:entity.villager.work_leatherworker	710
minecraft:sound_event	minecraft:entity.villager.work_librarian	711
minecraft:sound_event	minecraft:entity.villager.work_mason	712
minecraft:sound_event	minecraft:entity.villager.work_shepherd	713
minecraft:sound_event	minecraft:entity.villager.work_toolsmith	714
minecraft:sound_event	minecraft:entity.villager.work_weaponsmith	715
minecraft:sound_event	minecraft:entity.villager.yes	702
minecraft:sound_event	minecraft:entity.vindicator.ambient	716
minecraft:sound_event	minecraft:entity.vindicator.celebrate	717
minecraft:sound_event	minecraft:entity.vindicator.death	718
minecraft:sound_event	minecraft:entity.vindicator.hurt	719
minecraft:sound_event	minecraft:entity.wandering_trader.ambient	721
minecraft:sound_event	minecraft:entity.wandering_trader.death	722
minecraft:sound_event	minecraft:entity.wandering_trader.disappeared	723
minecraft:sound_event	minecraft:entity.wandering_trader.drink_milk	724
minecraft:sound_event	minecraft:entity.wandering_trader.drink_potion	725
minecraft:sound_event	minecraft:entity.wandering_trader.hurt	726
minecraft:sound_event	minecraft:entity.wandering_trader.no	727
minecraft:sound_event	minecraft:entity.wandering_trader.reappeared	728
minecraft:sound_event	minecraft:entity.wandering_trader.trade	729
minecraft:sound_event	minecraft:entity.wandering_trader.yes	730
minecraft:sound_event	minecraft:entity.witch.ambient	734
minecraft:sound_event	minecraft:entity.witch.celebrate	735
minecraft:sound_event	minecraft:entity.witch.death	736
minecraft:sound_event	minecraft:entity.witch.drink	737
minecraft:sound_event	minecraft:entity.witch.hurt	738
minecraft:sound_event	minecraft:entity.witch.throw	739
minecraft:sound_event	minecraft:entity.wither.ambient	740
minecraft:sound_event	minecraft:entity.wither.break_block	741
minecraft:sound_event	minecraft:entity.wither.death	742
minecraft:sound_event	minecraft:entity.wither.hurt	743
minecraft:sound_event	minecraft:entity.wither.shoot	744
minecraft:sound_event	minecraft:entity.wither.spawn	749
minecraft:sound_event	minecraft:entity.wither_skeleton.ambient	745
minecraft:sound_event	minecraft:entity.wither_skeleton.death	746
minecraft:sound_event	minecraft:entity.wither_skeleton.hurt	747
minecraft:sound_event	minecraft:entity.wither_skeleton.step	748
minecraft:sound_event	minecraft:entity.wolf.ambient	750
minecraft:sound_event	minecraft:entity.wolf.death	751
minecraft:sound_event	minecraft:entity.wolf.growl	752
minecraft:sound_event	minecraft:entity.wolf.howl	753
minecraft:sound_event	minecraft:entity.wolf.hurt	754
minecraft:sound_event	minecraft:entity.wolf.pant	755
minecraft:sound_event	minecraft:entity.wolf.shake	756
minecraft:sound_event	minecraft:entity.wolf.step	757
minecraft:sound_event	minecraft:entity.wolf.whine	758
minecraft:sound_event	minecraft:entity.zombie.ambient	772
minecraft:sound_event	minecraft:entity.zombie.attack_iron_door	774
minecraft:sound_event	minecraft:entity.zombie.attack_wooden_door	773
minecraft:sound_event	minecraft:entity.zombie.break_wooden_door	775
minecraft:sound_event	minecraft:entity.zombie.converted_to_drowned	776
minecraft:sound_event	minecraft:entity.zombie.death	777
minecraft:sound_event	minecraft:entity.zombie.destroy_egg	778
minecraft:sound_event	minecraft:entity.zombie.hurt	782
minecraft:sound_event	minecraft:entity.zombie.infect	783
minecraft:sound_event	minecraft:entity.zombie.step	788
minecraft:sound_event	minecraft:entity.zombie_horse.ambient	779
minecraft:sound_event	minecraft:entity.zombie_horse.death	780
minecraft:sound_event	minecraft:entity.zombie_horse.hurt	781
minecraft:sound_event	minecraft:entity.zombie_pigman.ambient	784
minecraft:sound_event	minecraft:entity.zombie_pigman.angry	785
minecraft:sound_event	minecraft:entity.zombie_pigman.death	786
minecraft:sound_event	minecraft:entity.zombie_pigman.hurt	787
minecraft:sound_event	minecraft:entity.zombie_villager.ambient	789
minecraft:sound_event	minecraft:entity.zombie_villager.converted	790
minecraft:sound_event	minecraft:entity.zombie_villager.cure	791
minecraft:sound_event	minecraft:entity.zombie_villager.death	792
minecraft:sound_event	minecraft:entity.zombie_villager.hurt	793
minecraft:sound_event	minecraft:entity.zombie_villager.step	794
minecraft:sound_event	minecraft:event.raid.horn	533
minecraft:sound_event	minecraft:item.armor.equip_chain	15
minecraft:sound_event	minecraft:item.armor.equip_diamond	16
minecraft:sound_event	minecraft:item.armor.equip_elytra	17
minecraft:sound_event	minecraft:item.armor.equip_generic	18
minecraft:sound_event	minecraft:item.armor.equip_gold	19
minecraft:sound_event	minecraft:item.armor.equip_iron	20
minecraft:sound_event	minecraft:item.armor.equip_leather	21
minecraft:sound_event	minecraft:item.armor.equip_turtle	22
minecraft:sound_event	minecraft:item.axe.strip	30
minecraft:sound_event	minecraft:item.book.page_turn	59
minecraft:sound_event	minecraft:item.book.put	60
minecraft:sound_event	minecraft:item.bottle.empty	65
minecraft:sound_event	minecraft:item.bottle.fill	66
minecraft:sound_event	minecraft:item.bottle.fill_dragonbreath	67
minecraft:sound_event	minecraft:item.bucket.empty	74
minecraft:sound_event	minecraft:item.bucket.empty_fish	75
minecraft:sound_event	minecraft:item.bucket.empty_lava	76
minecraft:sound_event	minecraft:item.bucket.fill	77
minecraft:sound_event	minecraft:item.bucket.fill_fish	78
minecraft:sound_event	minecraft:item.bucket.fill_lava	79
minecraft:sound_event	minecraft:item.chorus_fruit.teleport	100
minecraft:sound_event	minecraft:item.crop.plant	129
minecraft:sound_event	minecraft:item.crossbow.hit	130
minecraft:sound_event	minecraft:item.crossbow.loading_end	131
minecraft:sound_event	minecraft:item.crossbow.loading_middle	132
minecraft:sound_event	minecraft:item.crossbow.loading_start	133
minecraft:sound_event	minecraft:item.crossbow.quick_charge_1	134
minecraft:sound_event	minecraft:item.crossbow.quick_charge_2	135
minecraft:sound_event	minecraft:item.crossbow.quick_charge_3	136
minecraft:sound_event	minecraft:item.crossbow.shoot	137
minecraft:sound_event	minecraft:item.elytra.flying	174
minecraft:sound_event	minecraft:item.firecharge.use	214
minecraft:sound_event	minecraft:item.flintandsteel.use	226
minecraft:sound_event	minecraft:item.hoe.till	289
minecraft:sound_event	minecraft:item.nether_wart.plant	403
minecraft:sound_event	minecraft:item.shield.block	566
minecraft:sound_event	minecraft:item.shield.break	567
minecraft:sound_event	minecraft:item.shovel.flatten	568
minecraft:sound_event	minecraft:item.sweet_berries.pick_from_bush	651
minecraft:sound_event	minecraft:item.totem.use	654
minecraft:sound_event	minecraft:item.trident.hit	655
minecraft:sound_event	minecraft:item.trident.hit_ground	656
minecraft:sound_event	minecraft:item.trident.return	657
minecraft:sound_event	minecraft:item.trident.riptide_1	658
minecraft:sound_event	minecraft:item.trident.riptide_2	659
minecraft:sound_event	minecraft:item.trident.riptide_3	660
minecraft:sound_event	minecraft:item.trident.throw	661
minecraft:sound_event	minecraft:item.trident.thunder	662
minecraft:sound_event	minecraft:music.creative	394
minecraft:sound_event	minecraft:music.credits	395
minecraft:sound_event	minecraft:music.dragon	396
minecraft:sound_event	minecraft:music.end	397
minecraft:sound_event	minecraft:music.game	398
minecraft:sound_event	minecraft:music.menu	399
minecraft:sound_event	minecraft:music.nether	400
minecraft:sound_event	minecraft:music.under_water	401
minecraft:sound_event	minecraft:music_disc.11	534
minecraft:sound_event	minecraft:music_disc.13	535
minecraft:sound_event	minecraft:music_disc.blocks	536
minecraft:sound_event	minecraft:music_disc.cat	537
minecraft:sound_event	minecraft:music_disc.chirp	538
minecraft:sound_event	minecraft:music_disc.far	539
minecraft:sound_event	minecraft:music_disc.mall	540
minecraft:sound_event	minecraft:music_disc.mellohi	541
minecraft:sound_event	minecraft:music_disc.stal	542
minecraft:sound_event	minecraft:music_disc.strad	543
minecraft:sound_event	minecraft:music_disc.wait	544
minecraft:sound_event	minecraft:music_disc.ward	545
minecraft:sound_event	minecraft:ui.button.click	683
minecraft:sound_event	minecraft:ui.cartography_table.take_result	686
minecraft:sound_event	minecraft:ui.loom.select_pattern	684
minecraft:sound_event	minecraft:ui.loom.take_result	685
minecraft:sound_event	minecraft:ui.stonecutter.select_recipe	688
minecraft:sound_event	minecraft:ui.stonecutter.take_result	687
minecraft:sound_event	minecraft:ui.toast.challenge_complete	689
minecraft:sound_event	minecraft:ui.toast.in	690
minecraft:sound_event	minecraft:ui.toast.out	691
minecraft:sound_event	minecraft:weather.rain	732
minecraft:sound_event	minecraft:weather.rain.above	733
minecraft:stat_type	minecraft:broken	3
minecraft:stat_type	minecraft:crafted	1
minecraft:stat_type	minecraft:custom	8
minecraft:stat_type	minecraft:dropped	5
minecraft:stat_type	minecraft:killed	6
minecraft:stat_type	minecraft:killed_by	7
minecraft:stat_type	minecraft:mined	0
minecraft:stat_type	minecraft:picked_up	4
minecraft:stat_type	minecraft:used	2
minecraft:structure_feature	minecraft:buried_treasure	12
minecraft:structure_feature	minecraft:desert_pyramid	6
minecraft:structure_feature	minecraft:endcity	10
minecraft:structure_feature	minecraft:fortress	2
minecraft:structure_feature	minecraft:igloo	7
minecraft:structure_feature	minecraft:jungle_pyramid	4
minecraft:structure_feature	minecraft:mansion	11
minecraft:structure_feature	minecraft:mineshaft	0
minecraft:structure_feature	minecraft:monument	9
minecraft:structure_feature	minecraft:ocean_ruin	5
minecraft:structure_feature	minecraft:pillager_outpost	1
minecraft:structure_feature	minecraft:shipwreck	13
minecraft:structure_feature	minecraft:stronghold	3
minecraft:structure_feature	minecraft:swamp_hut	8
minecraft:structure_feature	minecraft:village	14
minecraft:structure_piece	minecraft:btp	53
minecraft:structure_piece	minecraft:ecp	51
minecraft:structure_piece	minecraft:iglu	36
minecraft:structure_piece	minecraft:mscorridor	0
minecraft:structure_piece	minecraft:mscrossing	1
minecraft:structure_piece	minecraft:msroom	2
minecraft:structure_piece	minecraft:msstairs	3
minecraft:structure_piece	minecraft:nebcr	6
minecraft:structure_piece	minecraft:nebef	7
minecraft:structure_piece	minecraft:nebs	8
minecraft:structure_piece	minecraft:neccs	9
minecraft:structure_piece	minecraft:nece	11
minecraft:structure_piece	minecraft:necsr	16
minecraft:structure_piece	minecraft:nectb	10
minecraft:structure_piece	minecraft:nemt	17
minecraft:structure_piece	minecraft:nerc	18
minecraft:structure_piece	minecraft:nesc	14
minecraft:structure_piece	minecraft:nesclt	13
minecraft:structure_piece	minecraft:nescrt	15
minecraft:structure_piece	minecraft:nescsc	12
minecraft:structure_piece	minecraft:nesr	19
minecraft:structure_piece	minecraft:nestart	20
minecraft:structure_piece	minecraft:nvi	5
minecraft:structure_piece	minecraft:omb	39
minecraft:structure_piece	minecraft:omcr	40
minecraft:structure_piece	minecraft:omdxr	41
minecraft:structure_piece	minecraft:omdxyr	42
minecraft:structure_piece	minecraft:omdyr	43
minecraft:structure_piece	minecraft:omdyzr	44
minecraft:structure_piece	minecraft:omdzr	45
minecraft:structure_piece	minecraft:omentry	46
minecraft:structure_piece	minecraft:ompenthouse	47
minecraft:structure_piece	minecraft:omsimple	48
minecraft:structure_piece	minecraft:omsimplet	49
minecraft:structure_piece	minecraft:omwr	50
minecraft:structure_piece	minecraft:orp	35
minecraft:structure_piece	minecraft:pcp	4
minecraft:structure_piece	minecraft:sh5c	23
minecraft:structure_piece	minecraft:shcc	21
minecraft:structure_piece	minecraft:shfc	22
minecraft:structure_piece	minecraft:shipwreck	54
minecraft:structure_piece	minecraft:shli	25
minecraft:structure_piece	minecraft:shlt	24
minecraft:structure_piece	minecraft:shph	27
minecraft:structure_piece	minecraft:shpr	26
minecraft:structure_piece	minecraft:shrc	29
minecraft:structure_piece	minecraft:shrt	28
minecraft:structure_piece	minecraft:shs	32
minecraft:structure_piece	minecraft:shsd	30
minecraft:structure_piece	minecraft:shssd	33
minecraft:structure_piece	minecraft:shstart	31
minecraft:structure_piece	minecraft:tedp	38
minecraft:structure_piece	minecraft:tejp	34
minecraft:structure_piece	minecraft:tesh	37
minecraft:structure_piece	minecraft:wmp	52
minecraft:structure_pool_element	minecraft:empty_pool_element	3
minecraft:structure_pool_element	minecraft:feature_pool_element	2
minecraft:structure_pool_element	minecraft:list_pool_element	1
minecraft:structure_pool_element	minecraft:single_pool_element	0
minecraft:structure_processor	minecraft:block_ignore	0
minecraft:structure_processor	minecraft:block_rot	1
minecraft:structure_processor	minecraft:gravity	2
minecraft:structure_processor	minecraft:jigsaw_replacement	3
minecraft:structure_processor	minecraft:nop	5
minecraft:structure_processor	minecraft:rule	4
minecraft:surface_builder	minecraft:badlands	6
minecraft:surface_builder	minecraft:default	0
minecraft:surface_builder	minecraft:eroded_badlands	8
minecraft:surface_builder	minecraft:frozen_ocean	9
minecraft:surface_builder	minecraft:giant_tree_taiga	4
minecraft:surface_builder	minecraft:gravelly_mountain	3
minecraft:surface_builder	minecraft:mountain	1
minecraft:surface_builder	minecraft:nether	10
minecraft:surface_builder	minecraft:nope	11
minecraft:surface_builder	minecraft:shattered_savanna	2
minecraft:surface_builder	minecraft:swamp	5
minecraft:surface_builder	minecraft:wooded_badlands	7
minecraft:villager_profession	minecraft:armorer	1
minecraft:villager_profession	minecraft:butcher	2
minecraft:villager_profession	minecraft:cartographer	3
minecraft:villager_profession	minecraft:cleric	4
minecraft:villager_profession	minecraft:farmer	5
minecraft:villager_profession	minecraft:fisherman	6
minecraft:villager_profession	minecraft:fletcher	7
minecraft:villager_profession	minecraft:leatherworker	8
minecraft:villager_profession	minecraft:librarian	9
minecraft:villager_profession	minecraft:mason	10
minecraft:villager_profession	minecraft:nitwit	11
minecraft:villager_profession	minecraft:none	0
minecraft:villager_profession	minecraft:shepherd	12
minecraft:villager_profession	minecraft:toolsmith	13
minecraft:villager_profession	minecraft:weaponsmith	14
minecraft:villager_type	minecraft:desert	0
minecraft:villager_type	minecraft:jungle	1
minecraft:villager_type	minecraft:plains	2
minecraft:villager_type	minecraft:savanna	3
minecraft:villager_type	minecraft:snow	4
minecraft:villager_type	minecraft:swamp	5
minecraft:villager_type	minecraft:taiga	6
