registry_id	entry_id	entry_protocol_id
minecraft:activity	minecraft:admire_item	12
minecraft:activity	minecraft:avoid	13
minecraft:activity	minecraft:celebrate	11
minecraft:activity	minecraft:core	0
minecraft:activity	minecraft:fight	10
minecraft:activity	minecraft:hide	9
minecraft:activity	minecraft:idle	1
minecraft:activity	minecraft:meet	5
minecraft:activity	minecraft:panic	6
minecraft:activity	minecraft:play	3
minecraft:activity	minecraft:pre_raid	8
minecraft:activity	minecraft:raid	7
minecraft:activity	minecraft:rest	4
minecraft:activity	minecraft:ride	14
minecraft:activity	minecraft:work	2
minecraft:attribute	minecraft:generic.armor	8
minecraft:attribute	minecraft:generic.armor_toughness	9
minecraft:attribute	minecraft:generic.attack_damage	5
minecraft:attribute	minecraft:generic.attack_knockback	6
minecraft:attribute	minecraft:generic.attack_speed	7
minecraft:attribute	minecraft:generic.flying_speed	4
minecraft:attribute	minecraft:generic.follow_range	1
minecraft:attribute	minecraft:generic.knockback_resistance	2
minecraft:attribute	minecraft:generic.luck	10
minecraft:attribute	minecraft:generic.max_health	0
minecraft:attribute	minecraft:generic.movement_speed	3
minecraft:attribute	minecraft:horse.jump_strength	12
minecraft:attribute	minecraft:zombie.spawn_reinforcements	11
minecraft:block	minecraft:acacia_button	312
minecraft:block	minecraft:acacia_door	488
minecraft:block	minecraft:acacia_fence	483
minecraft:block	minecraft:acacia_fence_gate	478
minecraft:block	minecraft:acacia_leaves	63
minecraft:block	minecraft:acacia_log	39
minecraft:block	minecraft:acacia_planks	17
minecraft:block	minecraft:acacia_pressure_plate	178
minecraft:block	minecraft:acacia_sapling	23
minecraft:block	minecraft:acacia_sign	158
minecraft:block	minecraft:acacia_slab	456
minecraft:block	minecraft:acacia_stairs	375
minecraft:block	minecraft:acacia_trapdoor	226
minecraft:block	minecraft:acacia_wall_sign	168
minecraft:block	minecraft:acacia_wood	51
minecraft:block	minecraft:activator_rail	341
minecraft:block	minecraft:air	0
minecraft:block	minecraft:allium	122
minecraft:block	minecraft:ancient_debris	735
minecraft:block	minecraft:andesite	6
minecraft:block	minecraft:andesite_slab	650
minecraft:block	minecraft:andesite_stairs	637
minecraft:block	minecraft:andesite_wall	661
minecraft:block	minecraft:anvil	326
minecraft:block	minecraft:attached_melon_stem	246
minecraft:block	minecraft:attached_pumpkin_stem	245
minecraft:block	minecraft:azure_bluet	123
minecraft:block	minecraft:bamboo	622
minecraft:block	minecraft:bamboo_sapling	621
minecraft:block	minecraft:barrel	668
minecraft:block	minecraft:barrier	378
minecraft:block	minecraft:basalt	196
minecraft:block	minecraft:beacon	278
minecraft:block	minecraft:bedrock	25
minecraft:block	minecraft:bee_nest	730
minecraft:block	minecraft:beehive	731
minecraft:block	minecraft:beetroots	497
minecraft:block	minecraft:bell	677
minecraft:block	minecraft:birch_button	310
minecraft:block	minecraft:birch_door	486
minecraft:block	minecraft:birch_fence	481
minecraft:block	minecraft:birch_fence_gate	476
minecraft:block	minecraft:birch_leaves	61
minecraft:block	minecraft:birch_log	37
minecraft:block	minecraft:birch_planks	15
minecraft:block	minecraft:birch_pressure_plate	176
minecraft:block	minecraft:birch_sapling	21
minecraft:block	minecraft:birch_sign	157
minecraft:block	minecraft:birch_slab	454
minecraft:block	minecraft:birch_stairs	275
minecraft:block	minecraft:birch_trapdoor	224
minecraft:block	minecraft:birch_wall_sign	167
minecraft:block	minecraft:birch_wood	49
minecraft:block	minecraft:black_banner	431
minecraft:block	minecraft:black_bed	90
minecraft:block	minecraft:black_carpet	406
minecraft:block	minecraft:black_concrete	557
minecraft:block	minecraft:black_concrete_powder	573
minecraft:block	minecraft:black_glazed_terracotta	541
minecraft:block	minecraft:black_shulker_box	525
minecraft:block	minecraft:black_stained_glass	221
minecraft:block	minecraft:black_stained_glass_pane	374
minecraft:block	minecraft:black_terracotta	358
minecraft:block	minecraft:black_wall_banner	447
minecraft:block	minecraft:black_wool	117
minecraft:block	minecraft:blackstone	743
minecraft:block	minecraft:blackstone_slab	746
minecraft:block	minecraft:blackstone_stairs	744
minecraft:block	minecraft:blackstone_wall	745
minecraft:block	minecraft:blast_furnace	670
minecraft:block	minecraft:blue_banner	427
minecraft:block	minecraft:blue_bed	86
minecraft:block	minecraft:blue_carpet	402
minecraft:block	minecraft:blue_concrete	553
minecraft:block	minecraft:blue_concrete_powder	569
minecraft:block	minecraft:blue_glazed_terracotta	537
minecraft:block	minecraft:blue_ice	619
minecraft:block	minecraft:blue_orchid	121
minecraft:block	minecraft:blue_shulker_box	521
minecraft:block	minecraft:blue_stained_glass	217
minecraft:block	minecraft:blue_stained_glass_pane	370
minecraft:block	minecraft:blue_terracotta	354
minecraft:block	minecraft:blue_wall_banner	443
minecraft:block	minecraft:blue_wool	113
minecraft:block	minecraft:bone_block	506
minecraft:block	minecraft:bookshelf	138
minecraft:block	minecraft:brain_coral	594
minecraft:block	minecraft:brain_coral_block	584
minecraft:block	minecraft:brain_coral_fan	604
minecraft:block	minecraft:brain_coral_wall_fan	614
minecraft:block	minecraft:brewing_stand	260
minecraft:block	minecraft:brick_slab	464
minecraft:block	minecraft:brick_stairs	251
minecraft:block	minecraft:brick_wall	654
minecraft:block	minecraft:bricks	136
minecraft:block	minecraft:brown_banner	428
minecraft:block	minecraft:brown_bed	87
minecraft:block	minecraft:brown_carpet	403
minecraft:block	minecraft:brown_concrete	554
minecraft:block	minecraft:brown_concrete_powder	570
minecraft:block	minecraft:brown_glazed_terracotta	538
minecraft:block	minecraft:brown_mushroom	132
minecraft:block	minecraft:brown_mushroom_block	238
minecraft:block	minecraft:brown_shulker_box	522
minecraft:block	minecraft:brown_stained_glass	218
minecraft:block	minecraft:brown_stained_glass_pane	371
minecraft:block	minecraft:brown_terracotta	355
minecraft:block	minecraft:brown_wall_banner	444
minecraft:block	minecraft:brown_wool	114
minecraft:block	minecraft:bubble_column	626
minecraft:block	minecraft:bubble_coral	595
minecraft:block	minecraft:bubble_coral_block	585
minecraft:block	minecraft:bubble_coral_fan	605
minecraft:block	minecraft:bubble_coral_wall_fan	615
minecraft:block	minecraft:cactus	187
minecraft:block	minecraft:cake	204
minecraft:block	minecraft:campfire	680
minecraft:block	minecraft:carrots	306
minecraft:block	minecraft:cartography_table	671
minecraft:block	minecraft:carved_pumpkin	202
minecraft:block	minecraft:cauldron	261
minecraft:block	minecraft:cave_air	625
minecraft:block	minecraft:chain	242
minecraft:block	minecraft:chain_command_block	501
minecraft:block	minecraft:chest	147
minecraft:block	minecraft:chipped_anvil	327
minecraft:block	minecraft:chiseled_nether_bricks	760
minecraft:block	minecraft:chiseled_polished_blackstone	750
minecraft:block	minecraft:chiseled_quartz_block	338
minecraft:block	minecraft:chiseled_red_sandstone	449
minecraft:block	minecraft:chiseled_sandstone	72
minecraft:block	minecraft:chiseled_stone_bricks	231
minecraft:block	minecraft:chorus_flower	492
minecraft:block	minecraft:chorus_plant	491
minecraft:block	minecraft:clay	188
minecraft:block	minecraft:coal_block	408
minecraft:block	minecraft:coal_ore	33
minecraft:block	minecraft:coarse_dirt	10
minecraft:block	minecraft:cobblestone	12
minecraft:block	minecraft:cobblestone_slab	463
minecraft:block	minecraft:cobblestone_stairs	164
minecraft:block	minecraft:cobblestone_wall	279
minecraft:block	minecraft:cobweb	94
minecraft:block	minecraft:cocoa	267
minecraft:block	minecraft:command_block	277
minecraft:block	minecraft:comparator	332
minecraft:block	minecraft:composter	728
minecraft:block	minecraft:conduit	620
minecraft:block	minecraft:cornflower	129
minecraft:block	minecraft:cracked_nether_bricks	761
minecraft:block	minecraft:cracked_polished_blackstone_bricks	749
minecraft:block	minecraft:cracked_stone_bricks	230
minecraft:block	minecraft:crafting_table	151
minecraft:block	minecraft:creeper_head	322
minecraft:block	minecraft:creeper_wall_head	323
minecraft:block	minecraft:crimson_button	718
minecraft:block	minecraft:crimson_door	720
minecraft:block	minecraft:crimson_fence	710
minecraft:block	minecraft:crimson_fence_gate	714
minecraft:block	minecraft:crimson_fungus	697
minecraft:block	minecraft:crimson_hyphae	694
minecraft:block	minecraft:crimson_nylium	696
minecraft:block	minecraft:crimson_planks	704
minecraft:block	minecraft:crimson_pressure_plate	708
minecraft:block	minecraft:crimson_roots	703
minecraft:block	minecraft:crimson_sign	722
minecraft:block	minecraft:crimson_slab	706
minecraft:block	minecraft:crimson_stairs	716
minecraft:block	minecraft:crimson_stem	692
minecraft:block	minecraft:crimson_trapdoor	712
minecraft:block	minecraft:crimson_wall_sign	724
minecraft:block	minecraft:crying_obsidian	736
minecraft:block	minecraft:cut_red_sandstone	450
minecraft:block	minecraft:cut_red_sandstone_slab	469
minecraft:block	minecraft:cut_sandstone	73
minecraft:block	minecraft:cut_sandstone_slab	461
minecraft:block	minecraft:cyan_banner	425
minecraft:block	minecraft:cyan_bed	84
minecraft:block	minecraft:cyan_carpet	400
minecraft:block	minecraft:cyan_concrete	551
minecraft:block	minecraft:cyan_concrete_powder	567
minecraft:block	minecraft:cyan_glazed_terracotta	535
minecraft:block	minecraft:cyan_shulker_box	519
minecraft:block	minecraft:cyan_stained_glass	215
minecraft:block	minecraft:cyan_stained_glass_pane	368
minecraft:block	minecraft:cyan_terracotta	352
minecraft:block	minecraft:cyan_wall_banner	441
minecraft:block	minecraft:cyan_wool	111
minecraft:block	minecraft:damaged_anvil	328
minecraft:block	minecraft:dandelion	119
minecraft:block	minecraft:dark_oak_button	313
minecraft:block	minecraft:dark_oak_door	489
minecraft:block	minecraft:dark_oak_fence	484
minecraft:block	minecraft:dark_oak_fence_gate	479
minecraft:block	minecraft:dark_oak_leaves	64
minecraft:block	minecraft:dark_oak_log	40
minecraft:block	minecraft:dark_oak_planks	18
minecraft:block	minecraft:dark_oak_pressure_plate	179
minecraft:block	minecraft:dark_oak_sapling	24
minecraft:block	minecraft:dark_oak_sign	160
minecraft:block	minecraft:dark_oak_slab	457
minecraft:block	minecraft:dark_oak_stairs	376
minecraft:block	minecraft:dark_oak_trapdoor	227
minecraft:block	minecraft:dark_oak_wall_sign	170
minecraft:block	minecraft:dark_oak_wood	52
minecraft:block	minecraft:dark_prismarine	382
minecraft:block	minecraft:dark_prismarine_slab	388
minecraft:block	minecraft:dark_prismarine_stairs	385
minecraft:block	minecraft:daylight_detector	333
minecraft:block	minecraft:dead_brain_coral	589
minecraft:block	minecraft:dead_brain_coral_block	579
minecraft:block	minecraft:dead_brain_coral_fan	599
minecraft:block	minecraft:dead_brain_coral_wall_fan	609
minecraft:block	minecraft:dead_bubble_coral	590
minecraft:block	minecraft:dead_bubble_coral_block	580
minecraft:block	minecraft:dead_bubble_coral_fan	600
minecraft:block	minecraft:dead_bubble_coral_wall_fan	610
minecraft:block	minecraft:dead_bush	97
minecraft:block	minecraft:dead_fire_coral	591
minecraft:block	minecraft:dead_fire_coral_block	581
minecraft:block	minecraft:dead_fire_coral_fan	601
minecraft:block	minecraft:dead_fire_coral_wall_fan	611
minecraft:block	minecraft:dead_horn_coral	592
minecraft:block	minecraft:dead_horn_coral_block	582
minecraft:block	minecraft:dead_horn_coral_fan	602
minecraft:block	minecraft:dead_horn_coral_wall_fan	612
minecraft:block	minecraft:dead_tube_coral	588
minecraft:block	minecraft:dead_tube_coral_block	578
minecraft:block	minecraft:dead_tube_coral_fan	598
minecraft:block	minecraft:dead_tube_coral_wall_fan	608
minecraft:block	minecraft:detector_rail	92
minecraft:block	minecraft:diamond_block	150
minecraft:block	minecraft:diamond_ore	149
minecraft:block	minecraft:diorite	4
minecraft:block	minecraft:diorite_slab	653
minecraft:block	minecraft:diorite_stairs	640
minecraft:block	minecraft:diorite_wall	665
minecraft:block	minecraft:dirt	9
minecraft:block	minecraft:dispenser	70
minecraft:block	minecraft:dragon_egg	265
minecraft:block	minecraft:dragon_head	324
minecraft:block	minecraft:dragon_wall_head	325
minecraft:block	minecraft:dried_kelp_block	576
minecraft:block	minecraft:dropper	342
minecraft:block	minecraft:emerald_block	273
minecraft:block	minecraft:emerald_ore	269
minecraft:block	minecraft:enchanting_table	259
minecraft:block	minecraft:end_gateway	499
minecraft:block	minecraft:end_portal	262
minecraft:block	minecraft:end_portal_frame	263
minecraft:block	minecraft:end_rod	490
minecraft:block	minecraft:end_stone	264
minecraft:block	minecraft:end_stone_brick_slab	646
minecraft:block	minecraft:end_stone_brick_stairs	632
minecraft:block	minecraft:end_stone_brick_wall	664
minecraft:block	minecraft:end_stone_bricks	496
minecraft:block	minecraft:ender_chest	270
minecraft:block	minecraft:farmland	153
minecraft:block	minecraft:fern	96
minecraft:block	minecraft:fire	143
minecraft:block	minecraft:fire_coral	596
minecraft:block	minecraft:fire_coral_block	586
minecraft:block	minecraft:fire_coral_fan	606
minecraft:block	minecraft:fire_coral_wall_fan	616
minecraft:block	minecraft:fletching_table	672
minecraft:block	minecraft:flower_pot	281
minecraft:block	minecraft:frosted_ice	502
minecraft:block	minecraft:furnace	154
minecraft:block	minecraft:gilded_blackstone	754
minecraft:block	minecraft:glass	67
minecraft:block	minecraft:glass_pane	243
minecraft:block	minecraft:glowstone	200
minecraft:block	minecraft:gold_block	134
minecraft:block	minecraft:gold_ore	31
minecraft:block	minecraft:granite	2
minecraft:block	minecraft:granite_slab	649
minecraft:block	minecraft:granite_stairs	636
minecraft:block	minecraft:granite_wall	658
minecraft:block	minecraft:grass	95
minecraft:block	minecraft:grass_block	8
minecraft:block	minecraft:grass_path	498
minecraft:block	minecraft:gravel	30
minecraft:block	minecraft:gray_banner	423
minecraft:block	minecraft:gray_bed	82
minecraft:block	minecraft:gray_carpet	398
minecraft:block	minecraft:gray_concrete	549
minecraft:block	minecraft:gray_concrete_powder	565
minecraft:block	minecraft:gray_glazed_terracotta	533
minecraft:block	minecraft:gray_shulker_box	517
minecraft:block	minecraft:gray_stained_glass	213
minecraft:block	minecraft:gray_stained_glass_pane	366
minecraft:block	minecraft:gray_terracotta	350
minecraft:block	minecraft:gray_wall_banner	439
minecraft:block	minecraft:gray_wool	109
minecraft:block	minecraft:green_banner	429
minecraft:block	minecraft:green_bed	88
minecraft:block	minecraft:green_carpet	404
minecraft:block	minecraft:green_concrete	555
minecraft:block	minecraft:green_concrete_powder	571
minecraft:block	minecraft:green_glazed_terracotta	539
minecraft:block	minecraft:green_shulker_box	523
minecraft:block	minecraft:green_stained_glass	219
minecraft:block	minecraft:green_stained_glass_pane	372
minecraft:block	minecraft:green_terracotta	356
minecraft:block	minecraft:green_wall_banner	445
minecraft:block	minecraft:green_wool	115
minecraft:block	minecraft:grindstone	673
minecraft:block	minecraft:hay_block	390
minecraft:block	minecraft:heavy_weighted_pressure_plate	331
minecraft:block	minecraft:honey_block	732
minecraft:block	minecraft:honeycomb_block	733
minecraft:block	minecraft:hopper	336
minecraft:block	minecraft:horn_coral	597
minecraft:block	minecraft:horn_coral_block	587
minecraft:block	minecraft:horn_coral_fan	607
minecraft:block	minecraft:horn_coral_wall_fan	617
minecraft:block	minecraft:ice	185
minecraft:block	minecraft:infested_chiseled_stone_bricks	237
minecraft:block	minecraft:infested_cobblestone	233
minecraft:block	minecraft:infested_cracked_stone_bricks	236
minecraft:block	minecraft:infested_mossy_stone_bricks	235
minecraft:block	minecraft:infested_stone	232
minecraft:block	minecraft:infested_stone_bricks	234
minecraft:block	minecraft:iron_bars	241
minecraft:block	minecraft:iron_block	135
minecraft:block	minecraft:iron_door	173
minecraft:block	minecraft:iron_ore	32
minecraft:block	minecraft:iron_trapdoor	379
minecraft:block	minecraft:jack_o_lantern	203
minecraft:block	minecraft:jigsaw	727
minecraft:block	minecraft:jukebox	190
minecraft:block	minecraft:jungle_button	311
minecraft:block	minecraft:jungle_door	487
minecraft:block	minecraft:jungle_fence	482
minecraft:block	minecraft:jungle_fence_gate	477
minecraft:block	minecraft:jungle_leaves	62
minecraft:block	minecraft:jungle_log	38
minecraft:block	minecraft:jungle_planks	16
minecraft:block	minecraft:jungle_pressure_plate	177
minecraft:block	minecraft:jungle_sapling	22
minecraft:block	minecraft:jungle_sign	159
minecraft:block	minecraft:jungle_slab	455
minecraft:block	minecraft:jungle_stairs	276
minecraft:block	minecraft:jungle_trapdoor	225
minecraft:block	minecraft:jungle_wall_sign	169
minecraft:block	minecraft:jungle_wood	50
minecraft:block	minecraft:kelp	574
minecraft:block	minecraft:kelp_plant	575
minecraft:block	minecraft:ladder	162
minecraft:block	minecraft:lantern	678
minecraft:block	minecraft:lapis_block	69
minecraft:block	minecraft:lapis_ore	68
minecraft:block	minecraft:large_fern	415
minecraft:block	minecraft:lava	27
minecraft:block	minecraft:lectern	674
minecraft:block	minecraft:lever	171
minecraft:block	minecraft:light_blue_banner	419
minecraft:block	minecraft:light_blue_bed	78
minecraft:block	minecraft:light_blue_carpet	394
minecraft:block	minecraft:light_blue_concrete	545
minecraft:block	minecraft:light_blue_concrete_powder	561
minecraft:block	minecraft:light_blue_glazed_terracotta	529
minecraft:block	minecraft:light_blue_shulker_box	513
minecraft:block	minecraft:light_blue_stained_glass	209
minecraft:block	minecraft:light_blue_stained_glass_pane	362
minecraft:block	minecraft:light_blue_terracotta	346
minecraft:block	minecraft:light_blue_wall_banner	435
minecraft:block	minecraft:light_blue_wool	105
minecraft:block	minecraft:light_gray_banner	424
minecraft:block	minecraft:light_gray_bed	83
minecraft:block	minecraft:light_gray_carpet	399
minecraft:block	minecraft:light_gray_concrete	550
minecraft:block	minecraft:light_gray_concrete_powder	566
minecraft:block	minecraft:light_gray_glazed_terracotta	534
minecraft:block	minecraft:light_gray_shulker_box	518
minecraft:block	minecraft:light_gray_stained_glass	214
minecraft:block	minecraft:light_gray_stained_glass_pane	367
minecraft:block	minecraft:light_gray_terracotta	351
minecraft:block	minecraft:light_gray_wall_banner	440
minecraft:block	minecraft:light_gray_wool	110
minecraft:block	minecraft:light_weighted_pressure_plate	330
minecraft:block	minecraft:lilac	411
minecraft:block	minecraft:lily_of_the_valley	131
minecraft:block	minecraft:lily_pad	254
minecraft:block	minecraft:lime_banner	421
minecraft:block	minecraft:lime_bed	80
minecraft:block	minecraft:lime_carpet	396
minecraft:block	minecraft:lime_concrete	547
minecraft:block	minecraft:lime_concrete_powder	563
minecraft:block	minecraft:lime_glazed_terracotta	531
minecraft:block	minecraft:lime_shulker_box	515
minecraft:block	minecraft:lime_stained_glass	211
minecraft:block	minecraft:lime_stained_glass_pane	364
minecraft:block	minecraft:lime_terracotta	348
minecraft:block	minecraft:lime_wall_banner	437
minecraft:block	minecraft:lime_wool	107
minecraft:block	minecraft:lodestone	742
minecraft:block	minecraft:loom	667
minecraft:block	minecraft:magenta_banner	418
minecraft:block	minecraft:magenta_bed	77
minecraft:block	minecraft:magenta_carpet	393
minecraft:block	minecraft:magenta_concrete	544
minecraft:block	minecraft:magenta_concrete_powder	560
minecraft:block	minecraft:magenta_glazed_terracotta	528
minecraft:block	minecraft:magenta_shulker_box	512
minecraft:block	minecraft:magenta_stained_glass	208
minecraft:block	minecraft:magenta_stained_glass_pane	361
minecraft:block	minecraft:magenta_terracotta	345
minecraft:block	minecraft:magenta_wall_banner	434
minecraft:block	minecraft:magenta_wool	104
minecraft:block	minecraft:magma_block	503
minecraft:block	minecraft:melon	244
minecraft:block	minecraft:melon_stem	248
minecraft:block	minecraft:mossy_cobblestone	139
minecraft:block	minecraft:mossy_cobblestone_slab	645
minecraft:block	minecraft:mossy_cobblestone_stairs	631
minecraft:block	minecraft:mossy_cobblestone_wall	280
minecraft:block	minecraft:mossy_stone_brick_slab	643
minecraft:block	minecraft:mossy_stone_brick_stairs	629
minecraft:block	minecraft:mossy_stone_brick_wall	657
minecraft:block	minecraft:mossy_stone_bricks	229
minecraft:block	minecraft:moving_piston	118
minecraft:block	minecraft:mushroom_stem	240
minecraft:block	minecraft:mycelium	253
minecraft:block	minecraft:nether_brick_fence	256
minecraft:block	minecraft:nether_brick_slab	466
minecraft:block	minecraft:nether_brick_stairs	257
minecraft:block	minecraft:nether_brick_wall	660
minecraft:block	minecraft:nether_bricks	255
minecraft:block	minecraft:nether_gold_ore	34
minecraft:block	minecraft:nether_portal	201
minecraft:block	minecraft:nether_quartz_ore	335
minecraft:block	minecraft:nether_sprouts	691
minecraft:block	minecraft:nether_wart	258
minecraft:block	minecraft:nether_wart_block	504
minecraft:block	minecraft:netherite_block	734
minecraft:block	minecraft:netherrack	193
minecraft:block	minecraft:note_block	74
minecraft:block	minecraft:oak_button	308
minecraft:block	minecraft:oak_door	161
minecraft:block	minecraft:oak_fence	191
minecraft:block	minecraft:oak_fence_gate	250
minecraft:block	minecraft:oak_leaves	59
minecraft:block	minecraft:oak_log	35
minecraft:block	minecraft:oak_planks	13
minecraft:block	minecraft:oak_pressure_plate	174
minecraft:block	minecraft:oak_sapling	19
minecraft:block	minecraft:oak_sign	155
minecraft:block	minecraft:oak_slab	452
minecraft:block	minecraft:oak_stairs	146
minecraft:block	minecraft:oak_trapdoor	222
minecraft:block	minecraft:oak_wall_sign	165
minecraft:block	minecraft:oak_wood	47
minecraft:block	minecraft:observer	508
minecraft:block	minecraft:obsidian	140
minecraft:block	minecraft:orange_banner	417
minecraft:block	minecraft:orange_bed	76
minecraft:block	minecraft:orange_carpet	392
minecraft:block	minecraft:orange_concrete	543
minecraft:block	minecraft:orange_concrete_powder	559
minecraft:block	minecraft:orange_glazed_terracotta	527
minecraft:block	minecraft:orange_shulker_box	511
minecraft:block	minecraft:orange_stained_glass	207
minecraft:block	minecraft:orange_stained_glass_pane	360
minecraft:block	minecraft:orange_terracotta	344
minecraft:block	minecraft:orange_tulip	125
minecraft:block	minecraft:orange_wall_banner	433
minecraft:block	minecraft:orange_wool	103
minecraft:block	minecraft:oxeye_daisy	128
minecraft:block	minecraft:packed_ice	409
minecraft:block	minecraft:peony	413
minecraft:block	minecraft:petrified_oak_slab	462
minecraft:block	minecraft:pink_banner	422
minecraft:block	minecraft:pink_bed	81
minecraft:block	minecraft:pink_carpet	397
minecraft:block	minecraft:pink_concrete	548
minecraft:block	minecraft:pink_concrete_powder	564
minecraft:block	minecraft:pink_glazed_terracotta	532
minecraft:block	minecraft:pink_shulker_box	516
minecraft:block	minecraft:pink_stained_glass	212
minecraft:block	minecraft:pink_stained_glass_pane	365
minecraft:block	minecraft:pink_terracotta	349
minecraft:block	minecraft:pink_tulip	127
minecraft:block	minecraft:pink_wall_banner	438
minecraft:block	minecraft:pink_wool	108
minecraft:block	minecraft:piston	100
minecraft:block	minecraft:piston_head	101
minecraft:block	minecraft:player_head	320
minecraft:block	minecraft:player_wall_head	321
minecraft:block	minecraft:podzol	11
minecraft:block	minecraft:polished_andesite	7
minecraft:block	minecraft:polished_andesite_slab	652
minecraft:block	minecraft:polished_andesite_stairs	639
minecraft:block	minecraft:polished_basalt	197
minecraft:block	minecraft:polished_blackstone	747
minecraft:block	minecraft:polished_blackstone_brick_slab	751
minecraft:block	minecraft:polished_blackstone_brick_stairs	752
minecraft:block	minecraft:polished_blackstone_brick_wall	753
minecraft:block	minecraft:polished_blackstone_bricks	748
minecraft:block	minecraft:polished_blackstone_button	758
minecraft:block	minecraft:polished_blackstone_pressure_plate	757
minecraft:block	minecraft:polished_blackstone_slab	756
minecraft:block	minecraft:polished_blackstone_stairs	755
minecraft:block	minecraft:polished_blackstone_wall	759
minecraft:block	minecraft:polished_diorite	5
minecraft:block	minecraft:polished_diorite_slab	644
minecraft:block	minecraft:polished_diorite_stairs	630
minecraft:block	minecraft:polished_granite	3
minecraft:block	minecraft:polished_granite_slab	641
minecraft:block	minecraft:polished_granite_stairs	627
minecraft:block	minecraft:poppy	120
minecraft:block	minecraft:potatoes	307
minecraft:block	minecraft:potted_acacia_sapling	286
minecraft:block	minecraft:potted_allium	292
minecraft:block	minecraft:potted_azure_bluet	293
minecraft:block	minecraft:potted_bamboo	623
minecraft:block	minecraft:potted_birch_sapling	284
minecraft:block	minecraft:potted_blue_orchid	291
minecraft:block	minecraft:potted_brown_mushroom	303
minecraft:block	minecraft:potted_cactus	305
minecraft:block	minecraft:potted_cornflower	299
minecraft:block	minecraft:potted_crimson_fungus	738
minecraft:block	minecraft:potted_crimson_roots	740
minecraft:block	minecraft:potted_dandelion	289
minecraft:block	minecraft:potted_dark_oak_sapling	287
minecraft:block	minecraft:potted_dead_bush	304
minecraft:block	minecraft:potted_fern	288
minecraft:block	minecraft:potted_jungle_sapling	285
minecraft:block	minecraft:potted_lily_of_the_valley	300
minecraft:block	minecraft:potted_oak_sapling	282
minecraft:block	minecraft:potted_orange_tulip	295
minecraft:block	minecraft:potted_oxeye_daisy	298
minecraft:block	minecraft:potted_pink_tulip	297
minecraft:block	minecraft:potted_poppy	290
minecraft:block	minecraft:potted_red_mushroom	302
minecraft:block	minecraft:potted_red_tulip	294
minecraft:block	minecraft:potted_spruce_sapling	283
minecraft:block	minecraft:potted_warped_fungus	739
minecraft:block	minecraft:potted_warped_roots	741
minecraft:block	minecraft:potted_white_tulip	296
minecraft:block	minecraft:potted_wither_rose	301
minecraft:block	minecraft:powered_rail	91
minecraft:block	minecraft:prismarine	380
minecraft:block	minecraft:prismarine_brick_slab	387
minecraft:block	minecraft:prismarine_brick_stairs	384
minecraft:block	minecraft:prismarine_bricks	381
minecraft:block	minecraft:prismarine_slab	386
minecraft:block	minecraft:prismarine_stairs	383
minecraft:block	minecraft:prismarine_wall	655
minecraft:block	minecraft:pumpkin	192
minecraft:block	minecraft:pumpkin_stem	247
minecraft:block	minecraft:purple_banner	426
minecraft:block	minecraft:purple_bed	85
minecraft:block	minecraft:purple_carpet	401
minecraft:block	minecraft:purple_concrete	552
minecraft:block	minecraft:purple_concrete_powder	568
minecraft:block	minecraft:purple_glazed_terracotta	536
minecraft:block	minecraft:purple_shulker_box	520
minecraft:block	minecraft:purple_stained_glass	216
minecraft:block	minecraft:purple_stained_glass_pane	369
minecraft:block	minecraft:purple_terracotta	353
minecraft:block	minecraft:purple_wall_banner	442
minecraft:block	minecraft:purple_wool	112
minecraft:block	minecraft:purpur_block	493
minecraft:block	minecraft:purpur_pillar	494
minecraft:block	minecraft:purpur_slab	470
minecraft:block	minecraft:purpur_stairs	495
minecraft:block	minecraft:quartz_block	337
minecraft:block	minecraft:quartz_bricks	762
minecraft:block	minecraft:quartz_pillar	339
minecraft:block	minecraft:quartz_slab	467
minecraft:block	minecraft:quartz_stairs	340
minecraft:block	minecraft:rail	163
minecraft:block	minecraft:red_banner	430
minecraft:block	minecraft:red_bed	89
minecraft:block	minecraft:red_carpet	405
minecraft:block	minecraft:red_concrete	556
minecraft:block	minecraft:red_concrete_powder	572
minecraft:block	minecraft:red_glazed_terracotta	540
minecraft:block	minecraft:red_mushroom	133
minecraft:block	minecraft:red_mushroom_block	239
minecraft:block	minecraft:red_nether_brick_slab	651
minecraft:block	minecraft:red_nether_brick_stairs	638
minecraft:block	minecraft:red_nether_brick_wall	662
minecraft:block	minecraft:red_nether_bricks	505
minecraft:block	minecraft:red_sand	29
minecraft:block	minecraft:red_sandstone	448
minecraft:block	minecraft:red_sandstone_slab	468
minecraft:block	minecraft:red_sandstone_stairs	451
minecraft:block	minecraft:red_sandstone_wall	656
minecraft:block	minecraft:red_shulker_box	524
minecraft:block	minecraft:red_stained_glass	220
minecraft:block	minecraft:red_stained_glass_pane	373
minecraft:block	minecraft:red_terracotta	357
minecraft:block	minecraft:red_tulip	124
minecraft:block	minecraft:red_wall_banner	446
minecraft:block	minecraft:red_wool	116
minecraft:block	minecraft:redstone_block	334
minecraft:block	minecraft:redstone_lamp	266
minecraft:block	minecraft:redstone_ore	180
minecraft:block	minecraft:redstone_torch	181
minecraft:block	minecraft:redstone_wall_torch	182
minecraft:block	minecraft:redstone_wire	148
minecraft:block	minecraft:repeater	205
minecraft:block	minecraft:repeating_command_block	500
minecraft:block	minecraft:respawn_anchor	737
minecraft:block	minecraft:rose_bush	412
minecraft:block	minecraft:sand	28
minecraft:block	minecraft:sandstone	71
minecraft:block	minecraft:sandstone_slab	460
minecraft:block	minecraft:sandstone_stairs	268
minecraft:block	minecraft:sandstone_wall	663
minecraft:block	minecraft:scaffolding	666
minecraft:block	minecraft:sea_lantern	389
minecraft:block	minecraft:sea_pickle	618
minecraft:block	minecraft:seagrass	98
minecraft:block	minecraft:shroomlight	698
minecraft:block	minecraft:shulker_box	509
minecraft:block	minecraft:skeleton_skull	314
minecraft:block	minecraft:skeleton_wall_skull	315
minecraft:block	minecraft:slime_block	377
minecraft:block	minecraft:smithing_table	675
minecraft:block	minecraft:smoker	669
minecraft:block	minecraft:smooth_quartz	473
minecraft:block	minecraft:smooth_quartz_slab	648
minecraft:block	minecraft:smooth_quartz_stairs	635
minecraft:block	minecraft:smooth_red_sandstone	474
minecraft:block	minecraft:smooth_red_sandstone_slab	642
minecraft:block	minecraft:smooth_red_sandstone_stairs	628
minecraft:block	minecraft:smooth_sandstone	472
minecraft:block	minecraft:smooth_sandstone_slab	647
minecraft:block	minecraft:smooth_sandstone_stairs	634
minecraft:block	minecraft:smooth_stone	471
minecraft:block	minecraft:smooth_stone_slab	459
minecraft:block	minecraft:snow	184
minecraft:block	minecraft:snow_block	186
minecraft:block	minecraft:soul_campfire	681
minecraft:block	minecraft:soul_fire	144
minecraft:block	minecraft:soul_lantern	679
minecraft:block	minecraft:soul_sand	194
minecraft:block	minecraft:soul_soil	195
minecraft:block	minecraft:soul_torch	198
minecraft:block	minecraft:soul_wall_torch	199
minecraft:block	minecraft:spawner	145
minecraft:block	minecraft:sponge	65
minecraft:block	minecraft:spruce_button	309
minecraft:block	minecraft:spruce_door	485
minecraft:block	minecraft:spruce_fence	480
minecraft:block	minecraft:spruce_fence_gate	475
minecraft:block	minecraft:spruce_leaves	60
minecraft:block	minecraft:spruce_log	36
minecraft:block	minecraft:spruce_planks	14
minecraft:block	minecraft:spruce_pressure_plate	175
minecraft:block	minecraft:spruce_sapling	20
minecraft:block	minecraft:spruce_sign	156
minecraft:block	minecraft:spruce_slab	453
minecraft:block	minecraft:spruce_stairs	274
minecraft:block	minecraft:spruce_trapdoor	223
minecraft:block	minecraft:spruce_wall_sign	166
minecraft:block	minecraft:spruce_wood	48
minecraft:block	minecraft:sticky_piston	93
minecraft:block	minecraft:stone	1
minecraft:block	minecraft:stone_brick_slab	465
minecraft:block	minecraft:stone_brick_stairs	252
minecraft:block	minecraft:stone_brick_wall	659
minecraft:block	minecraft:stone_bricks	228
minecraft:block	minecraft:stone_button	183
minecraft:block	minecraft:stone_pressure_plate	172
minecraft:block	minecraft:stone_slab	458
minecraft:block	minecraft:stone_stairs	633
minecraft:block	minecraft:stonecutter	676
minecraft:block	minecraft:stripped_acacia_log	44
minecraft:block	minecraft:stripped_acacia_wood	57
minecraft:block	minecraft:stripped_birch_log	42
minecraft:block	minecraft:stripped_birch_wood	55
minecraft:block	minecraft:stripped_crimson_hyphae	695
minecraft:block	minecraft:stripped_crimson_stem	693
minecraft:block	minecraft:stripped_dark_oak_log	45
minecraft:block	minecraft:stripped_dark_oak_wood	58
minecraft:block	minecraft:stripped_jungle_log	43
minecraft:block	minecraft:stripped_jungle_wood	56
minecraft:block	minecraft:stripped_oak_log	46
minecraft:block	minecraft:stripped_oak_wood	53
minecraft:block	minecraft:stripped_spruce_log	41
minecraft:block	minecraft:stripped_spruce_wood	54
minecraft:block	minecraft:stripped_warped_hyphae	686
minecraft:block	minecraft:stripped_warped_stem	684
minecraft:block	minecraft:structure_block	726
minecraft:block	minecraft:structure_void	507
minecraft:block	minecraft:sugar_cane	189
minecraft:block	minecraft:sunflower	410
minecraft:block	minecraft:sweet_berry_bush	682
minecraft:block	minecraft:tall_grass	414
minecraft:block	minecraft:tall_seagrass	99
minecraft:block	minecraft:target	729
minecraft:block	minecraft:terracotta	407
minecraft:block	minecraft:tnt	137
minecraft:block	minecraft:torch	141
minecraft:block	minecraft:trapped_chest	329
minecraft:block	minecraft:tripwire	272
minecraft:block	minecraft:tripwire_hook	271
minecraft:block	minecraft:tube_coral	593
minecraft:block	minecraft:tube_coral_block	583
minecraft:block	minecraft:tube_coral_fan	603
minecraft:block	minecraft:tube_coral_wall_fan	613
minecraft:block	minecraft:turtle_egg	577
minecraft:block	minecraft:twisting_vines	701
minecraft:block	minecraft:twisting_vines_plant	702
minecraft:block	minecraft:vine	249
minecraft:block	minecraft:void_air	624
minecraft:block	minecraft:wall_torch	142
minecraft:block	minecraft:warped_button	719
minecraft:block	minecraft:warped_door	721
minecraft:block	minecraft:warped_fence	711
minecraft:block	minecraft:warped_fence_gate	715
minecraft:block	minecraft:warped_fungus	688
minecraft:block	minecraft:warped_hyphae	685
minecraft:block	minecraft:warped_nylium	687
minecraft:block	minecraft:warped_planks	705
minecraft:block	minecraft:warped_pressure_plate	709
minecraft:block	minecraft:warped_roots	690
minecraft:block	minecraft:warped_sign	723
minecraft:block	minecraft:warped_slab	707
minecraft:block	minecraft:warped_stairs	717
minecraft:block	minecraft:warped_stem	683
minecraft:block	minecraft:warped_trapdoor	713
minecraft:block	minecraft:warped_wall_sign	725
minecraft:block	minecraft:warped_wart_block	689
minecraft:block	minecraft:water	26
minecraft:block	minecraft:weeping_vines	699
minecraft:block	minecraft:weeping_vines_plant	700
minecraft:block	minecraft:wet_sponge	66
minecraft:block	minecraft:wheat	152
minecraft:block	minecraft:white_banner	416
minecraft:block	minecraft:white_bed	75
minecraft:block	minecraft:white_carpet	391
minecraft:block	minecraft:white_concrete	542
minecraft:block	minecraft:white_concrete_powder	558
minecraft:block	minecraft:white_glazed_terracotta	526
minecraft:block	minecraft:white_shulker_box	510
minecraft:block	minecraft:white_stained_glass	206
minecraft:block	minecraft:white_stained_glass_pane	359
minecraft:block	minecraft:white_terracotta	343
minecraft:block	minecraft:white_tulip	126
minecraft:block	minecraft:white_wall_banner	432
minecraft:block	minecraft:white_wool	102
minecraft:block	minecraft:wither_rose	130
minecraft:block	minecraft:wither_skeleton_skull	316
minecraft:block	minecraft:wither_skeleton_wall_skull	317
minecraft:block	minecraft:yellow_banner	420
minecraft:block	minecraft:yellow_bed	79
minecraft:block	minecraft:yellow_carpet	395
minecraft:block	minecraft:yellow_concrete	546
minecraft:block	minecraft:yellow_concrete_powder	562
minecraft:block	minecraft:yellow_glazed_terracotta	530
minecraft:block	minecraft:yellow_shulker_box	514
minecraft:block	minecraft:yellow_stained_glass	210
minecraft:block	minecraft:yellow_stained_glass_pane	363
minecraft:block	minecraft:yellow_terracotta	347
minecraft:block	minecraft:yellow_wall_banner	436
minecraft:block	minecraft:yellow_wool	106
minecraft:block	minecraft:zombie_head	318
minecraft:block	minecraft:zombie_wall_head	319
minecraft:block_entity_type	minecraft:banner	18
minecraft:block_entity_type	minecraft:barrel	25
minecraft:block_entity_type	minecraft:beacon	13
minecraft:block_entity_type	minecraft:bed	23
minecraft:block_entity_type	minecraft:beehive	32
minecraft:block_entity_type	minecraft:bell	29
minecraft:block_entity_type	minecraft:blast_furnace	27
minecraft:block_entity_type	minecraft:brewing_stand	10
minecraft:block_entity_type	minecraft:campfire	31
minecraft:block_entity_type	minecraft:chest	1
minecraft:block_entity_type	minecraft:command_block	21
minecraft:block_entity_type	minecraft:comparator	17
minecraft:block_entity_type	minecraft:conduit	24
minecraft:block_entity_type	minecraft:daylight_detector	15
minecraft:block_entity_type	minecraft:dispenser	5
minecraft:block_entity_type	minecraft:dropper	6
minecraft:block_entity_type	minecraft:enchanting_table	11
minecraft:block_entity_type	minecraft:end_gateway	20
minecraft:block_entity_type	minecraft:end_portal	12
minecraft:block_entity_type	minecraft:ender_chest	3
minecraft:block_entity_type	minecraft:furnace	0
minecraft:block_entity_type	minecraft:hopper	16
minecraft:block_entity_type	minecraft:jigsaw	30
minecraft:block_entity_type	minecraft:jukebox	4
minecraft:block_entity_type	minecraft:lectern	28
minecraft:block_entity_type	minecraft:mob_spawner	8
minecraft:block_entity_type	minecraft:piston	9
minecraft:block_entity_type	minecraft:shulker_box	22
minecraft:block_entity_type	minecraft:sign	7
minecraft:block_entity_type	minecraft:skull	14
minecraft:block_entity_type	minecraft:smoker	26
minecraft:block_entity_type	minecraft:structure_block	19
minecraft:block_entity_type	minecraft:trapped_chest	2
minecraft:chunk_status	minecraft:biomes	3
minecraft:chunk_status	minecraft:carvers	6
minecraft:chunk_status	minecraft:empty	0
minecraft:chunk_status	minecraft:features	8
minecraft:chunk_status	minecraft:full	12
minecraft:chunk_status	minecraft:heightmaps	11
minecraft:chunk_status	minecraft:light	9
minecraft:chunk_status	minecraft:liquid_carvers	7
minecraft:chunk_status	minecraft:noise	4
minecraft:chunk_status	minecraft:spawn	10
minecraft:chunk_status	minecraft:structure_references	2
minecraft:chunk_status	minecraft:structure_starts	1
minecraft:chunk_status	minecraft:surface	5
minecraft:custom_stat	minecraft:animals_bred	31
minecraft:custom_stat	minecraft:aviate_one_cm	17
minecraft:custom_stat	minecraft:bell_ring	67
minecraft:custom_stat	minecraft:boat_one_cm	14
minecraft:custom_stat	minecraft:clean_armor	39
minecraft:custom_stat	minecraft:clean_banner	40
minecraft:custom_stat	minecraft:clean_shulker_box	41
minecraft:custom_stat	minecraft:climb_one_cm	10
minecraft:custom_stat	minecraft:crouch_one_cm	6
minecraft:custom_stat	minecraft:damage_absorbed	27
minecraft:custom_stat	minecraft:damage_blocked_by_shield	26
minecraft:custom_stat	minecraft:damage_dealt	22
minecraft:custom_stat	minecraft:damage_dealt_absorbed	23
minecraft:custom_stat	minecraft:damage_dealt_resisted	24
minecraft:custom_stat	minecraft:damage_resisted	28
minecraft:custom_stat	minecraft:damage_taken	25
minecraft:custom_stat	minecraft:deaths	29
minecraft:custom_stat	minecraft:drop	21
minecraft:custom_stat	minecraft:eat_cake_slice	36
minecraft:custom_stat	minecraft:enchant_item	52
minecraft:custom_stat	minecraft:fall_one_cm	9
minecraft:custom_stat	minecraft:fill_cauldron	37
minecraft:custom_stat	minecraft:fish_caught	33
minecraft:custom_stat	minecraft:fly_one_cm	11
minecraft:custom_stat	minecraft:horse_one_cm	16
minecraft:custom_stat	minecraft:inspect_dispenser	46
minecraft:custom_stat	minecraft:inspect_dropper	44
minecraft:custom_stat	minecraft:inspect_hopper	45
minecraft:custom_stat	minecraft:interact_with_anvil	70
minecraft:custom_stat	minecraft:interact_with_beacon	43
minecraft:custom_stat	minecraft:interact_with_blast_furnace	60
minecraft:custom_stat	minecraft:interact_with_brewingstand	42
minecraft:custom_stat	minecraft:interact_with_campfire	63
minecraft:custom_stat	minecraft:interact_with_cartography_table	64
minecraft:custom_stat	minecraft:interact_with_crafting_table	55
minecraft:custom_stat	minecraft:interact_with_furnace	54
minecraft:custom_stat	minecraft:interact_with_grindstone	71
minecraft:custom_stat	minecraft:interact_with_lectern	62
minecraft:custom_stat	minecraft:interact_with_loom	65
minecraft:custom_stat	minecraft:interact_with_smithing_table	73
minecraft:custom_stat	minecraft:interact_with_smoker	61
minecraft:custom_stat	minecraft:interact_with_stonecutter	66
minecraft:custom_stat	minecraft:jump	20
minecraft:custom_stat	minecraft:leave_game	0
minecraft:custom_stat	minecraft:minecart_one_cm	13
minecraft:custom_stat	minecraft:mob_kills	30
minecraft:custom_stat	minecraft:open_barrel	59
minecraft:custom_stat	minecraft:open_chest	56
minecraft:custom_stat	minecraft:open_enderchest	51
minecraft:custom_stat	minecraft:open_shulker_box	58
minecraft:custom_stat	minecraft:pig_one_cm	15
minecraft:custom_stat	minecraft:play_noteblock	47
minecraft:custom_stat	minecraft:play_one_minute	1
minecraft:custom_stat	minecraft:play_record	53
minecraft:custom_stat	minecraft:player_kills	32
minecraft:custom_stat	minecraft:pot_flower	49
minecraft:custom_stat	minecraft:raid_trigger	68
minecraft:custom_stat	minecraft:raid_win	69
minecraft:custom_stat	minecraft:sleep_in_bed	57
minecraft:custom_stat	minecraft:sneak_time	4
minecraft:custom_stat	minecraft:sprint_one_cm	7
minecraft:custom_stat	minecraft:strider_one_cm	19
minecraft:custom_stat	minecraft:swim_one_cm	18
minecraft:custom_stat	minecraft:talked_to_villager	34
minecraft:custom_stat	minecraft:target_hit	72
minecraft:custom_stat	minecraft:time_since_death	2
minecraft:custom_stat	minecraft:time_since_rest	3
minecraft:custom_stat	minecraft:traded_with_villager	35
minecraft:custom_stat	minecraft:trigger_trapped_chest	50
minecraft:custom_stat	minecraft:tune_noteblock	48
minecraft:custom_stat	minecraft:use_cauldron	38
minecraft:custom_stat	minecraft:walk_on_water_one_cm	8
minecraft:custom_stat	minecraft:walk_one_cm	5
minecraft:custom_stat	minecraft:walk_under_water_one_cm	12
minecraft:enchantment	minecraft:aqua_affinity	6
minecraft:enchantment	minecraft:bane_of_arthropods	14
minecraft:enchantment	minecraft:binding_curse	10
minecraft:enchantment	minecraft:blast_protection	3
minecraft:enchantment	minecraft:channeling	32
minecraft:enchantment	minecraft:depth_strider	8
minecraft:enchantment	minecraft:efficiency	19
minecraft:enchantment	minecraft:feather_falling	2
minecraft:enchantment	minecraft:fire_aspect	16
minecraft:enchantment	minecraft:fire_protection	1
minecraft:enchantment	minecraft:flame	25
minecraft:enchantment	minecraft:fortune	22
minecraft:enchantment	minecraft:frost_walker	9
minecraft:enchantment	minecraft:impaling	30
minecraft:enchantment	minecraft:infinity	26
minecraft:enchantment	minecraft:knockback	15
minecraft:enchantment	minecraft:looting	17
minecraft:enchantment	minecraft:loyalty	29
minecraft:enchantment	minecraft:luck_of_the_sea	27
minecraft:enchantment	minecraft:lure	28
minecraft:enchantment	minecraft:mending	36
minecraft:enchantment	minecraft:multishot	33
minecraft:enchantment	minecraft:piercing	35
minecraft:enchantment	minecraft:power	23
minecraft:enchantment	minecraft:projectile_protection	4
minecraft:enchantment	minecraft:protection	0
minecraft:enchantment	minecraft:punch	24
minecraft:enchantment	minecraft:quick_charge	34
minecraft:enchantment	minecraft:respiration	5
minecraft:enchantment	minecraft:riptide	31
minecraft:enchantment	minecraft:sharpness	12
minecraft:enchantment	minecraft:silk_touch	20
minecraft:enchantment	minecraft:smite	13
minecraft:enchantment	minecraft:soul_speed	11
minecraft:enchantment	minecraft:sweeping	18
minecraft:enchantment	minecraft:thorns	7
minecraft:enchantment	minecraft:unbreaking	21
minecraft:enchantment	minecraft:vanishing_curse	37
minecraft:entity_type	minecraft:area_effect_cloud	0
minecraft:entity_type	minecraft:armor_stand	1
minecraft:entity_type	minecraft:arrow	2
minecraft:entity_type	minecraft:bat	3
minecraft:entity_type	minecraft:bee	4
minecraft:entity_type	minecraft:blaze	5
minecraft:entity_type	minecraft:boat	6
minecraft:entity_type	minecraft:cat	7
minecraft:entity_type	minecraft:cave_spider	8
minecraft:entity_type	minecraft:chest_minecart	46
minecraft:entity_type	minecraft:chicken	9
minecraft:entity_type	minecraft:cod	10
minecraft:entity_type	minecraft:command_block_minecart	47
minecraft:entity_type	minecraft:cow	11
minecraft:entity_type	minecraft:creeper	12
minecraft:entity_type	minecraft:dolphin	13
minecraft:entity_type	minecraft:donkey	14
minecraft:entity_type	minecraft:dragon_fireball	15
minecraft:entity_type	minecraft:drowned	16
minecraft:entity_type	minecraft:egg	84
minecraft:entity_type	minecraft:elder_guardian	17
minecraft:entity_type	minecraft:end_crystal	18
minecraft:entity_type	minecraft:ender_dragon	19
minecraft:entity_type	minecraft:ender_pearl	85
minecraft:entity_type	minecraft:enderman	20
minecraft:entity_type	minecraft:endermite	21
minecraft:entity_type	minecraft:evoker	22
minecraft:entity_type	minecraft:evoker_fangs	23
minecraft:entity_type	minecraft:experience_bottle	86
minecraft:entity_type	minecraft:experience_orb	24
minecraft:entity_type	minecraft:eye_of_ender	25
minecraft:entity_type	minecraft:falling_block	26
minecraft:entity_type	minecraft:fireball	39
minecraft:entity_type	minecraft:firework_rocket	27
minecraft:entity_type	minecraft:fishing_bobber	107
minecraft:entity_type	minecraft:fox	28
minecraft:entity_type	minecraft:furnace_minecart	48
minecraft:entity_type	minecraft:ghast	29
minecraft:entity_type	minecraft:giant	30
minecraft:entity_type	minecraft:guardian	31
minecraft:entity_type	minecraft:hoglin	32
minecraft:entity_type	minecraft:hopper_minecart	49
minecraft:entity_type	minecraft:horse	33
minecraft:entity_type	minecraft:husk	34
minecraft:entity_type	minecraft:illusioner	35
minecraft:entity_type	minecraft:iron_golem	36
minecraft:entity_type	minecraft:item	37
minecraft:entity_type	minecraft:item_frame	38
minecraft:entity_type	minecraft:leash_knot	40
minecraft:entity_type	minecraft:lightning_bolt	41
minecraft:entity_type	minecraft:llama	42
minecraft:entity_type	minecraft:llama_spit	43
minecraft:entity_type	minecraft:magma_cube	44
minecraft:entity_type	minecraft:minecart	45
minecraft:entity_type	minecraft:mooshroom	53
minecraft:entity_type	minecraft:mule	52
minecraft:entity_type	minecraft:ocelot	54
minecraft:entity_type	minecraft:painting	55
minecraft:entity_type	minecraft:panda	56
minecraft:entity_type	minecraft:parrot	57
minecraft:entity_type	minecraft:phantom	58
minecraft:entity_type	minecraft:pig	59
minecraft:entity_type	minecraft:piglin	60
minecraft:entity_type	minecraft:piglin_brute	61
minecraft:entity_type	minecraft:pillager	62
minecraft:entity_type	minecraft:player	106
minecraft:entity_type	minecraft:polar_bear	63
minecraft:entity_type	minecraft:potion	87
minecraft:entity_type	minecraft:pufferfish	65
minecraft:entity_type	minecraft:rabbit	66
minecraft:entity_type	minecraft:ravager	67
minecraft:entity_type	minecraft:salmon	68
minecraft:entity_type	minecraft:sheep	69
minecraft:entity_type	minecraft:shulker	70
minecraft:entity_type	minecraft:shulker_bullet	71
minecraft:entity_type	minecraft:silverfish	72
minecraft:entity_type	minecraft:skeleton	73
minecraft:entity_type	minecraft:skeleton_horse	74
minecraft:entity_type	minecraft:slime	75
minecraft:entity_type	minecraft:small_fireball	76
minecraft:entity_type	minecraft:snow_golem	77
minecraft:entity_type	minecraft:snowball	78
minecraft:entity_type	minecraft:spawner_minecart	50
minecraft:entity_type	minecraft:spectral_arrow	79
minecraft:entity_type	minecraft:spider	80
minecraft:entity_type	minecraft:squid	81
minecraft:entity_type	minecraft:stray	82
minecraft:entity_type	minecraft:strider	83
minecraft:entity_type	minecraft:tnt	64
minecraft:entity_type	minecraft:tnt_minecart	51
minecraft:entity_type	minecraft:trader_llama	89
minecraft:entity_type	minecraft:trident	88
minecraft:entity_type	minecraft:tropical_fish	90
minecraft:entity_type	minecraft:turtle	91
minecraft:entity_type	minecraft:vex	92
minecraft:entity_type	minecraft:villager	93
minecraft:entity_type	minecraft:vindicator	94
minecraft:entity_type	minecraft:wandering_trader	95
minecraft:entity_type	minecraft:witch	96
minecraft:entity_type	minecraft:wither	97
minecraft:entity_type	minecraft:wither_skeleton	98
minecraft:entity_type	minecraft:wither_skull	99
minecraft:entity_type	minecraft:wolf	100
minecraft:entity_type	minecraft:zoglin	101
minecraft:entity_type	minecraft:zombie	102
minecraft:entity_type	minecraft:zombie_horse	103
minecraft:entity_type	minecraft:zombie_villager	104
minecraft:entity_type	minecraft:zombified_piglin	105
minecraft:fluid	minecraft:empty	0
minecraft:fluid	minecraft:flowing_lava	3
minecraft:fluid	minecraft:flowing_water	1
minecraft:fluid	minecraft:lava	4
minecraft:fluid	minecraft:water	2
minecraft:item	minecraft:acacia_boat	902
minecraft:item	minecraft:acacia_button	309
minecraft:item	minecraft:acacia_door	562
minecraft:item	minecraft:acacia_fence	212
minecraft:item	minecraft:acacia_fence_gate	256
minecraft:item	minecraft:acacia_leaves	73
minecraft:item	minecraft:acacia_log	41
minecraft:item	minecraft:acacia_planks	19
minecraft:item	minecraft:acacia_pressure_plate	195
minecraft:item	minecraft:acacia_sapling	27
minecraft:item	minecraft:acacia_sign	656
minecraft:item	minecraft:acacia_slab	142
minecraft:item	minecraft:acacia_stairs	369
minecraft:item	minecraft:acacia_trapdoor	230
minecraft:item	minecraft:acacia_wood	65
minecraft:item	minecraft:activator_rail	329
minecraft:item	minecraft:air	0
minecraft:item	minecraft:allium	114
minecraft:item	minecraft:ancient_debris	960
minecraft:item	minecraft:andesite	6
minecraft:item	minecraft:andesite_slab	552
minecraft:item	minecraft:andesite_stairs	539
minecraft:item	minecraft:andesite_wall	296
minecraft:item	minecraft:anvil	314
minecraft:item	minecraft:apple	573
minecraft:item	minecraft:armor_stand	860
minecraft:item	minecraft:arrow	575
minecraft:item	minecraft:azure_bluet	115
minecraft:item	minecraft:baked_potato	832
minecraft:item	minecraft:bamboo	135
minecraft:item	minecraft:barrel	936
minecraft:item	minecraft:barrier	347
minecraft:item	minecraft:basalt	221
minecraft:item	minecraft:bat_spawn_egg	759
minecraft:item	minecraft:beacon	286
minecraft:item	minecraft:bedrock	29
minecraft:item	minecraft:bee_nest	953
minecraft:item	minecraft:bee_spawn_egg	760
minecraft:item	minecraft:beef	739
minecraft:item	minecraft:beehive	954
minecraft:item	minecraft:beetroot	889
minecraft:item	minecraft:beetroot_seeds	890
minecraft:item	minecraft:beetroot_soup	891
minecraft:item	minecraft:bell	945
minecraft:item	minecraft:birch_boat	900
minecraft:item	minecraft:birch_button	307
minecraft:item	minecraft:birch_door	560
minecraft:item	minecraft:birch_fence	210
minecraft:item	minecraft:birch_fence_gate	254
minecraft:item	minecraft:birch_leaves	71
minecraft:item	minecraft:birch_log	39
minecraft:item	minecraft:birch_planks	17
minecraft:item	minecraft:birch_pressure_plate	193
minecraft:item	minecraft:birch_sapling	25
minecraft:item	minecraft:birch_sign	654
minecraft:item	minecraft:birch_slab	140
minecraft:item	minecraft:birch_stairs	281
minecraft:item	minecraft:birch_trapdoor	228
minecraft:item	minecraft:birch_wood	63
minecraft:item	minecraft:black_banner	885
minecraft:item	minecraft:black_bed	731
minecraft:item	minecraft:black_carpet	365
minecraft:item	minecraft:black_concrete	479
minecraft:item	minecraft:black_concrete_powder	495
minecraft:item	minecraft:black_dye	711
minecraft:item	minecraft:black_glazed_terracotta	463
minecraft:item	minecraft:black_shulker_box	447
minecraft:item	minecraft:black_stained_glass	394
minecraft:item	minecraft:black_stained_glass_pane	410
minecraft:item	minecraft:black_terracotta	346
minecraft:item	minecraft:black_wool	110
minecraft:item	minecraft:blackstone	963
minecraft:item	minecraft:blackstone_slab	964
minecraft:item	minecraft:blackstone_stairs	965
minecraft:item	minecraft:blackstone_wall	301
minecraft:item	minecraft:blast_furnace	938
minecraft:item	minecraft:blaze_powder	753
minecraft:item	minecraft:blaze_rod	745
minecraft:item	minecraft:blaze_spawn_egg	761
minecraft:item	minecraft:blue_banner	881
minecraft:item	minecraft:blue_bed	727
minecraft:item	minecraft:blue_carpet	361
minecraft:item	minecraft:blue_concrete	475
minecraft:item	minecraft:blue_concrete_powder	491
minecraft:item	minecraft:blue_dye	707
minecraft:item	minecraft:blue_glazed_terracotta	459
minecraft:item	minecraft:blue_ice	527
minecraft:item	minecraft:blue_orchid	113
minecraft:item	minecraft:blue_shulker_box	443
minecraft:item	minecraft:blue_stained_glass	390
minecraft:item	minecraft:blue_stained_glass_pane	406
minecraft:item	minecraft:blue_terracotta	342
minecraft:item	minecraft:blue_wool	106
minecraft:item	minecraft:bone	713
minecraft:item	minecraft:bone_block	428
minecraft:item	minecraft:bone_meal	712
minecraft:item	minecraft:book	678
minecraft:item	minecraft:bookshelf	168
minecraft:item	minecraft:bow	574
minecraft:item	minecraft:bowl	614
minecraft:item	minecraft:brain_coral	508
minecraft:item	minecraft:brain_coral_block	503
minecraft:item	minecraft:brain_coral_fan	518
minecraft:item	minecraft:bread	621
minecraft:item	minecraft:brewing_stand	755
minecraft:item	minecraft:brick	674
minecraft:item	minecraft:brick_slab	152
minecraft:item	minecraft:brick_stairs	260
minecraft:item	minecraft:brick_wall	289
minecraft:item	minecraft:bricks	166
minecraft:item	minecraft:brown_banner	882
minecraft:item	minecraft:brown_bed	728
minecraft:item	minecraft:brown_carpet	362
minecraft:item	minecraft:brown_concrete	476
minecraft:item	minecraft:brown_concrete_powder	492
minecraft:item	minecraft:brown_dye	708
minecraft:item	minecraft:brown_glazed_terracotta	460
minecraft:item	minecraft:brown_mushroom	124
minecraft:item	minecraft:brown_mushroom_block	244
minecraft:item	minecraft:brown_shulker_box	444
minecraft:item	minecraft:brown_stained_glass	391
minecraft:item	minecraft:brown_stained_glass_pane	407
minecraft:item	minecraft:brown_terracotta	343
minecraft:item	minecraft:brown_wool	107
minecraft:item	minecraft:bubble_coral	509
minecraft:item	minecraft:bubble_coral_block	504
minecraft:item	minecraft:bubble_coral_fan	519
minecraft:item	minecraft:bucket	660
minecraft:item	minecraft:cactus	205
minecraft:item	minecraft:cake	715
minecraft:item	minecraft:campfire	949
minecraft:item	minecraft:carrot	830
minecraft:item	minecraft:carrot_on_a_stick	842
minecraft:item	minecraft:cartography_table	939
minecraft:item	minecraft:carved_pumpkin	217
minecraft:item	minecraft:cat_spawn_egg	762
minecraft:item	minecraft:cauldron	756
minecraft:item	minecraft:cave_spider_spawn_egg	763
minecraft:item	minecraft:chain	248
minecraft:item	minecraft:chain_command_block	423
minecraft:item	minecraft:chainmail_boots	629
minecraft:item	minecraft:chainmail_chestplate	627
minecraft:item	minecraft:chainmail_helmet	626
minecraft:item	minecraft:chainmail_leggings	628
minecraft:item	minecraft:charcoal	577
minecraft:item	minecraft:chest	180
minecraft:item	minecraft:chest_minecart	680
minecraft:item	minecraft:chicken	741
minecraft:item	minecraft:chicken_spawn_egg	764
minecraft:item	minecraft:chipped_anvil	315
minecraft:item	minecraft:chiseled_nether_bricks	266
minecraft:item	minecraft:chiseled_polished_blackstone	970
minecraft:item	minecraft:chiseled_quartz_block	324
minecraft:item	minecraft:chiseled_red_sandstone	419
minecraft:item	minecraft:chiseled_sandstone	82
minecraft:item	minecraft:chiseled_stone_bricks	243
minecraft:item	minecraft:chorus_flower	174
minecraft:item	minecraft:chorus_fruit	887
minecraft:item	minecraft:chorus_plant	173
minecraft:item	minecraft:clay	206
minecraft:item	minecraft:clay_ball	675
minecraft:item	minecraft:clock	685
minecraft:item	minecraft:coal	576
minecraft:item	minecraft:coal_block	367
minecraft:item	minecraft:coal_ore	35
minecraft:item	minecraft:coarse_dirt	10
minecraft:item	minecraft:cobblestone	14
minecraft:item	minecraft:cobblestone_slab	151
minecraft:item	minecraft:cobblestone_stairs	188
minecraft:item	minecraft:cobblestone_wall	287
minecraft:item	minecraft:cobweb	88
minecraft:item	minecraft:cocoa_beans	694
minecraft:item	minecraft:cod	687
minecraft:item	minecraft:cod_bucket	672
minecraft:item	minecraft:cod_spawn_egg	765
minecraft:item	minecraft:command_block	285
minecraft:item	minecraft:command_block_minecart	867
minecraft:item	minecraft:comparator	567
minecraft:item	minecraft:compass	683
minecraft:item	minecraft:composter	935
minecraft:item	minecraft:conduit	528
minecraft:item	minecraft:cooked_beef	740
minecraft:item	minecraft:cooked_chicken	742
minecraft:item	minecraft:cooked_cod	691
minecraft:item	minecraft:cooked_mutton	869
minecraft:item	minecraft:cooked_porkchop	648
minecraft:item	minecraft:cooked_rabbit	856
minecraft:item	minecraft:cooked_salmon	692
minecraft:item	minecraft:cookie	732
minecraft:item	minecraft:cornflower	121
minecraft:item	minecraft:cow_spawn_egg	766
minecraft:item	minecraft:cracked_nether_bricks	265
minecraft:item	minecraft:cracked_polished_blackstone_bricks	974
minecraft:item	minecraft:cracked_stone_bricks	242
minecraft:item	minecraft:crafting_table	183
minecraft:item	minecraft:creeper_banner_pattern	930
minecraft:item	minecraft:creeper_head	840
minecraft:item	minecraft:creeper_spawn_egg	767
minecraft:item	minecraft:crimson_button	311
minecraft:item	minecraft:crimson_door	564
minecraft:item	minecraft:crimson_fence	214
minecraft:item	minecraft:crimson_fence_gate	258
minecraft:item	minecraft:crimson_fungus	126
minecraft:item	minecraft:crimson_hyphae	67
minecraft:item	minecraft:crimson_nylium	12
minecraft:item	minecraft:crimson_planks	21
minecraft:item	minecraft:crimson_pressure_plate	197
minecraft:item	minecraft:crimson_roots	128
minecraft:item	minecraft:crimson_sign	658
minecraft:item	minecraft:crimson_slab	144
minecraft:item	minecraft:crimson_stairs	283
minecraft:item	minecraft:crimson_stem	43
minecraft:item	minecraft:crimson_trapdoor	232
minecraft:item	minecraft:crossbow	926
minecraft:item	minecraft:crying_obsidian	962
minecraft:item	minecraft:cut_red_sandstone	420
minecraft:item	minecraft:cut_red_sandstone_slab	157
minecraft:item	minecraft:cut_sandstone	83
minecraft:item	minecraft:cut_sandstone_slab	149
minecraft:item	minecraft:cyan_banner	879
minecraft:item	minecraft:cyan_bed	725
minecraft:item	minecraft:cyan_carpet	359
minecraft:item	minecraft:cyan_concrete	473
minecraft:item	minecraft:cyan_concrete_powder	489
minecraft:item	minecraft:cyan_dye	705
minecraft:item	minecraft:cyan_glazed_terracotta	457
minecraft:item	minecraft:cyan_shulker_box	441
minecraft:item	minecraft:cyan_stained_glass	388
minecraft:item	minecraft:cyan_stained_glass_pane	404
minecraft:item	minecraft:cyan_terracotta	340
minecraft:item	minecraft:cyan_wool	104
minecraft:item	minecraft:damaged_anvil	316
minecraft:item	minecraft:dandelion	111
minecraft:item	minecraft:dark_oak_boat	903
minecraft:item	minecraft:dark_oak_button	310
minecraft:item	minecraft:dark_oak_door	563
minecraft:item	minecraft:dark_oak_fence	213
minecraft:item	minecraft:dark_oak_fence_gate	257
minecraft:item	minecraft:dark_oak_leaves	74
minecraft:item	minecraft:dark_oak_log	42
minecraft:item	minecraft:dark_oak_planks	20
minecraft:item	minecraft:dark_oak_pressure_plate	196
minecraft:item	minecraft:dark_oak_sapling	28
minecraft:item	minecraft:dark_oak_sign	657
minecraft:item	minecraft:dark_oak_slab	143
minecraft:item	minecraft:dark_oak_stairs	370
minecraft:item	minecraft:dark_oak_trapdoor	231
minecraft:item	minecraft:dark_oak_wood	66
minecraft:item	minecraft:dark_prismarine	413
minecraft:item	minecraft:dark_prismarine_slab	161
minecraft:item	minecraft:dark_prismarine_stairs	416
minecraft:item	minecraft:daylight_detector	320
minecraft:item	minecraft:dead_brain_coral	512
minecraft:item	minecraft:dead_brain_coral_block	498
minecraft:item	minecraft:dead_brain_coral_fan	523
minecraft:item	minecraft:dead_bubble_coral	513
minecraft:item	minecraft:dead_bubble_coral_block	499
minecraft:item	minecraft:dead_bubble_coral_fan	524
minecraft:item	minecraft:dead_bush	91
minecraft:item	minecraft:dead_fire_coral	514
minecraft:item	minecraft:dead_fire_coral_block	500
minecraft:item	minecraft:dead_fire_coral_fan	525
minecraft:item	minecraft:dead_horn_coral	515
minecraft:item	minecraft:dead_horn_coral_block	501
minecraft:item	minecraft:dead_horn_coral_fan	526
minecraft:item	minecraft:dead_tube_coral	516
minecraft:item	minecraft:dead_tube_coral_block	497
minecraft:item	minecraft:dead_tube_coral_fan	522
minecraft:item	minecraft:debug_stick	908
minecraft:item	minecraft:detector_rail	86
minecraft:item	minecraft:diamond	578
minecraft:item	minecraft:diamond_axe	606
minecraft:item	minecraft:diamond_block	182
minecraft:item	minecraft:diamond_boots	637
minecraft:item	minecraft:diamond_chestplate	635
minecraft:item	minecraft:diamond_helmet	634
minecraft:item	minecraft:diamond_hoe	607
minecraft:item	minecraft:diamond_horse_armor	863
minecraft:item	minecraft:diamond_leggings	636
minecraft:item	minecraft:diamond_ore	181
minecraft:item	minecraft:diamond_pickaxe	605
minecraft:item	minecraft:diamond_shovel	604
minecraft:item	minecraft:diamond_sword	603
minecraft:item	minecraft:diorite	4
minecraft:item	minecraft:diorite_slab	555
minecraft:item	minecraft:diorite_stairs	542
minecraft:item	minecraft:diorite_wall	300
minecraft:item	minecraft:dirt	9
minecraft:item	minecraft:dispenser	80
minecraft:item	minecraft:dolphin_spawn_egg	768
minecraft:item	minecraft:donkey_spawn_egg	769
minecraft:item	minecraft:dragon_breath	892
minecraft:item	minecraft:dragon_egg	273
minecraft:item	minecraft:dragon_head	841
minecraft:item	minecraft:dried_kelp	736
minecraft:item	minecraft:dried_kelp_block	676
minecraft:item	minecraft:dropper	330
minecraft:item	minecraft:drowned_spawn_egg	770
minecraft:item	minecraft:egg	682
minecraft:item	minecraft:elder_guardian_spawn_egg	771
minecraft:item	minecraft:elytra	898
minecraft:item	minecraft:emerald	827
minecraft:item	minecraft:emerald_block	279
minecraft:item	minecraft:emerald_ore	276
minecraft:item	minecraft:enchanted_book	848
minecraft:item	minecraft:enchanted_golden_apple	651
minecraft:item	minecraft:enchanting_table	269
minecraft:item	minecraft:end_crystal	886
minecraft:item	minecraft:end_portal_frame	270
minecraft:item	minecraft:end_rod	172
minecraft:item	minecraft:end_stone	271
minecraft:item	minecraft:end_stone_brick_slab	548
minecraft:item	minecraft:end_stone_brick_stairs	534
minecraft:item	minecraft:end_stone_brick_wall	299
minecraft:item	minecraft:end_stone_bricks	272
minecraft:item	minecraft:ender_chest	277
minecraft:item	minecraft:ender_eye	757
minecraft:item	minecraft:ender_pearl	744
minecraft:item	minecraft:enderman_spawn_egg	772
minecraft:item	minecraft:endermite_spawn_egg	773
minecraft:item	minecraft:evoker_spawn_egg	774
minecraft:item	minecraft:experience_bottle	823
minecraft:item	minecraft:farmland	184
minecraft:item	minecraft:feather	617
minecraft:item	minecraft:fermented_spider_eye	752
minecraft:item	minecraft:fern	90
minecraft:item	minecraft:filled_map	733
minecraft:item	minecraft:fire_charge	824
minecraft:item	minecraft:fire_coral	510
minecraft:item	minecraft:fire_coral_block	505
minecraft:item	minecraft:fire_coral_fan	520
minecraft:item	minecraft:firework_rocket	846
minecraft:item	minecraft:firework_star	847
minecraft:item	minecraft:fishing_rod	684
minecraft:item	minecraft:fletching_table	940
minecraft:item	minecraft:flint	646
minecraft:item	minecraft:flint_and_steel	572
minecraft:item	minecraft:flower_banner_pattern	929
minecraft:item	minecraft:flower_pot	829
minecraft:item	minecraft:fox_spawn_egg	775
minecraft:item	minecraft:furnace	185
minecraft:item	minecraft:furnace_minecart	681
minecraft:item	minecraft:ghast_spawn_egg	776
minecraft:item	minecraft:ghast_tear	746
minecraft:item	minecraft:gilded_blackstone	966
minecraft:item	minecraft:glass	77
minecraft:item	minecraft:glass_bottle	750
minecraft:item	minecraft:glass_pane	249
minecraft:item	minecraft:glistering_melon_slice	758
minecraft:item	minecraft:globe_banner_pattern	933
minecraft:item	minecraft:glowstone	224
minecraft:item	minecraft:glowstone_dust	686
minecraft:item	minecraft:gold_block	136
minecraft:item	minecraft:gold_ingot	580
minecraft:item	minecraft:gold_nugget	747
minecraft:item	minecraft:gold_ore	33
minecraft:item	minecraft:golden_apple	650
minecraft:item	minecraft:golden_axe	596
minecraft:item	minecraft:golden_boots	641
minecraft:item	minecraft:golden_carrot	835
minecraft:item	minecraft:golden_chestplate	639
minecraft:item	minecraft:golden_helmet	638
minecraft:item	minecraft:golden_hoe	597
minecraft:item	minecraft:golden_horse_armor	862
minecraft:item	minecraft:golden_leggings	640
minecraft:item	minecraft:golden_pickaxe	595
minecraft:item	minecraft:golden_shovel	594
minecraft:item	minecraft:golden_sword	593
minecraft:item	minecraft:granite	2
minecraft:item	minecraft:granite_slab	551
minecraft:item	minecraft:granite_stairs	538
minecraft:item	minecraft:granite_wall	293
minecraft:item	minecraft:grass	89
minecraft:item	minecraft:grass_block	8
minecraft:item	minecraft:grass_path	372
minecraft:item	minecraft:gravel	32
minecraft:item	minecraft:gray_banner	877
minecraft:item	minecraft:gray_bed	723
minecraft:item	minecraft:gray_carpet	357
minecraft:item	minecraft:gray_concrete	471
minecraft:item	minecraft:gray_concrete_powder	487
minecraft:item	minecraft:gray_dye	703
minecraft:item	minecraft:gray_glazed_terracotta	455
minecraft:item	minecraft:gray_shulker_box	439
minecraft:item	minecraft:gray_stained_glass	386
minecraft:item	minecraft:gray_stained_glass_pane	402
minecraft:item	minecraft:gray_terracotta	338
minecraft:item	minecraft:gray_wool	102
minecraft:item	minecraft:green_banner	883
minecraft:item	minecraft:green_bed	729
minecraft:item	minecraft:green_carpet	363
minecraft:item	minecraft:green_concrete	477
minecraft:item	minecraft:green_concrete_powder	493
minecraft:item	minecraft:green_dye	709
minecraft:item	minecraft:green_glazed_terracotta	461
minecraft:item	minecraft:green_shulker_box	445
minecraft:item	minecraft:green_stained_glass	392
minecraft:item	minecraft:green_stained_glass_pane	408
minecraft:item	minecraft:green_terracotta	344
minecraft:item	minecraft:green_wool	108
minecraft:item	minecraft:grindstone	941
minecraft:item	minecraft:guardian_spawn_egg	777
minecraft:item	minecraft:gunpowder	618
minecraft:item	minecraft:hay_block	349
minecraft:item	minecraft:heart_of_the_sea	925
minecraft:item	minecraft:heavy_weighted_pressure_plate	319
minecraft:item	minecraft:hoglin_spawn_egg	778
minecraft:item	minecraft:honey_block	956
minecraft:item	minecraft:honey_bottle	955
minecraft:item	minecraft:honeycomb	952
minecraft:item	minecraft:honeycomb_block	957
minecraft:item	minecraft:hopper	323
minecraft:item	minecraft:hopper_minecart	852
minecraft:item	minecraft:horn_coral	511
minecraft:item	minecraft:horn_coral_block	506
minecraft:item	minecraft:horn_coral_fan	521
minecraft:item	minecraft:horse_spawn_egg	779
minecraft:item	minecraft:husk_spawn_egg	780
minecraft:item	minecraft:ice	203
minecraft:item	minecraft:infested_chiseled_stone_bricks	239
minecraft:item	minecraft:infested_cobblestone	235
minecraft:item	minecraft:infested_cracked_stone_bricks	238
minecraft:item	minecraft:infested_mossy_stone_bricks	237
minecraft:item	minecraft:infested_stone	234
minecraft:item	minecraft:infested_stone_bricks	236
minecraft:item	minecraft:ink_sac	693
minecraft:item	minecraft:iron_axe	601
minecraft:item	minecraft:iron_bars	247
minecraft:item	minecraft:iron_block	137
minecraft:item	minecraft:iron_boots	633
minecraft:item	minecraft:iron_chestplate	631
minecraft:item	minecraft:iron_door	557
minecraft:item	minecraft:iron_helmet	630
minecraft:item	minecraft:iron_hoe	602
minecraft:item	minecraft:iron_horse_armor	861
minecraft:item	minecraft:iron_ingot	579
minecraft:item	minecraft:iron_leggings	632
minecraft:item	minecraft:iron_nugget	906
minecraft:item	minecraft:iron_ore	34
minecraft:item	minecraft:iron_pickaxe	600
minecraft:item	minecraft:iron_shovel	599
minecraft:item	minecraft:iron_sword	598
minecraft:item	minecraft:iron_trapdoor	348
minecraft:item	minecraft:item_frame	828
minecraft:item	minecraft:jack_o_lantern	225
minecraft:item	minecraft:jigsaw	569
minecraft:item	minecraft:jukebox	207
minecraft:item	minecraft:jungle_boat	901
minecraft:item	minecraft:jungle_button	308
minecraft:item	minecraft:jungle_door	561
minecraft:item	minecraft:jungle_fence	211
minecraft:item	minecraft:jungle_fence_gate	255
minecraft:item	minecraft:jungle_leaves	72
minecraft:item	minecraft:jungle_log	40
minecraft:item	minecraft:jungle_planks	18
minecraft:item	minecraft:jungle_pressure_plate	194
minecraft:item	minecraft:jungle_sapling	26
minecraft:item	minecraft:jungle_sign	655
minecraft:item	minecraft:jungle_slab	141
minecraft:item	minecraft:jungle_stairs	282
minecraft:item	minecraft:jungle_trapdoor	229
minecraft:item	minecraft:jungle_wood	64
minecraft:item	minecraft:kelp	134
minecraft:item	minecraft:knowledge_book	907
minecraft:item	minecraft:ladder	186
minecraft:item	minecraft:lantern	946
minecraft:item	minecraft:lapis_block	79
minecraft:item	minecraft:lapis_lazuli	695
minecraft:item	minecraft:lapis_ore	78
minecraft:item	minecraft:large_fern	378
minecraft:item	minecraft:lava_bucket	662
minecraft:item	minecraft:lead	865
minecraft:item	minecraft:leather	668
minecraft:item	minecraft:leather_boots	625
minecraft:item	minecraft:leather_chestplate	623
minecraft:item	minecraft:leather_helmet	622
minecraft:item	minecraft:leather_horse_armor	864
minecraft:item	minecraft:leather_leggings	624
minecraft:item	minecraft:lectern	942
minecraft:item	minecraft:lever	189
minecraft:item	minecraft:light_blue_banner	873
minecraft:item	minecraft:light_blue_bed	719
minecraft:item	minecraft:light_blue_carpet	353
minecraft:item	minecraft:light_blue_concrete	467
minecraft:item	minecraft:light_blue_concrete_powder	483
minecraft:item	minecraft:light_blue_dye	699
minecraft:item	minecraft:light_blue_glazed_terracotta	451
minecraft:item	minecraft:light_blue_shulker_box	435
minecraft:item	minecraft:light_blue_stained_glass	382
minecraft:item	minecraft:light_blue_stained_glass_pane	398
minecraft:item	minecraft:light_blue_terracotta	334
minecraft:item	minecraft:light_blue_wool	98
minecraft:item	minecraft:light_gray_banner	878
minecraft:item	minecraft:light_gray_bed	724
minecraft:item	minecraft:light_gray_carpet	358
minecraft:item	minecraft:light_gray_concrete	472
minecraft:item	minecraft:light_gray_concrete_powder	488
minecraft:item	minecraft:light_gray_dye	704
minecraft:item	minecraft:light_gray_glazed_terracotta	456
minecraft:item	minecraft:light_gray_shulker_box	440
minecraft:item	minecraft:light_gray_stained_glass	387
minecraft:item	minecraft:light_gray_stained_glass_pane	403
minecraft:item	minecraft:light_gray_terracotta	339
minecraft:item	minecraft:light_gray_wool	103
minecraft:item	minecraft:light_weighted_pressure_plate	318
minecraft:item	minecraft:lilac	374
minecraft:item	minecraft:lily_of_the_valley	122
minecraft:item	minecraft:lily_pad	263
minecraft:item	minecraft:lime_banner	875
minecraft:item	minecraft:lime_bed	721
minecraft:item	minecraft:lime_carpet	355
minecraft:item	minecraft:lime_concrete	469
minecraft:item	minecraft:lime_concrete_powder	485
minecraft:item	minecraft:lime_dye	701
minecraft:item	minecraft:lime_glazed_terracotta	453
minecraft:item	minecraft:lime_shulker_box	437
minecraft:item	minecraft:lime_stained_glass	384
minecraft:item	minecraft:lime_stained_glass_pane	400
minecraft:item	minecraft:lime_terracotta	336
minecraft:item	minecraft:lime_wool	100
minecraft:item	minecraft:lingering_potion	896
minecraft:item	minecraft:llama_spawn_egg	781
minecraft:item	minecraft:lodestone	958
minecraft:item	minecraft:loom	928
minecraft:item	minecraft:magenta_banner	872
minecraft:item	minecraft:magenta_bed	718
minecraft:item	minecraft:magenta_carpet	352
minecraft:item	minecraft:magenta_concrete	466
minecraft:item	minecraft:magenta_concrete_powder	482
minecraft:item	minecraft:magenta_dye	698
minecraft:item	minecraft:magenta_glazed_terracotta	450
minecraft:item	minecraft:magenta_shulker_box	434
minecraft:item	minecraft:magenta_stained_glass	381
minecraft:item	minecraft:magenta_stained_glass_pane	397
minecraft:item	minecraft:magenta_terracotta	333
minecraft:item	minecraft:magenta_wool	97
minecraft:item	minecraft:magma_block	424
minecraft:item	minecraft:magma_cream	754
minecraft:item	minecraft:magma_cube_spawn_egg	782
minecraft:item	minecraft:map	834
minecraft:item	minecraft:melon	250
minecraft:item	minecraft:melon_seeds	738
minecraft:item	minecraft:melon_slice	735
minecraft:item	minecraft:milk_bucket	669
minecraft:item	minecraft:minecart	663
minecraft:item	minecraft:mojang_banner_pattern	932
minecraft:item	minecraft:mooshroom_spawn_egg	783
minecraft:item	minecraft:mossy_cobblestone	169
minecraft:item	minecraft:mossy_cobblestone_slab	547
minecraft:item	minecraft:mossy_cobblestone_stairs	533
minecraft:item	minecraft:mossy_cobblestone_wall	288
minecraft:item	minecraft:mossy_stone_brick_slab	545
minecraft:item	minecraft:mossy_stone_brick_stairs	531
minecraft:item	minecraft:mossy_stone_brick_wall	292
minecraft:item	minecraft:mossy_stone_bricks	241
minecraft:item	minecraft:mule_spawn_egg	784
minecraft:item	minecraft:mushroom_stem	246
minecraft:item	minecraft:mushroom_stew	615
minecraft:item	minecraft:music_disc_11	919
minecraft:item	minecraft:music_disc_13	909
minecraft:item	minecraft:music_disc_blocks	911
minecraft:item	minecraft:music_disc_cat	910
minecraft:item	minecraft:music_disc_chirp	912
minecraft:item	minecraft:music_disc_far	913
minecraft:item	minecraft:music_disc_mall	914
minecraft:item	minecraft:music_disc_mellohi	915
minecraft:item	minecraft:music_disc_pigstep	921
minecraft:item	minecraft:music_disc_stal	916
minecraft:item	minecraft:music_disc_strad	917
minecraft:item	minecraft:music_disc_wait	920
minecraft:item	minecraft:music_disc_ward	918
minecraft:item	minecraft:mutton	868
minecraft:item	minecraft:mycelium	262
minecraft:item	minecraft:name_tag	866
minecraft:item	minecraft:nautilus_shell	924
minecraft:item	minecraft:nether_brick	849
minecraft:item	minecraft:nether_brick_fence	267
minecraft:item	minecraft:nether_brick_slab	154
minecraft:item	minecraft:nether_brick_stairs	268
minecraft:item	minecraft:nether_brick_wall	295
minecraft:item	minecraft:nether_bricks	264
minecraft:item	minecraft:nether_gold_ore	36
minecraft:item	minecraft:nether_quartz_ore	322
minecraft:item	minecraft:nether_sprouts	130
minecraft:item	minecraft:nether_star	844
minecraft:item	minecraft:nether_wart	748
minecraft:item	minecraft:nether_wart_block	425
minecraft:item	minecraft:netherite_axe	611
minecraft:item	minecraft:netherite_block	959
minecraft:item	minecraft:netherite_boots	645
minecraft:item	minecraft:netherite_chestplate	643
minecraft:item	minecraft:netherite_helmet	642
minecraft:item	minecraft:netherite_hoe	612
minecraft:item	minecraft:netherite_ingot	581
minecraft:item	minecraft:netherite_leggings	644
minecraft:item	minecraft:netherite_pickaxe	610
minecraft:item	minecraft:netherite_scrap	582
minecraft:item	minecraft:netherite_shovel	609
minecraft:item	minecraft:netherite_sword	608
minecraft:item	minecraft:netherrack	218
minecraft:item	minecraft:note_block	84
minecraft:item	minecraft:oak_boat	667
minecraft:item	minecraft:oak_button	305
minecraft:item	minecraft:oak_door	558
minecraft:item	minecraft:oak_fence	208
minecraft:item	minecraft:oak_fence_gate	252
minecraft:item	minecraft:oak_leaves	69
minecraft:item	minecraft:oak_log	37
minecraft:item	minecraft:oak_planks	15
minecraft:item	minecraft:oak_pressure_plate	191
minecraft:item	minecraft:oak_sapling	23
minecraft:item	minecraft:oak_sign	652
minecraft:item	minecraft:oak_slab	138
minecraft:item	minecraft:oak_stairs	179
minecraft:item	minecraft:oak_trapdoor	226
minecraft:item	minecraft:oak_wood	61
minecraft:item	minecraft:observer	430
minecraft:item	minecraft:obsidian	170
minecraft:item	minecraft:ocelot_spawn_egg	785
minecraft:item	minecraft:orange_banner	871
minecraft:item	minecraft:orange_bed	717
minecraft:item	minecraft:orange_carpet	351
minecraft:item	minecraft:orange_concrete	465
minecraft:item	minecraft:orange_concrete_powder	481
minecraft:item	minecraft:orange_dye	697
minecraft:item	minecraft:orange_glazed_terracotta	449
minecraft:item	minecraft:orange_shulker_box	433
minecraft:item	minecraft:orange_stained_glass	380
minecraft:item	minecraft:orange_stained_glass_pane	396
minecraft:item	minecraft:orange_terracotta	332
minecraft:item	minecraft:orange_tulip	117
minecraft:item	minecraft:orange_wool	96
minecraft:item	minecraft:oxeye_daisy	120
minecraft:item	minecraft:packed_ice	368
minecraft:item	minecraft:painting	649
minecraft:item	minecraft:panda_spawn_egg	786
minecraft:item	minecraft:paper	677
minecraft:item	minecraft:parrot_spawn_egg	787
minecraft:item	minecraft:peony	376
minecraft:item	minecraft:petrified_oak_slab	150
minecraft:item	minecraft:phantom_membrane	923
minecraft:item	minecraft:phantom_spawn_egg	788
minecraft:item	minecraft:pig_spawn_egg	789
minecraft:item	minecraft:piglin_banner_pattern	934
minecraft:item	minecraft:piglin_brute_spawn_egg	791
minecraft:item	minecraft:piglin_spawn_egg	790
minecraft:item	minecraft:pillager_spawn_egg	792
minecraft:item	minecraft:pink_banner	876
minecraft:item	minecraft:pink_bed	722
minecraft:item	minecraft:pink_carpet	356
minecraft:item	minecraft:pink_concrete	470
minecraft:item	minecraft:pink_concrete_powder	486
minecraft:item	minecraft:pink_dye	702
minecraft:item	minecraft:pink_glazed_terracotta	454
minecraft:item	minecraft:pink_shulker_box	438
minecraft:item	minecraft:pink_stained_glass	385
minecraft:item	minecraft:pink_stained_glass_pane	401
minecraft:item	minecraft:pink_terracotta	337
minecraft:item	minecraft:pink_tulip	119
minecraft:item	minecraft:pink_wool	101
minecraft:item	minecraft:piston	94
minecraft:item	minecraft:player_head	838
minecraft:item	minecraft:podzol	11
minecraft:item	minecraft:poisonous_potato	833
minecraft:item	minecraft:polar_bear_spawn_egg	793
minecraft:item	minecraft:polished_andesite	7
minecraft:item	minecraft:polished_andesite_slab	554
minecraft:item	minecraft:polished_andesite_stairs	541
minecraft:item	minecraft:polished_basalt	222
minecraft:item	minecraft:polished_blackstone	967
minecraft:item	minecraft:polished_blackstone_brick_slab	972
minecraft:item	minecraft:polished_blackstone_brick_stairs	973
minecraft:item	minecraft:polished_blackstone_brick_wall	303
minecraft:item	minecraft:polished_blackstone_bricks	971
minecraft:item	minecraft:polished_blackstone_button	313
minecraft:item	minecraft:polished_blackstone_pressure_plate	199
minecraft:item	minecraft:polished_blackstone_slab	968
minecraft:item	minecraft:polished_blackstone_stairs	969
minecraft:item	minecraft:polished_blackstone_wall	302
minecraft:item	minecraft:polished_diorite	5
minecraft:item	minecraft:polished_diorite_slab	546
minecraft:item	minecraft:polished_diorite_stairs	532
minecraft:item	minecraft:polished_granite	3
minecraft:item	minecraft:polished_granite_slab	543
minecraft:item	minecraft:polished_granite_stairs	529
minecraft:item	minecraft:popped_chorus_fruit	888
minecraft:item	minecraft:poppy	112
minecraft:item	minecraft:porkchop	647
minecraft:item	minecraft:potato	831
minecraft:item	minecraft:potion	749
minecraft:item	minecraft:powered_rail	85
minecraft:item	minecraft:prismarine	411
minecraft:item	minecraft:prismarine_brick_slab	160
minecraft:item	minecraft:prismarine_brick_stairs	415
minecraft:item	minecraft:prismarine_bricks	412
minecraft:item	minecraft:prismarine_crystals	854
minecraft:item	minecraft:prismarine_shard	853
minecraft:item	minecraft:prismarine_slab	159
minecraft:item	minecraft:prismarine_stairs	414
minecraft:item	minecraft:prismarine_wall	290
minecraft:item	minecraft:pufferfish	690
minecraft:item	minecraft:pufferfish_bucket	670
minecraft:item	minecraft:pufferfish_spawn_egg	794
minecraft:item	minecraft:pumpkin	216
minecraft:item	minecraft:pumpkin_pie	845
minecraft:item	minecraft:pumpkin_seeds	737
minecraft:item	minecraft:purple_banner	880
minecraft:item	minecraft:purple_bed	726
minecraft:item	minecraft:purple_carpet	360
minecraft:item	minecraft:purple_concrete	474
minecraft:item	minecraft:purple_concrete_powder	490
minecraft:item	minecraft:purple_dye	706
minecraft:item	minecraft:purple_glazed_terracotta	458
minecraft:item	minecraft:purple_shulker_box	442
minecraft:item	minecraft:purple_stained_glass	389
minecraft:item	minecraft:purple_stained_glass_pane	405
minecraft:item	minecraft:purple_terracotta	341
minecraft:item	minecraft:purple_wool	105
minecraft:item	minecraft:purpur_block	175
minecraft:item	minecraft:purpur_pillar	176
minecraft:item	minecraft:purpur_slab	158
minecraft:item	minecraft:purpur_stairs	177
minecraft:item	minecraft:quartz	850
minecraft:item	minecraft:quartz_block	325
minecraft:item	minecraft:quartz_bricks	326
minecraft:item	minecraft:quartz_pillar	327
minecraft:item	minecraft:quartz_slab	155
minecraft:item	minecraft:quartz_stairs	328
minecraft:item	minecraft:rabbit	855
minecraft:item	minecraft:rabbit_foot	858
minecraft:item	minecraft:rabbit_hide	859
minecraft:item	minecraft:rabbit_spawn_egg	795
minecraft:item	minecraft:rabbit_stew	857
minecraft:item	minecraft:rail	187
minecraft:item	minecraft:ravager_spawn_egg	796
minecraft:item	minecraft:red_banner	884
minecraft:item	minecraft:red_bed	730
minecraft:item	minecraft:red_carpet	364
minecraft:item	minecraft:red_concrete	478
minecraft:item	minecraft:red_concrete_powder	494
minecraft:item	minecraft:red_dye	710
minecraft:item	minecraft:red_glazed_terracotta	462
minecraft:item	minecraft:red_mushroom	125
minecraft:item	minecraft:red_mushroom_block	245
minecraft:item	minecraft:red_nether_brick_slab	553
minecraft:item	minecraft:red_nether_brick_stairs	540
minecraft:item	minecraft:red_nether_brick_wall	297
minecraft:item	minecraft:red_nether_bricks	427
minecraft:item	minecraft:red_sand	31
minecraft:item	minecraft:red_sandstone	418
minecraft:item	minecraft:red_sandstone_slab	156
minecraft:item	minecraft:red_sandstone_stairs	421
minecraft:item	minecraft:red_sandstone_wall	291
minecraft:item	minecraft:red_shulker_box	446
minecraft:item	minecraft:red_stained_glass	393
minecraft:item	minecraft:red_stained_glass_pane	409
minecraft:item	minecraft:red_terracotta	345
minecraft:item	minecraft:red_tulip	116
minecraft:item	minecraft:red_wool	109
minecraft:item	minecraft:redstone	665
minecraft:item	minecraft:redstone_block	321
minecraft:item	minecraft:redstone_lamp	274
minecraft:item	minecraft:redstone_ore	200
minecraft:item	minecraft:redstone_torch	201
minecraft:item	minecraft:repeater	566
minecraft:item	minecraft:repeating_command_block	422
minecraft:item	minecraft:respawn_anchor	975
minecraft:item	minecraft:rose_bush	375
minecraft:item	minecraft:rotten_flesh	743
minecraft:item	minecraft:saddle	664
minecraft:item	minecraft:salmon	688
minecraft:item	minecraft:salmon_bucket	671
minecraft:item	minecraft:salmon_spawn_egg	797
minecraft:item	minecraft:sand	30
minecraft:item	minecraft:sandstone	81
minecraft:item	minecraft:sandstone_slab	148
minecraft:item	minecraft:sandstone_stairs	275
minecraft:item	minecraft:sandstone_wall	298
minecraft:item	minecraft:scaffolding	556
minecraft:item	minecraft:scute	571
minecraft:item	minecraft:sea_lantern	417
minecraft:item	minecraft:sea_pickle	93
minecraft:item	minecraft:seagrass	92
minecraft:item	minecraft:shears	734
minecraft:item	minecraft:sheep_spawn_egg	798
minecraft:item	minecraft:shield	897
minecraft:item	minecraft:shroomlight	951
minecraft:item	minecraft:shulker_box	431
minecraft:item	minecraft:shulker_shell	905
minecraft:item	minecraft:shulker_spawn_egg	799
minecraft:item	minecraft:silverfish_spawn_egg	800
minecraft:item	minecraft:skeleton_horse_spawn_egg	802
minecraft:item	minecraft:skeleton_skull	836
minecraft:item	minecraft:skeleton_spawn_egg	801
minecraft:item	minecraft:skull_banner_pattern	931
minecraft:item	minecraft:slime_ball	679
minecraft:item	minecraft:slime_block	371
minecraft:item	minecraft:slime_spawn_egg	803
minecraft:item	minecraft:smithing_table	943
minecraft:item	minecraft:smoker	937
minecraft:item	minecraft:smooth_quartz	162
minecraft:item	minecraft:smooth_quartz_slab	550
minecraft:item	minecraft:smooth_quartz_stairs	537
minecraft:item	minecraft:smooth_red_sandstone	163
minecraft:item	minecraft:smooth_red_sandstone_slab	544
minecraft:item	minecraft:smooth_red_sandstone_stairs	530
minecraft:item	minecraft:smooth_sandstone	164
minecraft:item	minecraft:smooth_sandstone_slab	549
minecraft:item	minecraft:smooth_sandstone_stairs	536
minecraft:item	minecraft:smooth_stone	165
minecraft:item	minecraft:smooth_stone_slab	147
minecraft:item	minecraft:snow	202
minecraft:item	minecraft:snow_block	204
minecraft:item	minecraft:snowball	666
minecraft:item	minecraft:soul_campfire	950
minecraft:item	minecraft:soul_lantern	947
minecraft:item	minecraft:soul_sand	219
minecraft:item	minecraft:soul_soil	220
minecraft:item	minecraft:soul_torch	223
minecraft:item	minecraft:spawner	178
minecraft:item	minecraft:spectral_arrow	894
minecraft:item	minecraft:spider_eye	751
minecraft:item	minecraft:spider_spawn_egg	804
minecraft:item	minecraft:splash_potion	893
minecraft:item	minecraft:sponge	75
minecraft:item	minecraft:spruce_boat	899
minecraft:item	minecraft:spruce_button	306
minecraft:item	minecraft:spruce_door	559
minecraft:item	minecraft:spruce_fence	209
minecraft:item	minecraft:spruce_fence_gate	253
minecraft:item	minecraft:spruce_leaves	70
minecraft:item	minecraft:spruce_log	38
minecraft:item	minecraft:spruce_planks	16
minecraft:item	minecraft:spruce_pressure_plate	192
minecraft:item	minecraft:spruce_sapling	24
minecraft:item	minecraft:spruce_sign	653
minecraft:item	minecraft:spruce_slab	139
minecraft:item	minecraft:spruce_stairs	280
minecraft:item	minecraft:spruce_trapdoor	227
minecraft:item	minecraft:spruce_wood	62
minecraft:item	minecraft:squid_spawn_egg	805
minecraft:item	minecraft:stick	613
minecraft:item	minecraft:sticky_piston	87
minecraft:item	minecraft:stone	1
minecraft:item	minecraft:stone_axe	591
minecraft:item	minecraft:stone_brick_slab	153
minecraft:item	minecraft:stone_brick_stairs	261
minecraft:item	minecraft:stone_brick_wall	294
minecraft:item	minecraft:stone_bricks	240
minecraft:item	minecraft:stone_button	304
minecraft:item	minecraft:stone_hoe	592
minecraft:item	minecraft:stone_pickaxe	590
minecraft:item	minecraft:stone_pressure_plate	190
minecraft:item	minecraft:stone_shovel	589
minecraft:item	minecraft:stone_slab	146
minecraft:item	minecraft:stone_stairs	535
minecraft:item	minecraft:stone_sword	588
minecraft:item	minecraft:stonecutter	944
minecraft:item	minecraft:stray_spawn_egg	806
minecraft:item	minecraft:strider_spawn_egg	807
minecraft:item	minecraft:string	616
minecraft:item	minecraft:stripped_acacia_log	49
minecraft:item	minecraft:stripped_acacia_wood	57
minecraft:item	minecraft:stripped_birch_log	47
minecraft:item	minecraft:stripped_birch_wood	55
minecraft:item	minecraft:stripped_crimson_hyphae	59
minecraft:item	minecraft:stripped_crimson_stem	51
minecraft:item	minecraft:stripped_dark_oak_log	50
minecraft:item	minecraft:stripped_dark_oak_wood	58
minecraft:item	minecraft:stripped_jungle_log	48
minecraft:item	minecraft:stripped_jungle_wood	56
minecraft:item	minecraft:stripped_oak_log	45
minecraft:item	minecraft:stripped_oak_wood	53
minecraft:item	minecraft:stripped_spruce_log	46
minecraft:item	minecraft:stripped_spruce_wood	54
minecraft:item	minecraft:stripped_warped_hyphae	60
minecraft:item	minecraft:stripped_warped_stem	52
minecraft:item	minecraft:structure_block	568
minecraft:item	minecraft:structure_void	429
minecraft:item	minecraft:sugar	714
minecraft:item	minecraft:sugar_cane	133
minecraft:item	minecraft:sunflower	373
minecraft:item	minecraft:suspicious_stew	927
minecraft:item	minecraft:sweet_berries	948
minecraft:item	minecraft:tall_grass	377
minecraft:item	minecraft:target	961
minecraft:item	minecraft:terracotta	366
minecraft:item	minecraft:tipped_arrow	895
minecraft:item	minecraft:tnt	167
minecraft:item	minecraft:tnt_minecart	851
minecraft:item	minecraft:torch	171
minecraft:item	minecraft:totem_of_undying	904
minecraft:item	minecraft:trader_llama_spawn_egg	808
minecraft:item	minecraft:trapped_chest	317
minecraft:item	minecraft:trident	922
minecraft:item	minecraft:tripwire_hook	278
minecraft:item	minecraft:tropical_fish	689
minecraft:item	minecraft:tropical_fish_bucket	673
minecraft:item	minecraft:tropical_fish_spawn_egg	809
minecraft:item	minecraft:tube_coral	507
minecraft:item	minecraft:tube_coral_block	502
minecraft:item	minecraft:tube_coral_fan	517
minecraft:item	minecraft:turtle_egg	496
minecraft:item	minecraft:turtle_helmet	570
minecraft:item	minecraft:turtle_spawn_egg	810
minecraft:item	minecraft:twisting_vines	132
minecraft:item	minecraft:vex_spawn_egg	811
minecraft:item	minecraft:villager_spawn_egg	812
minecraft:item	minecraft:vindicator_spawn_egg	813
minecraft:item	minecraft:vine	251
minecraft:item	minecraft:wandering_trader_spawn_egg	814
minecraft:item	minecraft:warped_button	312
minecraft:item	minecraft:warped_door	565
minecraft:item	minecraft:warped_fence	215
minecraft:item	minecraft:warped_fence_gate	259
minecraft:item	minecraft:warped_fungus	127
minecraft:item	minecraft:warped_fungus_on_a_stick	843
minecraft:item	minecraft:warped_hyphae	68
minecraft:item	minecraft:warped_nylium	13
minecraft:item	minecraft:warped_planks	22
minecraft:item	minecraft:warped_pressure_plate	198
minecraft:item	minecraft:warped_roots	129
minecraft:item	minecraft:warped_sign	659
minecraft:item	minecraft:warped_slab	145
minecraft:item	minecraft:warped_stairs	284
minecraft:item	minecraft:warped_stem	44
minecraft:item	minecraft:warped_trapdoor	233
minecraft:item	minecraft:warped_wart_block	426
minecraft:item	minecraft:water_bucket	661
minecraft:item	minecraft:weeping_vines	131
minecraft:item	minecraft:wet_sponge	76
minecraft:item	minecraft:wheat	620
minecraft:item	minecraft:wheat_seeds	619
minecraft:item	minecraft:white_banner	870
minecraft:item	minecraft:white_bed	716
minecraft:item	minecraft:white_carpet	350
minecraft:item	minecraft:white_concrete	464
minecraft:item	minecraft:white_concrete_powder	480
minecraft:item	minecraft:white_dye	696
minecraft:item	minecraft:white_glazed_terracotta	448
minecraft:item	minecraft:white_shulker_box	432
minecraft:item	minecraft:white_stained_glass	379
minecraft:item	minecraft:white_stained_glass_pane	395
minecraft:item	minecraft:white_terracotta	331
minecraft:item	minecraft:white_tulip	118
minecraft:item	minecraft:white_wool	95
minecraft:item	minecraft:witch_spawn_egg	815
minecraft:item	minecraft:wither_rose	123
minecraft:item	minecraft:wither_skeleton_skull	837
minecraft:item	minecraft:wither_skeleton_spawn_egg	816
minecraft:item	minecraft:wolf_spawn_egg	817
minecraft:item	minecraft:wooden_axe	586
minecraft:item	minecraft:wooden_hoe	587
minecraft:item	minecraft:wooden_pickaxe	585
minecraft:item	minecraft:wooden_shovel	584
minecraft:item	minecraft:wooden_sword	583
minecraft:item	minecraft:writable_book	825
minecraft:item	minecraft:written_book	826
minecraft:item	minecraft:yellow_banner	874
minecraft:item	minecraft:yellow_bed	720
minecraft:item	minecraft:yellow_carpet	354
minecraft:item	minecraft:yellow_concrete	468
minecraft:item	minecraft:yellow_concrete_powder	484
minecraft:item	minecraft:yellow_dye	700
minecraft:item	minecraft:yellow_glazed_terracotta	452
minecraft:item	minecraft:yellow_shulker_box	436
minecraft:item	minecraft:yellow_stained_glass	383
minecraft:item	minecraft:yellow_stained_glass_pane	399
minecraft:item	minecraft:yellow_terracotta	335
minecraft:item	minecraft:yellow_wool	99
minecraft:item	minecraft:zoglin_spawn_egg	818
minecraft:item	minecraft:zombie_head	839
minecraft:item	minecraft:zombie_horse_spawn_egg	820
minecraft:item	minecraft:zombie_spawn_egg	819
minecraft:item	minecraft:zombie_villager_spawn_egg	821
minecraft:item	minecraft:zombified_piglin_spawn_egg	822
minecraft:loot_condition_type	minecraft:alternative	1
minecraft:loot_condition_type	minecraft:block_state_property	7
minecraft:loot_condition_type	minecraft:damage_source_properties	11
minecraft:loot_condition_type	minecraft:entity_properties	4
minecraft:loot_condition_type	minecraft:entity_scores	6
minecraft:loot_condition_type	minecraft:inverted	0
minecraft:loot_condition_type	minecraft:killed_by_player	5
minecraft:loot_condition_type	minecraft:location_check	12
minecraft:loot_condition_type	minecraft:match_tool	8
minecraft:loot_condition_type	minecraft:random_chance	2
minecraft:loot_condition_type	minecraft:random_chance_with_looting	3
minecraft:loot_condition_type	minecraft:reference	14
minecraft:loot_condition_type	minecraft:survives_explosion	10
minecraft:loot_condition_type	minecraft:table_bonus	9
minecraft:loot_condition_type	minecraft:time_check	15
minecraft:loot_condition_type	minecraft:weather_check	13
minecraft:loot_function_type	minecraft:apply_bonus	14
minecraft:loot_function_type	minecraft:copy_name	11
minecraft:loot_function_type	minecraft:copy_nbt	19
minecraft:loot_function_type	minecraft:copy_state	20
minecraft:loot_function_type	minecraft:enchant_randomly	2
minecraft:loot_function_type	minecraft:enchant_with_levels	1
minecraft:loot_function_type	minecraft:exploration_map	9
minecraft:loot_function_type	minecraft:explosion_decay	16
minecraft:loot_function_type	minecraft:fill_player_head	18
minecraft:loot_function_type	minecraft:furnace_smelt	4
minecraft:loot_function_type	minecraft:limit_count	13
minecraft:loot_function_type	minecraft:looting_enchant	5
minecraft:loot_function_type	minecraft:set_attributes	7
minecraft:loot_function_type	minecraft:set_contents	12
minecraft:loot_function_type	minecraft:set_count	0
minecraft:loot_function_type	minecraft:set_damage	6
minecraft:loot_function_type	minecraft:set_loot_table	15
minecraft:loot_function_type	minecraft:set_lore	17
minecraft:loot_function_type	minecraft:set_name	8
minecraft:loot_function_type	minecraft:set_nbt	3
minecraft:loot_function_type	minecraft:set_stew_effect	10
minecraft:loot_pool_entry_type	minecraft:alternatives	5
minecraft:loot_pool_entry_type	minecraft:dynamic	3
minecraft:loot_pool_entry_type	minecraft:empty	0
minecraft:loot_pool_entry_type	minecraft:group	7
minecraft:loot_pool_entry_type	minecraft:item	1
minecraft:loot_pool_entry_type	minecraft:loot_table	2
minecraft:loot_pool_entry_type	minecraft:sequence	6
minecraft:loot_pool_entry_type	minecraft:tag	4
minecraft:memory_module_type	minecraft:admiring_disabled	42
minecraft:memory_module_type	minecraft:admiring_item	39
minecraft:memory_module_type	minecraft:angry_at	37
minecraft:memory_module_type	minecraft:ate_recently	57
minecraft:memory_module_type	minecraft:attack_cooling_down	15
minecraft:memory_module_type	minecraft:attack_target	14
minecraft:memory_module_type	minecraft:avoid_target	25
minecraft:memory_module_type	minecraft:breed_target	17
minecraft:memory_module_type	minecraft:cant_reach_walk_target_since	29
minecraft:memory_module_type	minecraft:celebrate_location	44
minecraft:memory_module_type	minecraft:dancing	45
minecraft:memory_module_type	minecraft:disable_walk_to_admire_item	41
minecraft:memory_module_type	minecraft:doors_to_close	21
minecraft:memory_module_type	minecraft:dummy	0
minecraft:memory_module_type	minecraft:golem_detected_recently	30
minecraft:memory_module_type	minecraft:heard_bell_time	28
minecraft:memory_module_type	minecraft:hiding_place	27
minecraft:memory_module_type	minecraft:home	1
minecraft:memory_module_type	minecraft:hunted_recently	43
minecraft:memory_module_type	minecraft:hurt_by	23
minecraft:memory_module_type	minecraft:hurt_by_entity	24
minecraft:memory_module_type	minecraft:interactable_doors	20
minecraft:memory_module_type	minecraft:interaction_target	16
minecraft:memory_module_type	minecraft:job_site	2
minecraft:memory_module_type	minecraft:last_slept	31
minecraft:memory_module_type	minecraft:last_woken	32
minecraft:memory_module_type	minecraft:last_worked_at_poi	33
minecraft:memory_module_type	minecraft:look_target	13
minecraft:memory_module_type	minecraft:meeting_point	4
minecraft:memory_module_type	minecraft:mobs	6
minecraft:memory_module_type	minecraft:nearby_adult_piglins	49
minecraft:memory_module_type	minecraft:nearest_bed	22
minecraft:memory_module_type	minecraft:nearest_hostile	26
minecraft:memory_module_type	minecraft:nearest_player_holding_wanted_item	56
minecraft:memory_module_type	minecraft:nearest_players	9
minecraft:memory_module_type	minecraft:nearest_repellent	58
minecraft:memory_module_type	minecraft:nearest_targetable_player_not_wearing_gold	48
minecraft:memory_module_type	minecraft:nearest_visible_adult	34
minecraft:memory_module_type	minecraft:nearest_visible_adult_hoglins	51
minecraft:memory_module_type	minecraft:nearest_visible_adult_piglin	52
minecraft:memory_module_type	minecraft:nearest_visible_adult_piglins	50
minecraft:memory_module_type	minecraft:nearest_visible_baby_hoglin	47
minecraft:memory_module_type	minecraft:nearest_visible_huntable_hoglin	46
minecraft:memory_module_type	minecraft:nearest_visible_nemesis	36
minecraft:memory_module_type	minecraft:nearest_visible_player	10
minecraft:memory_module_type	minecraft:nearest_visible_targetable_player	11
minecraft:memory_module_type	minecraft:nearest_visible_wanted_item	35
minecraft:memory_module_type	minecraft:nearest_visible_zombified	53
minecraft:memory_module_type	minecraft:pacified	59
minecraft:memory_module_type	minecraft:path	19
minecraft:memory_module_type	minecraft:potential_job_site	3
minecraft:memory_module_type	minecraft:ride_target	18
minecraft:memory_module_type	minecraft:secondary_job_site	5
minecraft:memory_module_type	minecraft:time_trying_to_reach_admire_item	40
minecraft:memory_module_type	minecraft:universal_anger	38
minecraft:memory_module_type	minecraft:visible_adult_hoglin_count	55
minecraft:memory_module_type	minecraft:visible_adult_piglin_count	54
minecraft:memory_module_type	minecraft:visible_mobs	7
minecraft:memory_module_type	minecraft:visible_villager_babies	8
minecraft:memory_module_type	minecraft:walk_target	12
minecraft:menu	minecraft:anvil	7
minecraft:menu	minecraft:beacon	8
minecraft:menu	minecraft:blast_furnace	9
minecraft:menu	minecraft:brewing_stand	10
minecraft:menu	minecraft:cartography_table	22
minecraft:menu	minecraft:crafting	11
minecraft:menu	minecraft:enchantment	12
minecraft:menu	minecraft:furnace	13
minecraft:menu	minecraft:generic_3x3	6
minecraft:menu	minecraft:generic_9x1	0
minecraft:menu	minecraft:generic_9x2	1
minecraft:menu	minecraft:generic_9x3	2
minecraft:menu	minecraft:generic_9x4	3
minecraft:menu	minecraft:generic_9x5	4
minecraft:menu	minecraft:generic_9x6	5
minecraft:menu	minecraft:grindstone	14
minecraft:menu	minecraft:hopper	15
minecraft:menu	minecraft:lectern	16
minecraft:menu	minecraft:loom	17
minecraft:menu	minecraft:merchant	18
minecraft:menu	minecraft:shulker_box	19
minecraft:menu	minecraft:smithing	20
minecraft:menu	minecraft:smoker	21
minecraft:menu	minecraft:stonecutter	23
minecraft:mob_effect	minecraft:absorption	22
minecraft:mob_effect	minecraft:bad_omen	31
minecraft:mob_effect	minecraft:blindness	15
minecraft:mob_effect	minecraft:conduit_power	29
minecraft:mob_effect	minecraft:dolphins_grace	30
minecraft:mob_effect	minecraft:fire_resistance	12
minecraft:mob_effect	minecraft:glowing	24
minecraft:mob_effect	minecraft:haste	3
minecraft:mob_effect	minecraft:health_boost	21
minecraft:mob_effect	minecraft:hero_of_the_village	32
minecraft:mob_effect	minecraft:hunger	17
minecraft:mob_effect	minecraft:instant_damage	7
minecraft:mob_effect	minecraft:instant_health	6
minecraft:mob_effect	minecraft:invisibility	14
minecraft:mob_effect	minecraft:jump_boost	8
minecraft:mob_effect	minecraft:levitation	25
minecraft:mob_effect	minecraft:luck	26
minecraft:mob_effect	minecraft:mining_fatigue	4
minecraft:mob_effect	minecraft:nausea	9
minecraft:mob_effect	minecraft:night_vision	16
minecraft:mob_effect	minecraft:poison	19
minecraft:mob_effect	minecraft:regeneration	10
minecraft:mob_effect	minecraft:resistance	11
minecraft:mob_effect	minecraft:saturation	23
minecraft:mob_effect	minecraft:slow_falling	28
minecraft:mob_effect	minecraft:slowness	2
minecraft:mob_effect	minecraft:speed	1
minecraft:mob_effect	minecraft:strength	5
minecraft:mob_effect	minecraft:unluck	27
minecraft:mob_effect	minecraft:water_breathing	13
minecraft:mob_effect	minecraft:weakness	18
minecraft:mob_effect	minecraft:wither	20
minecraft:motive	minecraft:alban	2
minecraft:motive	minecraft:aztec	1
minecraft:motive	minecraft:aztec2	3
minecraft:motive	minecraft:bomb	4
minecraft:motive	minecraft:burning_skull	23
minecraft:motive	minecraft:bust	15
minecraft:motive	minecraft:courbet	8
minecraft:motive	minecraft:creebet	11
minecraft:motive	minecraft:donkey_kong	25
minecraft:motive	minecraft:fighters	20
minecraft:motive	minecraft:graham	13
minecraft:motive	minecraft:kebab	0
minecraft:motive	minecraft:match	14
minecraft:motive	minecraft:pigscene	22
minecraft:motive	minecraft:plant	5
minecraft:motive	minecraft:pointer	21
minecraft:motive	minecraft:pool	7
minecraft:motive	minecraft:sea	9
minecraft:motive	minecraft:skeleton	24
minecraft:motive	minecraft:skull_and_roses	18
minecraft:motive	minecraft:stage	16
minecraft:motive	minecraft:sunset	10
minecraft:motive	minecraft:void	17
minecraft:motive	minecraft:wanderer	12
minecraft:motive	minecraft:wasteland	6
minecraft:motive	minecraft:wither	19
minecraft:particle_type	minecraft:ambient_entity_effect	0
minecraft:particle_type	minecraft:angry_villager	1
minecraft:particle_type	minecraft:ash	64
minecraft:particle_type	minecraft:barrier	2
minecraft:particle_type	minecraft:block	3
minecraft:particle_type	minecraft:bubble	4
minecraft:particle_type	minecraft:bubble_column_up	55
minecraft:particle_type	minecraft:bubble_pop	53
minecraft:particle_type	minecraft:campfire_cosy_smoke	58
minecraft:particle_type	minecraft:campfire_signal_smoke	59
minecraft:particle_type	minecraft:cloud	5
minecraft:particle_type	minecraft:composter	31
minecraft:particle_type	minecraft:crimson_spore	65
minecraft:particle_type	minecraft:crit	6
minecraft:particle_type	minecraft:current_down	54
minecraft:particle_type	minecraft:damage_indicator	7
minecraft:particle_type	minecraft:dolphin	57
minecraft:particle_type	minecraft:dragon_breath	8
minecraft:particle_type	minecraft:dripping_honey	60
minecraft:particle_type	minecraft:dripping_lava	9
minecraft:particle_type	minecraft:dripping_obsidian_tear	67
minecraft:particle_type	minecraft:dripping_water	12
minecraft:particle_type	minecraft:dust	14
minecraft:particle_type	minecraft:effect	15
minecraft:particle_type	minecraft:elder_guardian	16
minecraft:particle_type	minecraft:enchant	18
minecraft:particle_type	minecraft:enchanted_hit	17
minecraft:particle_type	minecraft:end_rod	19
minecraft:particle_type	minecraft:entity_effect	20
minecraft:particle_type	minecraft:explosion	22
minecraft:particle_type	minecraft:explosion_emitter	21
minecraft:particle_type	minecraft:falling_dust	23
minecraft:particle_type	minecraft:falling_honey	61
minecraft:particle_type	minecraft:falling_lava	10
minecraft:particle_type	minecraft:falling_nectar	63
minecraft:particle_type	minecraft:falling_obsidian_tear	68
minecraft:particle_type	minecraft:falling_water	13
minecraft:particle_type	minecraft:firework	24
minecraft:particle_type	minecraft:fishing	25
minecraft:particle_type	minecraft:flame	26
minecraft:particle_type	minecraft:flash	29
minecraft:particle_type	minecraft:happy_villager	30
minecraft:particle_type	minecraft:heart	32
minecraft:particle_type	minecraft:instant_effect	33
minecraft:particle_type	minecraft:item	34
minecraft:particle_type	minecraft:item_slime	35
minecraft:particle_type	minecraft:item_snowball	36
minecraft:particle_type	minecraft:landing_honey	62
minecraft:particle_type	minecraft:landing_lava	11
minecraft:particle_type	minecraft:landing_obsidian_tear	69
minecraft:particle_type	minecraft:large_smoke	37
minecraft:particle_type	minecraft:lava	38
minecraft:particle_type	minecraft:mycelium	39
minecraft:particle_type	minecraft:nautilus	56
minecraft:particle_type	minecraft:note	40
minecraft:particle_type	minecraft:poof	41
minecraft:particle_type	minecraft:portal	42
minecraft:particle_type	minecraft:rain	43
minecraft:particle_type	minecraft:reverse_portal	70
minecraft:particle_type	minecraft:smoke	44
minecraft:particle_type	minecraft:sneeze	45
minecraft:particle_type	minecraft:soul	28
minecraft:particle_type	minecraft:soul_fire_flame	27
minecraft:particle_type	minecraft:spit	46
minecraft:particle_type	minecraft:splash	51
minecraft:particle_type	minecraft:squid_ink	47
minecraft:particle_type	minecraft:sweep_attack	48
minecraft:particle_type	minecraft:totem_of_undying	49
minecraft:particle_type	minecraft:underwater	50
minecraft:particle_type	minecraft:warped_spore	66
minecraft:particle_type	minecraft:white_ash	71
minecraft:particle_type	minecraft:witch	52
minecraft:point_of_interest_type	minecraft:armorer	1
minecraft:point_of_interest_type	minecraft:bee_nest	18
minecraft:point_of_interest_type	minecraft:beehive	17
minecraft:point_of_interest_type	minecraft:butcher	2
minecraft:point_of_interest_type	minecraft:cartographer	3
minecraft:point_of_interest_type	minecraft:cleric	4
minecraft:point_of_interest_type	minecraft:farmer	5
minecraft:point_of_interest_type	minecraft:fisherman	6
minecraft:point_of_interest_type	minecraft:fletcher	7
minecraft:point_of_interest_type	minecraft:home	15
minecraft:point_of_interest_type	minecraft:leatherworker	8
minecraft:point_of_interest_type	minecraft:librarian	9
minecraft:point_of_interest_type	minecraft:lodestone	20
minecraft:point_of_interest_type	minecraft:mason	10
minecraft:point_of_interest_type	minecraft:meeting	16
minecraft:point_of_interest_type	minecraft:nether_portal	19
minecraft:point_of_interest_type	minecraft:nitwit	11
minecraft:point_of_interest_type	minecraft:shepherd	12
minecraft:point_of_interest_type	minecraft:toolsmith	13
minecraft:point_of_interest_type	minecraft:unemployed	0
minecraft:point_of_interest_type	minecraft:weaponsmith	14
minecraft:pos_rule_test	minecraft:always_true	0
minecraft:pos_rule_test	minecraft:axis_aligned_linear_pos	2
minecraft:pos_rule_test	minecraft:linear_pos	1
minecraft:potion	minecraft:awkward	4
minecraft:potion	minecraft:empty	0
minecraft:potion	minecraft:fire_resistance	12
minecraft:potion	minecraft:harming	27
minecraft:potion	minecraft:healing	25
minecraft:potion	minecraft:invisibility	7
minecraft:potion	minecraft:leaping	9
minecraft:potion	minecraft:long_fire_resistance	13
minecraft:potion	minecraft:long_invisibility	8
minecraft:potion	minecraft:long_leaping	10
minecraft:potion	minecraft:long_night_vision	6
minecraft:potion	minecraft:long_poison	30
minecraft:potion	minecraft:long_regeneration	33
minecraft:potion	minecraft:long_slow_falling	42
minecraft:potion	minecraft:long_slowness	18
minecraft:potion	minecraft:long_strength	36
minecraft:potion	minecraft:long_swiftness	15
minecraft:potion	minecraft:long_turtle_master	21
minecraft:potion	minecraft:long_water_breathing	24
minecraft:potion	minecraft:long_weakness	39
minecraft:potion	minecraft:luck	40
minecraft:potion	minecraft:mundane	2
minecraft:potion	minecraft:night_vision	5
minecraft:potion	minecraft:poison	29
minecraft:potion	minecraft:regeneration	32
minecraft:potion	minecraft:slow_falling	41
minecraft:potion	minecraft:slowness	17
minecraft:potion	minecraft:strength	35
minecraft:potion	minecraft:strong_harming	28
minecraft:potion	minecraft:strong_healing	26
minecraft:potion	minecraft:strong_leaping	11
minecraft:potion	minecraft:strong_poison	31
minecraft:potion	minecraft:strong_regeneration	34
minecraft:potion	minecraft:strong_slowness	19
minecraft:potion	minecraft:strong_strength	37
minecraft:potion	minecraft:strong_swiftness	16
minecraft:potion	minecraft:strong_turtle_master	22
minecraft:potion	minecraft:swiftness	14
minecraft:potion	minecraft:thick	3
minecraft:potion	minecraft:turtle_master	20
minecraft:potion	minecraft:water	1
minecraft:potion	minecraft:water_breathing	23
minecraft:potion	minecraft:weakness	38
minecraft:recipe_serializer	minecraft:blasting	16
minecraft:recipe_serializer	minecraft:campfire_cooking	18
minecraft:recipe_serializer	minecraft:crafting_shaped	0
minecraft:recipe_serializer	minecraft:crafting_shapeless	1
minecraft:recipe_serializer	minecraft:crafting_special_armordye	2
minecraft:recipe_serializer	minecraft:crafting_special_bannerduplicate	10
minecraft:recipe_serializer	minecraft:crafting_special_bookcloning	3
minecraft:recipe_serializer	minecraft:crafting_special_firework_rocket	6
minecraft:recipe_serializer	minecraft:crafting_special_firework_star	7
minecraft:recipe_serializer	minecraft:crafting_special_firework_star_fade	8
minecraft:recipe_serializer	minecraft:crafting_special_mapcloning	4
minecraft:recipe_serializer	minecraft:crafting_special_mapextending	5
minecraft:recipe_serializer	minecraft:crafting_special_repairitem	14
minecraft:recipe_serializer	minecraft:crafting_special_shielddecoration	11
minecraft:recipe_serializer	minecraft:crafting_special_shulkerboxcoloring	12
minecraft:recipe_serializer	minecraft:crafting_special_suspiciousstew	13
minecraft:recipe_serializer	minecraft:crafting_special_tippedarrow	9
minecraft:recipe_serializer	minecraft:smelting	15
minecraft:recipe_serializer	minecraft:smithing	20
minecraft:recipe_serializer	minecraft:smoking	17
minecraft:recipe_serializer	minecraft:stonecutting	19
minecraft:recipe_type	minecraft:blasting	2
minecraft:recipe_type	minecraft:campfire_cooking	4
minecraft:recipe_type	minecraft:crafting	0
minecraft:recipe_type	minecraft:smelting	1
minecraft:recipe_type	minecraft:smithing	6
minecraft:recipe_type	minecraft:smoking	3
minecraft:recipe_type	minecraft:stonecutting	5
minecraft:rule_test	minecraft:always_true	0
minecraft:rule_test	minecraft:block_match	1
minecraft:rule_test	minecraft:blockstate_match	2
minecraft:rule_test	minecraft:random_block_match	4
minecraft:rule_test	minecraft:random_blockstate_match	5
minecraft:rule_test	minecraft:tag_match	3
minecraft:schedule	minecraft:empty	0
minecraft:schedule	minecraft:simple	1
minecraft:schedule	minecraft:villager_baby	2
minecraft:schedule	minecraft:villager_default	3
minecraft:sensor_type	minecraft:dummy	0
minecraft:sensor_type	minecraft:golem_detected	9
minecraft:sensor_type	minecraft:hoglin_specific_sensor	12
minecraft:sensor_type	minecraft:hurt_by	5
minecraft:sensor_type	minecraft:nearest_adult	13
minecraft:sensor_type	minecraft:nearest_bed	4
minecraft:sensor_type	minecraft:nearest_items	1
minecraft:sensor_type	minecraft:nearest_living_entities	2
minecraft:sensor_type	minecraft:nearest_players	3
minecraft:sensor_type	minecraft:piglin_brute_specific_sensor	11
minecraft:sensor_type	minecraft:piglin_specific_sensor	10
minecraft:sensor_type	minecraft:secondary_pois	8
minecraft:sensor_type	minecraft:villager_babies	7
minecraft:sensor_type	minecraft:villager_hostiles	6
minecraft:sound_event	minecraft:ambient.basalt_deltas.additions	1
minecraft:sound_event	minecraft:ambient.basalt_deltas.loop	2
minecraft:sound_event	minecraft:ambient.basalt_deltas.mood	3
minecraft:sound_event	minecraft:ambient.cave	0
minecraft:sound_event	minecraft:ambient.crimson_forest.additions	4
minecraft:sound_event	minecraft:ambient.crimson_forest.loop	5
minecraft:sound_event	minecraft:ambient.crimson_forest.mood	6
minecraft:sound_event	minecraft:ambient.nether_wastes.additions	7
minecraft:sound_event	minecraft:ambient.nether_wastes.loop	8
minecraft:sound_event	minecraft:ambient.nether_wastes.mood	9
minecraft:sound_event	minecraft:ambient.soul_sand_valley.additions	10
minecraft:sound_event	minecraft:ambient.soul_sand_valley.loop	11
minecraft:sound_event	minecraft:ambient.soul_sand_valley.mood	12
minecraft:sound_event	minecraft:ambient.underwater.enter	16
minecraft:sound_event	minecraft:ambient.underwater.exit	17
minecraft:sound_event	minecraft:ambient.underwater.loop	18
minecraft:sound_event	minecraft:ambient.underwater.loop.additions	19
minecraft:sound_event	minecraft:ambient.underwater.loop.additions.rare	20
minecraft:sound_event	minecraft:ambient.underwater.loop.additions.ultra_rare	21
minecraft:sound_event	minecraft:ambient.warped_forest.additions	13
minecraft:sound_event	minecraft:ambient.warped_forest.loop	14
minecraft:sound_event	minecraft:ambient.warped_forest.mood	15
minecraft:sound_event	minecraft:block.ancient_debris.break	22
minecraft:sound_event	minecraft:block.ancient_debris.fall	26
minecraft:sound_event	minecraft:block.ancient_debris.hit	25
minecraft:sound_event	minecraft:block.ancient_debris.place	24
minecraft:sound_event	minecraft:block.ancient_debris.step	23
minecraft:sound_event	minecraft:block.anvil.break	27
minecraft:sound_event	minecraft:block.anvil.destroy	28
minecraft:sound_event	minecraft:block.anvil.fall	29
minecraft:sound_event	minecraft:block.anvil.hit	30
minecraft:sound_event	minecraft:block.anvil.land	31
minecraft:sound_event	minecraft:block.anvil.place	32
minecraft:sound_event	minecraft:block.anvil.step	33
minecraft:sound_event	minecraft:block.anvil.use	34
minecraft:sound_event	minecraft:block.bamboo.break	52
minecraft:sound_event	minecraft:block.bamboo.fall	53
minecraft:sound_event	minecraft:block.bamboo.hit	54
minecraft:sound_event	minecraft:block.bamboo.place	55
minecraft:sound_event	minecraft:block.bamboo.step	56
minecraft:sound_event	minecraft:block.bamboo_sapling.break	57
minecraft:sound_event	minecraft:block.bamboo_sapling.hit	58
minecraft:sound_event	minecraft:block.bamboo_sapling.place	59
minecraft:sound_event	minecraft:block.barrel.close	60
minecraft:sound_event	minecraft:block.barrel.open	61
minecraft:sound_event	minecraft:block.basalt.break	62
minecraft:sound_event	minecraft:block.basalt.fall	66
minecraft:sound_event	minecraft:block.basalt.hit	65
minecraft:sound_event	minecraft:block.basalt.place	64
minecraft:sound_event	minecraft:block.basalt.step	63
minecraft:sound_event	minecraft:block.beacon.activate	72
minecraft:sound_event	minecraft:block.beacon.ambient	73
minecraft:sound_event	minecraft:block.beacon.deactivate	74
minecraft:sound_event	minecraft:block.beacon.power_select	75
minecraft:sound_event	minecraft:block.beehive.drip	82
minecraft:sound_event	minecraft:block.beehive.enter	83
minecraft:sound_event	minecraft:block.beehive.exit	84
minecraft:sound_event	minecraft:block.beehive.shear	85
minecraft:sound_event	minecraft:block.beehive.work	86
minecraft:sound_event	minecraft:block.bell.resonate	88
minecraft:sound_event	minecraft:block.bell.use	87
minecraft:sound_event	minecraft:block.blastfurnace.fire_crackle	103
minecraft:sound_event	minecraft:block.bone_block.break	96
minecraft:sound_event	minecraft:block.bone_block.fall	97
minecraft:sound_event	minecraft:block.bone_block.hit	98
minecraft:sound_event	minecraft:block.bone_block.place	99
minecraft:sound_event	minecraft:block.bone_block.step	100
minecraft:sound_event	minecraft:block.brewing_stand.brew	107
minecraft:sound_event	minecraft:block.bubble_column.bubble_pop	108
minecraft:sound_event	minecraft:block.bubble_column.upwards_ambient	109
minecraft:sound_event	minecraft:block.bubble_column.upwards_inside	110
minecraft:sound_event	minecraft:block.bubble_column.whirlpool_ambient	111
minecraft:sound_event	minecraft:block.bubble_column.whirlpool_inside	112
minecraft:sound_event	minecraft:block.campfire.crackle	119
minecraft:sound_event	minecraft:block.chain.break	129
minecraft:sound_event	minecraft:block.chain.fall	130
minecraft:sound_event	minecraft:block.chain.hit	131
minecraft:sound_event	minecraft:block.chain.place	132
minecraft:sound_event	minecraft:block.chain.step	133
minecraft:sound_event	minecraft:block.chest.close	134
minecraft:sound_event	minecraft:block.chest.locked	135
minecraft:sound_event	minecraft:block.chest.open	136
minecraft:sound_event	minecraft:block.chorus_flower.death	142
minecraft:sound_event	minecraft:block.chorus_flower.grow	143
minecraft:sound_event	minecraft:block.comparator.click	149
minecraft:sound_event	minecraft:block.composter.empty	150
minecraft:sound_event	minecraft:block.composter.fill	151
minecraft:sound_event	minecraft:block.composter.fill_success	152
minecraft:sound_event	minecraft:block.composter.ready	153
minecraft:sound_event	minecraft:block.conduit.activate	154
minecraft:sound_event	minecraft:block.conduit.ambient	155
minecraft:sound_event	minecraft:block.conduit.ambient.short	156
minecraft:sound_event	minecraft:block.conduit.attack.target	157
minecraft:sound_event	minecraft:block.conduit.deactivate	158
minecraft:sound_event	minecraft:block.coral_block.break	159
minecraft:sound_event	minecraft:block.coral_block.fall	160
minecraft:sound_event	minecraft:block.coral_block.hit	161
minecraft:sound_event	minecraft:block.coral_block.place	162
minecraft:sound_event	minecraft:block.coral_block.step	163
minecraft:sound_event	minecraft:block.crop.break	172
minecraft:sound_event	minecraft:block.dispenser.dispense	182
minecraft:sound_event	minecraft:block.dispenser.fail	183
minecraft:sound_event	minecraft:block.dispenser.launch	184
minecraft:sound_event	minecraft:block.enchantment_table.use	220
minecraft:sound_event	minecraft:block.end_gateway.spawn	243
minecraft:sound_event	minecraft:block.end_portal.spawn	245
minecraft:sound_event	minecraft:block.end_portal_frame.fill	244
minecraft:sound_event	minecraft:block.ender_chest.close	221
minecraft:sound_event	minecraft:block.ender_chest.open	222
minecraft:sound_event	minecraft:block.fence_gate.close	257
minecraft:sound_event	minecraft:block.fence_gate.open	258
minecraft:sound_event	minecraft:block.fire.ambient	268
minecraft:sound_event	minecraft:block.fire.extinguish	269
minecraft:sound_event	minecraft:block.fungus.break	510
minecraft:sound_event	minecraft:block.fungus.fall	514
minecraft:sound_event	minecraft:block.fungus.hit	513
minecraft:sound_event	minecraft:block.fungus.place	512
minecraft:sound_event	minecraft:block.fungus.step	511
minecraft:sound_event	minecraft:block.furnace.fire_crackle	291
minecraft:sound_event	minecraft:block.gilded_blackstone.break	309
minecraft:sound_event	minecraft:block.gilded_blackstone.fall	310
minecraft:sound_event	minecraft:block.gilded_blackstone.hit	311
minecraft:sound_event	minecraft:block.gilded_blackstone.place	312
minecraft:sound_event	minecraft:block.gilded_blackstone.step	313
minecraft:sound_event	minecraft:block.glass.break	314
minecraft:sound_event	minecraft:block.glass.fall	315
minecraft:sound_event	minecraft:block.glass.hit	316
minecraft:sound_event	minecraft:block.glass.place	317
minecraft:sound_event	minecraft:block.glass.step	318
minecraft:sound_event	minecraft:block.grass.break	319
minecraft:sound_event	minecraft:block.grass.fall	320
minecraft:sound_event	minecraft:block.grass.hit	321
minecraft:sound_event	minecraft:block.grass.place	322
minecraft:sound_event	minecraft:block.grass.step	323
minecraft:sound_event	minecraft:block.gravel.break	324
minecraft:sound_event	minecraft:block.gravel.fall	325
minecraft:sound_event	minecraft:block.gravel.hit	326
minecraft:sound_event	minecraft:block.gravel.place	327
minecraft:sound_event	minecraft:block.gravel.step	328
minecraft:sound_event	minecraft:block.grindstone.use	329
minecraft:sound_event	minecraft:block.honey_block.break	347
minecraft:sound_event	minecraft:block.honey_block.fall	348
minecraft:sound_event	minecraft:block.honey_block.hit	349
minecraft:sound_event	minecraft:block.honey_block.place	350
minecraft:sound_event	minecraft:block.honey_block.slide	351
minecraft:sound_event	minecraft:block.honey_block.step	352
minecraft:sound_event	minecraft:block.iron_door.close	385
minecraft:sound_event	minecraft:block.iron_door.open	386
minecraft:sound_event	minecraft:block.iron_trapdoor.close	393
minecraft:sound_event	minecraft:block.iron_trapdoor.open	394
minecraft:sound_event	minecraft:block.ladder.break	402
minecraft:sound_event	minecraft:block.ladder.fall	403
minecraft:sound_event	minecraft:block.ladder.hit	404
minecraft:sound_event	minecraft:block.ladder.place	405
minecraft:sound_event	minecraft:block.ladder.step	406
minecraft:sound_event	minecraft:block.lantern.break	407
minecraft:sound_event	minecraft:block.lantern.fall	408
minecraft:sound_event	minecraft:block.lantern.hit	409
minecraft:sound_event	minecraft:block.lantern.place	410
minecraft:sound_event	minecraft:block.lantern.step	411
minecraft:sound_event	minecraft:block.lava.ambient	412
minecraft:sound_event	minecraft:block.lava.extinguish	413
minecraft:sound_event	minecraft:block.lava.pop	414
minecraft:sound_event	minecraft:block.lever.click	417
minecraft:sound_event	minecraft:block.lily_pad.place	901
minecraft:sound_event	minecraft:block.lodestone.break	431
minecraft:sound_event	minecraft:block.lodestone.fall	435
minecraft:sound_event	minecraft:block.lodestone.hit	434
minecraft:sound_event	minecraft:block.lodestone.place	433
minecraft:sound_event	minecraft:block.lodestone.step	432
minecraft:sound_event	minecraft:block.metal.break	443
minecraft:sound_event	minecraft:block.metal.fall	444
minecraft:sound_event	minecraft:block.metal.hit	445
minecraft:sound_event	minecraft:block.metal.place	446
minecraft:sound_event	minecraft:block.metal.step	449
minecraft:sound_event	minecraft:block.metal_pressure_plate.click_off	447
minecraft:sound_event	minecraft:block.metal_pressure_plate.click_on	448
minecraft:sound_event	minecraft:block.nether_bricks.break	488
minecraft:sound_event	minecraft:block.nether_bricks.fall	492
minecraft:sound_event	minecraft:block.nether_bricks.hit	491
minecraft:sound_event	minecraft:block.nether_bricks.place	490
minecraft:sound_event	minecraft:block.nether_bricks.step	489
minecraft:sound_event	minecraft:block.nether_gold_ore.break	688
minecraft:sound_event	minecraft:block.nether_gold_ore.fall	689
minecraft:sound_event	minecraft:block.nether_gold_ore.hit	690
minecraft:sound_event	minecraft:block.nether_gold_ore.place	691
minecraft:sound_event	minecraft:block.nether_gold_ore.step	692
minecraft:sound_event	minecraft:block.nether_ore.break	693
minecraft:sound_event	minecraft:block.nether_ore.fall	694
minecraft:sound_event	minecraft:block.nether_ore.hit	695
minecraft:sound_event	minecraft:block.nether_ore.place	696
minecraft:sound_event	minecraft:block.nether_ore.step	697
minecraft:sound_event	minecraft:block.nether_sprouts.break	505
minecraft:sound_event	minecraft:block.nether_sprouts.fall	509
minecraft:sound_event	minecraft:block.nether_sprouts.hit	508
minecraft:sound_event	minecraft:block.nether_sprouts.place	507
minecraft:sound_event	minecraft:block.nether_sprouts.step	506
minecraft:sound_event	minecraft:block.nether_wart.break	493
minecraft:sound_event	minecraft:block.netherite_block.break	525
minecraft:sound_event	minecraft:block.netherite_block.fall	529
minecraft:sound_event	minecraft:block.netherite_block.hit	528
minecraft:sound_event	minecraft:block.netherite_block.place	527
minecraft:sound_event	minecraft:block.netherite_block.step	526
minecraft:sound_event	minecraft:block.netherrack.break	530
minecraft:sound_event	minecraft:block.netherrack.fall	534
minecraft:sound_event	minecraft:block.netherrack.hit	533
minecraft:sound_event	minecraft:block.netherrack.place	532
minecraft:sound_event	minecraft:block.netherrack.step	531
minecraft:sound_event	minecraft:block.note_block.banjo	550
minecraft:sound_event	minecraft:block.note_block.basedrum	535
minecraft:sound_event	minecraft:block.note_block.bass	536
minecraft:sound_event	minecraft:block.note_block.bell	537
minecraft:sound_event	minecraft:block.note_block.bit	549
minecraft:sound_event	minecraft:block.note_block.chime	538
minecraft:sound_event	minecraft:block.note_block.cow_bell	547
minecraft:sound_event	minecraft:block.note_block.didgeridoo	548
minecraft:sound_event	minecraft:block.note_block.flute	539
minecraft:sound_event	minecraft:block.note_block.guitar	540
minecraft:sound_event	minecraft:block.note_block.harp	541
minecraft:sound_event	minecraft:block.note_block.hat	542
minecraft:sound_event	minecraft:block.note_block.iron_xylophone	546
minecraft:sound_event	minecraft:block.note_block.pling	543
minecraft:sound_event	minecraft:block.note_block.snare	544
minecraft:sound_event	minecraft:block.note_block.xylophone	545
minecraft:sound_event	minecraft:block.nylium.break	500
minecraft:sound_event	minecraft:block.nylium.fall	504
minecraft:sound_event	minecraft:block.nylium.hit	503
minecraft:sound_event	minecraft:block.nylium.place	502
minecraft:sound_event	minecraft:block.nylium.step	501
minecraft:sound_event	minecraft:block.piston.contract	636
minecraft:sound_event	minecraft:block.piston.extend	637
minecraft:sound_event	minecraft:block.portal.ambient	663
minecraft:sound_event	minecraft:block.portal.travel	664
minecraft:sound_event	minecraft:block.portal.trigger	665
minecraft:sound_event	minecraft:block.pumpkin.carve	673
minecraft:sound_event	minecraft:block.redstone_torch.burnout	698
minecraft:sound_event	minecraft:block.respawn_anchor.ambient	699
minecraft:sound_event	minecraft:block.respawn_anchor.charge	700
minecraft:sound_event	minecraft:block.respawn_anchor.deplete	701
minecraft:sound_event	minecraft:block.respawn_anchor.set_spawn	702
minecraft:sound_event	minecraft:block.roots.break	286
minecraft:sound_event	minecraft:block.roots.fall	290
minecraft:sound_event	minecraft:block.roots.hit	289
minecraft:sound_event	minecraft:block.roots.place	288
minecraft:sound_event	minecraft:block.roots.step	287
minecraft:sound_event	minecraft:block.sand.break	707
minecraft:sound_event	minecraft:block.sand.fall	708
minecraft:sound_event	minecraft:block.sand.hit	709
minecraft:sound_event	minecraft:block.sand.place	710
minecraft:sound_event	minecraft:block.sand.step	711
minecraft:sound_event	minecraft:block.scaffolding.break	712
minecraft:sound_event	minecraft:block.scaffolding.fall	713
minecraft:sound_event	minecraft:block.scaffolding.hit	714
minecraft:sound_event	minecraft:block.scaffolding.place	715
minecraft:sound_event	minecraft:block.scaffolding.step	716
minecraft:sound_event	minecraft:block.shroomlight.break	724
minecraft:sound_event	minecraft:block.shroomlight.fall	728
minecraft:sound_event	minecraft:block.shroomlight.hit	727
minecraft:sound_event	minecraft:block.shroomlight.place	726
minecraft:sound_event	minecraft:block.shroomlight.step	725
minecraft:sound_event	minecraft:block.shulker_box.close	731
minecraft:sound_event	minecraft:block.shulker_box.open	732
minecraft:sound_event	minecraft:block.slime_block.break	764
minecraft:sound_event	minecraft:block.slime_block.fall	765
minecraft:sound_event	minecraft:block.slime_block.hit	766
minecraft:sound_event	minecraft:block.slime_block.place	767
minecraft:sound_event	minecraft:block.slime_block.step	768
minecraft:sound_event	minecraft:block.smithing_table.use	793
minecraft:sound_event	minecraft:block.smoker.smoke	794
minecraft:sound_event	minecraft:block.snow.break	796
minecraft:sound_event	minecraft:block.snow.fall	797
minecraft:sound_event	minecraft:block.snow.hit	803
minecraft:sound_event	minecraft:block.snow.place	804
minecraft:sound_event	minecraft:block.snow.step	805
minecraft:sound_event	minecraft:block.soul_sand.break	769
minecraft:sound_event	minecraft:block.soul_sand.fall	773
minecraft:sound_event	minecraft:block.soul_sand.hit	772
minecraft:sound_event	minecraft:block.soul_sand.place	771
minecraft:sound_event	minecraft:block.soul_sand.step	770
minecraft:sound_event	minecraft:block.soul_soil.break	774
minecraft:sound_event	minecraft:block.soul_soil.fall	778
minecraft:sound_event	minecraft:block.soul_soil.hit	777
minecraft:sound_event	minecraft:block.soul_soil.place	776
minecraft:sound_event	minecraft:block.soul_soil.step	775
minecraft:sound_event	minecraft:block.stem.break	495
minecraft:sound_event	minecraft:block.stem.fall	499
minecraft:sound_event	minecraft:block.stem.hit	498
minecraft:sound_event	minecraft:block.stem.place	497
minecraft:sound_event	minecraft:block.stem.step	496
minecraft:sound_event	minecraft:block.stone.break	816
minecraft:sound_event	minecraft:block.stone.fall	819
minecraft:sound_event	minecraft:block.stone.hit	820
minecraft:sound_event	minecraft:block.stone.place	821
minecraft:sound_event	minecraft:block.stone.step	824
minecraft:sound_event	minecraft:block.stone_button.click_off	817
minecraft:sound_event	minecraft:block.stone_button.click_on	818
minecraft:sound_event	minecraft:block.stone_pressure_plate.click_off	822
minecraft:sound_event	minecraft:block.stone_pressure_plate.click_on	823
minecraft:sound_event	minecraft:block.sweet_berry_bush.break	829
minecraft:sound_event	minecraft:block.sweet_berry_bush.place	830
minecraft:sound_event	minecraft:block.tripwire.attach	843
minecraft:sound_event	minecraft:block.tripwire.click_off	844
minecraft:sound_event	minecraft:block.tripwire.click_on	845
minecraft:sound_event	minecraft:block.tripwire.detach	846
minecraft:sound_event	minecraft:block.vine.step	900
minecraft:sound_event	minecraft:block.wart_block.break	520
minecraft:sound_event	minecraft:block.wart_block.fall	524
minecraft:sound_event	minecraft:block.wart_block.hit	523
minecraft:sound_event	minecraft:block.wart_block.place	522
minecraft:sound_event	minecraft:block.wart_block.step	521
minecraft:sound_event	minecraft:block.water.ambient	912
minecraft:sound_event	minecraft:block.weeping_vines.break	515
minecraft:sound_event	minecraft:block.weeping_vines.fall	519
minecraft:sound_event	minecraft:block.weeping_vines.hit	518
minecraft:sound_event	minecraft:block.weeping_vines.place	517
minecraft:sound_event	minecraft:block.weeping_vines.step	516
minecraft:sound_event	minecraft:block.wet_grass.break	915
minecraft:sound_event	minecraft:block.wet_grass.fall	916
minecraft:sound_event	minecraft:block.wet_grass.hit	917
minecraft:sound_event	minecraft:block.wet_grass.place	918
minecraft:sound_event	minecraft:block.wet_grass.step	919
minecraft:sound_event	minecraft:block.wood.break	949
minecraft:sound_event	minecraft:block.wood.fall	952
minecraft:sound_event	minecraft:block.wood.hit	953
minecraft:sound_event	minecraft:block.wood.place	954
minecraft:sound_event	minecraft:block.wood.step	957
minecraft:sound_event	minecraft:block.wooden_button.click_off	950
minecraft:sound_event	minecraft:block.wooden_button.click_on	951
minecraft:sound_event	minecraft:block.wooden_door.close	945
minecraft:sound_event	minecraft:block.wooden_door.open	946
minecraft:sound_event	minecraft:block.wooden_pressure_plate.click_off	955
minecraft:sound_event	minecraft:block.wooden_pressure_plate.click_on	956
minecraft:sound_event	minecraft:block.wooden_trapdoor.close	947
minecraft:sound_event	minecraft:block.wooden_trapdoor.open	948
minecraft:sound_event	minecraft:block.wool.break	958
minecraft:sound_event	minecraft:block.wool.fall	959
minecraft:sound_event	minecraft:block.wool.hit	960
minecraft:sound_event	minecraft:block.wool.place	961
minecraft:sound_event	minecraft:block.wool.step	962
minecraft:sound_event	minecraft:enchant.thorns.hit	832
minecraft:sound_event	minecraft:entity.armor_stand.break	44
minecraft:sound_event	minecraft:entity.armor_stand.fall	45
minecraft:sound_event	minecraft:entity.armor_stand.hit	46
minecraft:sound_event	minecraft:entity.armor_stand.place	47
minecraft:sound_event	minecraft:entity.arrow.hit	48
minecraft:sound_event	minecraft:entity.arrow.hit_player	49
minecraft:sound_event	minecraft:entity.arrow.shoot	50
minecraft:sound_event	minecraft:entity.bat.ambient	67
minecraft:sound_event	minecraft:entity.bat.death	68
minecraft:sound_event	minecraft:entity.bat.hurt	69
minecraft:sound_event	minecraft:entity.bat.loop	70
minecraft:sound_event	minecraft:entity.bat.takeoff	71
minecraft:sound_event	minecraft:entity.bee.death	76
minecraft:sound_event	minecraft:entity.bee.hurt	77
minecraft:sound_event	minecraft:entity.bee.loop	79
minecraft:sound_event	minecraft:entity.bee.loop_aggressive	78
minecraft:sound_event	minecraft:entity.bee.pollinate	81
minecraft:sound_event	minecraft:entity.bee.sting	80
minecraft:sound_event	minecraft:entity.blaze.ambient	89
minecraft:sound_event	minecraft:entity.blaze.burn	90
minecraft:sound_event	minecraft:entity.blaze.death	91
minecraft:sound_event	minecraft:entity.blaze.hurt	92
minecraft:sound_event	minecraft:entity.blaze.shoot	93
minecraft:sound_event	minecraft:entity.boat.paddle_land	94
minecraft:sound_event	minecraft:entity.boat.paddle_water	95
minecraft:sound_event	minecraft:entity.cat.ambient	120
minecraft:sound_event	minecraft:entity.cat.beg_for_food	125
minecraft:sound_event	minecraft:entity.cat.death	122
minecraft:sound_event	minecraft:entity.cat.eat	123
minecraft:sound_event	minecraft:entity.cat.hiss	124
minecraft:sound_event	minecraft:entity.cat.hurt	126
minecraft:sound_event	minecraft:entity.cat.purr	127
minecraft:sound_event	minecraft:entity.cat.purreow	128
minecraft:sound_event	minecraft:entity.cat.stray_ambient	121
minecraft:sound_event	minecraft:entity.chicken.ambient	137
minecraft:sound_event	minecraft:entity.chicken.death	138
minecraft:sound_event	minecraft:entity.chicken.egg	139
minecraft:sound_event	minecraft:entity.chicken.hurt	140
minecraft:sound_event	minecraft:entity.chicken.step	141
minecraft:sound_event	minecraft:entity.cod.ambient	145
minecraft:sound_event	minecraft:entity.cod.death	146
minecraft:sound_event	minecraft:entity.cod.flop	147
minecraft:sound_event	minecraft:entity.cod.hurt	148
minecraft:sound_event	minecraft:entity.cow.ambient	164
minecraft:sound_event	minecraft:entity.cow.death	165
minecraft:sound_event	minecraft:entity.cow.hurt	166
minecraft:sound_event	minecraft:entity.cow.milk	167
minecraft:sound_event	minecraft:entity.cow.step	168
minecraft:sound_event	minecraft:entity.creeper.death	169
minecraft:sound_event	minecraft:entity.creeper.hurt	170
minecraft:sound_event	minecraft:entity.creeper.primed	171
minecraft:sound_event	minecraft:entity.dolphin.ambient	185
minecraft:sound_event	minecraft:entity.dolphin.ambient_water	186
minecraft:sound_event	minecraft:entity.dolphin.attack	187
minecraft:sound_event	minecraft:entity.dolphin.death	188
minecraft:sound_event	minecraft:entity.dolphin.eat	189
minecraft:sound_event	minecraft:entity.dolphin.hurt	190
minecraft:sound_event	minecraft:entity.dolphin.jump	191
minecraft:sound_event	minecraft:entity.dolphin.play	192
minecraft:sound_event	minecraft:entity.dolphin.splash	193
minecraft:sound_event	minecraft:entity.dolphin.swim	194
minecraft:sound_event	minecraft:entity.donkey.ambient	195
minecraft:sound_event	minecraft:entity.donkey.angry	196
minecraft:sound_event	minecraft:entity.donkey.chest	197
minecraft:sound_event	minecraft:entity.donkey.death	198
minecraft:sound_event	minecraft:entity.donkey.eat	199
minecraft:sound_event	minecraft:entity.donkey.hurt	200
minecraft:sound_event	minecraft:entity.dragon_fireball.explode	225
minecraft:sound_event	minecraft:entity.drowned.ambient	201
minecraft:sound_event	minecraft:entity.drowned.ambient_water	202
minecraft:sound_event	minecraft:entity.drowned.death	203
minecraft:sound_event	minecraft:entity.drowned.death_water	204
minecraft:sound_event	minecraft:entity.drowned.hurt	205
minecraft:sound_event	minecraft:entity.drowned.hurt_water	206
minecraft:sound_event	minecraft:entity.drowned.shoot	207
minecraft:sound_event	minecraft:entity.drowned.step	208
minecraft:sound_event	minecraft:entity.drowned.swim	209
minecraft:sound_event	minecraft:entity.egg.throw	210
minecraft:sound_event	minecraft:entity.elder_guardian.ambient	211
minecraft:sound_event	minecraft:entity.elder_guardian.ambient_land	212
minecraft:sound_event	minecraft:entity.elder_guardian.curse	213
minecraft:sound_event	minecraft:entity.elder_guardian.death	214
minecraft:sound_event	minecraft:entity.elder_guardian.death_land	215
minecraft:sound_event	minecraft:entity.elder_guardian.flop	216
minecraft:sound_event	minecraft:entity.elder_guardian.hurt	217
minecraft:sound_event	minecraft:entity.elder_guardian.hurt_land	218
minecraft:sound_event	minecraft:entity.ender_dragon.ambient	223
minecraft:sound_event	minecraft:entity.ender_dragon.death	224
minecraft:sound_event	minecraft:entity.ender_dragon.flap	226
minecraft:sound_event	minecraft:entity.ender_dragon.growl	227
minecraft:sound_event	minecraft:entity.ender_dragon.hurt	228
minecraft:sound_event	minecraft:entity.ender_dragon.shoot	229
minecraft:sound_event	minecraft:entity.ender_eye.death	230
minecraft:sound_event	minecraft:entity.ender_eye.launch	231
minecraft:sound_event	minecraft:entity.ender_pearl.throw	242
minecraft:sound_event	minecraft:entity.enderman.ambient	232
minecraft:sound_event	minecraft:entity.enderman.death	233
minecraft:sound_event	minecraft:entity.enderman.hurt	234
minecraft:sound_event	minecraft:entity.enderman.scream	235
minecraft:sound_event	minecraft:entity.enderman.stare	236
minecraft:sound_event	minecraft:entity.enderman.teleport	237
minecraft:sound_event	minecraft:entity.endermite.ambient	238
minecraft:sound_event	minecraft:entity.endermite.death	239
minecraft:sound_event	minecraft:entity.endermite.hurt	240
minecraft:sound_event	minecraft:entity.endermite.step	241
minecraft:sound_event	minecraft:entity.evoker.ambient	246
minecraft:sound_event	minecraft:entity.evoker.cast_spell	247
minecraft:sound_event	minecraft:entity.evoker.celebrate	248
minecraft:sound_event	minecraft:entity.evoker.death	249
minecraft:sound_event	minecraft:entity.evoker.hurt	251
minecraft:sound_event	minecraft:entity.evoker.prepare_attack	252
minecraft:sound_event	minecraft:entity.evoker.prepare_summon	253
minecraft:sound_event	minecraft:entity.evoker.prepare_wololo	254
minecraft:sound_event	minecraft:entity.evoker_fangs.attack	250
minecraft:sound_event	minecraft:entity.experience_bottle.throw	255
minecraft:sound_event	minecraft:entity.experience_orb.pickup	256
minecraft:sound_event	minecraft:entity.firework_rocket.blast	260
minecraft:sound_event	minecraft:entity.firework_rocket.blast_far	261
minecraft:sound_event	minecraft:entity.firework_rocket.large_blast	262
minecraft:sound_event	minecraft:entity.firework_rocket.large_blast_far	263
minecraft:sound_event	minecraft:entity.firework_rocket.launch	264
minecraft:sound_event	minecraft:entity.firework_rocket.shoot	265
minecraft:sound_event	minecraft:entity.firework_rocket.twinkle	266
minecraft:sound_event	minecraft:entity.firework_rocket.twinkle_far	267
minecraft:sound_event	minecraft:entity.fish.swim	270
minecraft:sound_event	minecraft:entity.fishing_bobber.retrieve	271
minecraft:sound_event	minecraft:entity.fishing_bobber.splash	272
minecraft:sound_event	minecraft:entity.fishing_bobber.throw	273
minecraft:sound_event	minecraft:entity.fox.aggro	275
minecraft:sound_event	minecraft:entity.fox.ambient	276
minecraft:sound_event	minecraft:entity.fox.bite	277
minecraft:sound_event	minecraft:entity.fox.death	278
minecraft:sound_event	minecraft:entity.fox.eat	279
minecraft:sound_event	minecraft:entity.fox.hurt	280
minecraft:sound_event	minecraft:entity.fox.screech	281
minecraft:sound_event	minecraft:entity.fox.sleep	282
minecraft:sound_event	minecraft:entity.fox.sniff	283
minecraft:sound_event	minecraft:entity.fox.spit	284
minecraft:sound_event	minecraft:entity.fox.teleport	285
minecraft:sound_event	minecraft:entity.generic.big_fall	292
minecraft:sound_event	minecraft:entity.generic.burn	293
minecraft:sound_event	minecraft:entity.generic.death	294
minecraft:sound_event	minecraft:entity.generic.drink	295
minecraft:sound_event	minecraft:entity.generic.eat	296
minecraft:sound_event	minecraft:entity.generic.explode	297
minecraft:sound_event	minecraft:entity.generic.extinguish_fire	298
minecraft:sound_event	minecraft:entity.generic.hurt	299
minecraft:sound_event	minecraft:entity.generic.small_fall	300
minecraft:sound_event	minecraft:entity.generic.splash	301
minecraft:sound_event	minecraft:entity.generic.swim	302
minecraft:sound_event	minecraft:entity.ghast.ambient	303
minecraft:sound_event	minecraft:entity.ghast.death	304
minecraft:sound_event	minecraft:entity.ghast.hurt	305
minecraft:sound_event	minecraft:entity.ghast.scream	306
minecraft:sound_event	minecraft:entity.ghast.shoot	307
minecraft:sound_event	minecraft:entity.ghast.warn	308
minecraft:sound_event	minecraft:entity.guardian.ambient	330
minecraft:sound_event	minecraft:entity.guardian.ambient_land	331
minecraft:sound_event	minecraft:entity.guardian.attack	332
minecraft:sound_event	minecraft:entity.guardian.death	333
minecraft:sound_event	minecraft:entity.guardian.death_land	334
minecraft:sound_event	minecraft:entity.guardian.flop	335
minecraft:sound_event	minecraft:entity.guardian.hurt	336
minecraft:sound_event	minecraft:entity.guardian.hurt_land	337
minecraft:sound_event	minecraft:entity.hoglin.ambient	339
minecraft:sound_event	minecraft:entity.hoglin.angry	340
minecraft:sound_event	minecraft:entity.hoglin.attack	341
minecraft:sound_event	minecraft:entity.hoglin.converted_to_zombified	342
minecraft:sound_event	minecraft:entity.hoglin.death	343
minecraft:sound_event	minecraft:entity.hoglin.hurt	344
minecraft:sound_event	minecraft:entity.hoglin.retreat	345
minecraft:sound_event	minecraft:entity.hoglin.step	346
minecraft:sound_event	minecraft:entity.horse.ambient	354
minecraft:sound_event	minecraft:entity.horse.angry	355
minecraft:sound_event	minecraft:entity.horse.armor	356
minecraft:sound_event	minecraft:entity.horse.breathe	357
minecraft:sound_event	minecraft:entity.horse.death	358
minecraft:sound_event	minecraft:entity.horse.eat	359
minecraft:sound_event	minecraft:entity.horse.gallop	360
minecraft:sound_event	minecraft:entity.horse.hurt	361
minecraft:sound_event	minecraft:entity.horse.jump	362
minecraft:sound_event	minecraft:entity.horse.land	363
minecraft:sound_event	minecraft:entity.horse.saddle	364
minecraft:sound_event	minecraft:entity.horse.step	365
minecraft:sound_event	minecraft:entity.horse.step_wood	366
minecraft:sound_event	minecraft:entity.hostile.big_fall	367
minecraft:sound_event	minecraft:entity.hostile.death	368
minecraft:sound_event	minecraft:entity.hostile.hurt	369
minecraft:sound_event	minecraft:entity.hostile.small_fall	370
minecraft:sound_event	minecraft:entity.hostile.splash	371
minecraft:sound_event	minecraft:entity.hostile.swim	372
minecraft:sound_event	minecraft:entity.husk.ambient	373
minecraft:sound_event	minecraft:entity.husk.converted_to_zombie	374
minecraft:sound_event	minecraft:entity.husk.death	375
minecraft:sound_event	minecraft:entity.husk.hurt	376
minecraft:sound_event	minecraft:entity.husk.step	377
minecraft:sound_event	minecraft:entity.illusioner.ambient	378
minecraft:sound_event	minecraft:entity.illusioner.cast_spell	379
minecraft:sound_event	minecraft:entity.illusioner.death	380
minecraft:sound_event	minecraft:entity.illusioner.hurt	381
minecraft:sound_event	minecraft:entity.illusioner.mirror_move	382
minecraft:sound_event	minecraft:entity.illusioner.prepare_blindness	383
minecraft:sound_event	minecraft:entity.illusioner.prepare_mirror	384
minecraft:sound_event	minecraft:entity.iron_golem.attack	387
minecraft:sound_event	minecraft:entity.iron_golem.damage	388
minecraft:sound_event	minecraft:entity.iron_golem.death	389
minecraft:sound_event	minecraft:entity.iron_golem.hurt	390
minecraft:sound_event	minecraft:entity.iron_golem.repair	391
minecraft:sound_event	minecraft:entity.iron_golem.step	392
minecraft:sound_event	minecraft:entity.item.break	400
minecraft:sound_event	minecraft:entity.item.pickup	401
minecraft:sound_event	minecraft:entity.item_frame.add_item	395
minecraft:sound_event	minecraft:entity.item_frame.break	396
minecraft:sound_event	minecraft:entity.item_frame.place	397
minecraft:sound_event	minecraft:entity.item_frame.remove_item	398
minecraft:sound_event	minecraft:entity.item_frame.rotate_item	399
minecraft:sound_event	minecraft:entity.leash_knot.break	415
minecraft:sound_event	minecraft:entity.leash_knot.place	416
minecraft:sound_event	minecraft:entity.lightning_bolt.impact	418
minecraft:sound_event	minecraft:entity.lightning_bolt.thunder	419
minecraft:sound_event	minecraft:entity.lingering_potion.throw	420
minecraft:sound_event	minecraft:entity.llama.ambient	421
minecraft:sound_event	minecraft:entity.llama.angry	422
minecraft:sound_event	minecraft:entity.llama.chest	423
minecraft:sound_event	minecraft:entity.llama.death	424
minecraft:sound_event	minecraft:entity.llama.eat	425
minecraft:sound_event	minecraft:entity.llama.hurt	426
minecraft:sound_event	minecraft:entity.llama.spit	427
minecraft:sound_event	minecraft:entity.llama.step	428
minecraft:sound_event	minecraft:entity.llama.swag	429
minecraft:sound_event	minecraft:entity.magma_cube.death	437
minecraft:sound_event	minecraft:entity.magma_cube.death_small	430
minecraft:sound_event	minecraft:entity.magma_cube.hurt	438
minecraft:sound_event	minecraft:entity.magma_cube.hurt_small	439
minecraft:sound_event	minecraft:entity.magma_cube.jump	440
minecraft:sound_event	minecraft:entity.magma_cube.squish	441
minecraft:sound_event	minecraft:entity.magma_cube.squish_small	442
minecraft:sound_event	minecraft:entity.minecart.inside	450
minecraft:sound_event	minecraft:entity.minecart.riding	451
minecraft:sound_event	minecraft:entity.mooshroom.convert	452
minecraft:sound_event	minecraft:entity.mooshroom.eat	453
minecraft:sound_event	minecraft:entity.mooshroom.milk	454
minecraft:sound_event	minecraft:entity.mooshroom.shear	456
minecraft:sound_event	minecraft:entity.mooshroom.suspicious_milk	455
minecraft:sound_event	minecraft:entity.mule.ambient	457
minecraft:sound_event	minecraft:entity.mule.angry	458
minecraft:sound_event	minecraft:entity.mule.chest	459
minecraft:sound_event	minecraft:entity.mule.death	460
minecraft:sound_event	minecraft:entity.mule.eat	461
minecraft:sound_event	minecraft:entity.mule.hurt	462
minecraft:sound_event	minecraft:entity.ocelot.ambient	552
minecraft:sound_event	minecraft:entity.ocelot.death	553
minecraft:sound_event	minecraft:entity.ocelot.hurt	551
minecraft:sound_event	minecraft:entity.painting.break	554
minecraft:sound_event	minecraft:entity.painting.place	555
minecraft:sound_event	minecraft:entity.panda.aggressive_ambient	563
minecraft:sound_event	minecraft:entity.panda.ambient	558
minecraft:sound_event	minecraft:entity.panda.bite	566
minecraft:sound_event	minecraft:entity.panda.cant_breed	562
minecraft:sound_event	minecraft:entity.panda.death	559
minecraft:sound_event	minecraft:entity.panda.eat	560
minecraft:sound_event	minecraft:entity.panda.hurt	565
minecraft:sound_event	minecraft:entity.panda.pre_sneeze	556
minecraft:sound_event	minecraft:entity.panda.sneeze	557
minecraft:sound_event	minecraft:entity.panda.step	561
minecraft:sound_event	minecraft:entity.panda.worried_ambient	564
minecraft:sound_event	minecraft:entity.parrot.ambient	567
minecraft:sound_event	minecraft:entity.parrot.death	568
minecraft:sound_event	minecraft:entity.parrot.eat	569
minecraft:sound_event	minecraft:entity.parrot.fly	570
minecraft:sound_event	minecraft:entity.parrot.hurt	571
minecraft:sound_event	minecraft:entity.parrot.imitate.blaze	572
minecraft:sound_event	minecraft:entity.parrot.imitate.creeper	573
minecraft:sound_event	minecraft:entity.parrot.imitate.drowned	574
minecraft:sound_event	minecraft:entity.parrot.imitate.elder_guardian	575
minecraft:sound_event	minecraft:entity.parrot.imitate.ender_dragon	576
minecraft:sound_event	minecraft:entity.parrot.imitate.endermite	577
minecraft:sound_event	minecraft:entity.parrot.imitate.evoker	578
minecraft:sound_event	minecraft:entity.parrot.imitate.ghast	579
minecraft:sound_event	minecraft:entity.parrot.imitate.guardian	580
minecraft:sound_event	minecraft:entity.parrot.imitate.hoglin	581
minecraft:sound_event	minecraft:entity.parrot.imitate.husk	582
minecraft:sound_event	minecraft:entity.parrot.imitate.illusioner	583
minecraft:sound_event	minecraft:entity.parrot.imitate.magma_cube	584
minecraft:sound_event	minecraft:entity.parrot.imitate.phantom	585
minecraft:sound_event	minecraft:entity.parrot.imitate.piglin	586
minecraft:sound_event	minecraft:entity.parrot.imitate.piglin_brute	587
minecraft:sound_event	minecraft:entity.parrot.imitate.pillager	588
minecraft:sound_event	minecraft:entity.parrot.imitate.ravager	589
minecraft:sound_event	minecraft:entity.parrot.imitate.shulker	590
minecraft:sound_event	minecraft:entity.parrot.imitate.silverfish	591
minecraft:sound_event	minecraft:entity.parrot.imitate.skeleton	592
minecraft:sound_event	minecraft:entity.parrot.imitate.slime	593
minecraft:sound_event	minecraft:entity.parrot.imitate.spider	594
minecraft:sound_event	minecraft:entity.parrot.imitate.stray	595
minecraft:sound_event	minecraft:entity.parrot.imitate.vex	596
minecraft:sound_event	minecraft:entity.parrot.imitate.vindicator	597
minecraft:sound_event	minecraft:entity.parrot.imitate.witch	598
minecraft:sound_event	minecraft:entity.parrot.imitate.wither	599
minecraft:sound_event	minecraft:entity.parrot.imitate.wither_skeleton	600
minecraft:sound_event	minecraft:entity.parrot.imitate.zoglin	601
minecraft:sound_event	minecraft:entity.parrot.imitate.zombie	602
minecraft:sound_event	minecraft:entity.parrot.imitate.zombie_villager	603
minecraft:sound_event	minecraft:entity.parrot.step	604
minecraft:sound_event	minecraft:entity.phantom.ambient	605
minecraft:sound_event	minecraft:entity.phantom.bite	606
minecraft:sound_event	minecraft:entity.phantom.death	607
minecraft:sound_event	minecraft:entity.phantom.flap	608
minecraft:sound_event	minecraft:entity.phantom.hurt	609
minecraft:sound_event	minecraft:entity.phantom.swoop	610
minecraft:sound_event	minecraft:entity.pig.ambient	611
minecraft:sound_event	minecraft:entity.pig.death	612
minecraft:sound_event	minecraft:entity.pig.hurt	613
minecraft:sound_event	minecraft:entity.pig.saddle	614
minecraft:sound_event	minecraft:entity.pig.step	615
minecraft:sound_event	minecraft:entity.piglin.admiring_item	616
minecraft:sound_event	minecraft:entity.piglin.ambient	617
minecraft:sound_event	minecraft:entity.piglin.angry	618
minecraft:sound_event	minecraft:entity.piglin.celebrate	619
minecraft:sound_event	minecraft:entity.piglin.converted_to_zombified	625
minecraft:sound_event	minecraft:entity.piglin.death	620
minecraft:sound_event	minecraft:entity.piglin.hurt	622
minecraft:sound_event	minecraft:entity.piglin.jealous	621
minecraft:sound_event	minecraft:entity.piglin.retreat	623
minecraft:sound_event	minecraft:entity.piglin.step	624
minecraft:sound_event	minecraft:entity.piglin_brute.ambient	626
minecraft:sound_event	minecraft:entity.piglin_brute.angry	627
minecraft:sound_event	minecraft:entity.piglin_brute.converted_to_zombified	631
minecraft:sound_event	minecraft:entity.piglin_brute.death	628
minecraft:sound_event	minecraft:entity.piglin_brute.hurt	629
minecraft:sound_event	minecraft:entity.piglin_brute.step	630
minecraft:sound_event	minecraft:entity.pillager.ambient	632
minecraft:sound_event	minecraft:entity.pillager.celebrate	633
minecraft:sound_event	minecraft:entity.pillager.death	634
minecraft:sound_event	minecraft:entity.pillager.hurt	635
minecraft:sound_event	minecraft:entity.player.attack.crit	638
minecraft:sound_event	minecraft:entity.player.attack.knockback	639
minecraft:sound_event	minecraft:entity.player.attack.nodamage	640
minecraft:sound_event	minecraft:entity.player.attack.strong	641
minecraft:sound_event	minecraft:entity.player.attack.sweep	642
minecraft:sound_event	minecraft:entity.player.attack.weak	643
minecraft:sound_event	minecraft:entity.player.big_fall	644
minecraft:sound_event	minecraft:entity.player.breath	645
minecraft:sound_event	minecraft:entity.player.burp	646
minecraft:sound_event	minecraft:entity.player.death	647
minecraft:sound_event	minecraft:entity.player.hurt	648
minecraft:sound_event	minecraft:entity.player.hurt_drown	649
minecraft:sound_event	minecraft:entity.player.hurt_on_fire	650
minecraft:sound_event	minecraft:entity.player.hurt_sweet_berry_bush	651
minecraft:sound_event	minecraft:entity.player.levelup	652
minecraft:sound_event	minecraft:entity.player.small_fall	653
minecraft:sound_event	minecraft:entity.player.splash	654
minecraft:sound_event	minecraft:entity.player.splash.high_speed	655
minecraft:sound_event	minecraft:entity.player.swim	656
minecraft:sound_event	minecraft:entity.polar_bear.ambient	657
minecraft:sound_event	minecraft:entity.polar_bear.ambient_baby	658
minecraft:sound_event	minecraft:entity.polar_bear.death	659
minecraft:sound_event	minecraft:entity.polar_bear.hurt	660
minecraft:sound_event	minecraft:entity.polar_bear.step	661
minecraft:sound_event	minecraft:entity.polar_bear.warning	662
minecraft:sound_event	minecraft:entity.puffer_fish.ambient	666
minecraft:sound_event	minecraft:entity.puffer_fish.blow_out	667
minecraft:sound_event	minecraft:entity.puffer_fish.blow_up	668
minecraft:sound_event	minecraft:entity.puffer_fish.death	669
minecraft:sound_event	minecraft:entity.puffer_fish.flop	670
minecraft:sound_event	minecraft:entity.puffer_fish.hurt	671
minecraft:sound_event	minecraft:entity.puffer_fish.sting	672
minecraft:sound_event	minecraft:entity.rabbit.ambient	674
minecraft:sound_event	minecraft:entity.rabbit.attack	675
minecraft:sound_event	minecraft:entity.rabbit.death	676
minecraft:sound_event	minecraft:entity.rabbit.hurt	677
minecraft:sound_event	minecraft:entity.rabbit.jump	678
minecraft:sound_event	minecraft:entity.ravager.ambient	680
minecraft:sound_event	minecraft:entity.ravager.attack	681
minecraft:sound_event	minecraft:entity.ravager.celebrate	682
minecraft:sound_event	minecraft:entity.ravager.death	683
minecraft:sound_event	minecraft:entity.ravager.hurt	684
minecraft:sound_event	minecraft:entity.ravager.roar	687
minecraft:sound_event	minecraft:entity.ravager.step	685
minecraft:sound_event	minecraft:entity.ravager.stunned	686
minecraft:sound_event	minecraft:entity.salmon.ambient	703
minecraft:sound_event	minecraft:entity.salmon.death	704
minecraft:sound_event	minecraft:entity.salmon.flop	705
minecraft:sound_event	minecraft:entity.salmon.hurt	706
minecraft:sound_event	minecraft:entity.sheep.ambient	717
minecraft:sound_event	minecraft:entity.sheep.death	718
minecraft:sound_event	minecraft:entity.sheep.hurt	719
minecraft:sound_event	minecraft:entity.sheep.shear	720
minecraft:sound_event	minecraft:entity.sheep.step	721
minecraft:sound_event	minecraft:entity.shulker.ambient	730
minecraft:sound_event	minecraft:entity.shulker.close	735
minecraft:sound_event	minecraft:entity.shulker.death	736
minecraft:sound_event	minecraft:entity.shulker.hurt	737
minecraft:sound_event	minecraft:entity.shulker.hurt_closed	738
minecraft:sound_event	minecraft:entity.shulker.open	739
minecraft:sound_event	minecraft:entity.shulker.shoot	740
minecraft:sound_event	minecraft:entity.shulker.teleport	741
minecraft:sound_event	minecraft:entity.shulker_bullet.hit	733
minecraft:sound_event	minecraft:entity.shulker_bullet.hurt	734
minecraft:sound_event	minecraft:entity.silverfish.ambient	742
minecraft:sound_event	minecraft:entity.silverfish.death	743
minecraft:sound_event	minecraft:entity.silverfish.hurt	744
minecraft:sound_event	minecraft:entity.silverfish.step	745
minecraft:sound_event	minecraft:entity.skeleton.ambient	746
minecraft:sound_event	minecraft:entity.skeleton.death	747
minecraft:sound_event	minecraft:entity.skeleton.hurt	756
minecraft:sound_event	minecraft:entity.skeleton.shoot	757
minecraft:sound_event	minecraft:entity.skeleton.step	758
minecraft:sound_event	minecraft:entity.skeleton_horse.ambient	748
minecraft:sound_event	minecraft:entity.skeleton_horse.ambient_water	752
minecraft:sound_event	minecraft:entity.skeleton_horse.death	749
minecraft:sound_event	minecraft:entity.skeleton_horse.gallop_water	753
minecraft:sound_event	minecraft:entity.skeleton_horse.hurt	750
minecraft:sound_event	minecraft:entity.skeleton_horse.jump_water	754
minecraft:sound_event	minecraft:entity.skeleton_horse.step_water	755
minecraft:sound_event	minecraft:entity.skeleton_horse.swim	751
minecraft:sound_event	minecraft:entity.slime.attack	759
minecraft:sound_event	minecraft:entity.slime.death	760
minecraft:sound_event	minecraft:entity.slime.death_small	789
minecraft:sound_event	minecraft:entity.slime.hurt	761
minecraft:sound_event	minecraft:entity.slime.hurt_small	790
minecraft:sound_event	minecraft:entity.slime.jump	762
minecraft:sound_event	minecraft:entity.slime.jump_small	791
minecraft:sound_event	minecraft:entity.slime.squish	763
minecraft:sound_event	minecraft:entity.slime.squish_small	792
minecraft:sound_event	minecraft:entity.snow_golem.ambient	798
minecraft:sound_event	minecraft:entity.snow_golem.death	799
minecraft:sound_event	minecraft:entity.snow_golem.hurt	800
minecraft:sound_event	minecraft:entity.snow_golem.shear	802
minecraft:sound_event	minecraft:entity.snow_golem.shoot	801
minecraft:sound_event	minecraft:entity.snowball.throw	795
minecraft:sound_event	minecraft:entity.spider.ambient	806
minecraft:sound_event	minecraft:entity.spider.death	807
minecraft:sound_event	minecraft:entity.spider.hurt	808
minecraft:sound_event	minecraft:entity.spider.step	809
minecraft:sound_event	minecraft:entity.splash_potion.break	810
minecraft:sound_event	minecraft:entity.splash_potion.throw	811
minecraft:sound_event	minecraft:entity.squid.ambient	812
minecraft:sound_event	minecraft:entity.squid.death	813
minecraft:sound_event	minecraft:entity.squid.hurt	814
minecraft:sound_event	minecraft:entity.squid.squirt	815
minecraft:sound_event	minecraft:entity.stray.ambient	825
minecraft:sound_event	minecraft:entity.stray.death	826
minecraft:sound_event	minecraft:entity.stray.hurt	827
minecraft:sound_event	minecraft:entity.stray.step	828
minecraft:sound_event	minecraft:entity.strider.ambient	780
minecraft:sound_event	minecraft:entity.strider.death	783
minecraft:sound_event	minecraft:entity.strider.eat	787
minecraft:sound_event	minecraft:entity.strider.happy	781
minecraft:sound_event	minecraft:entity.strider.hurt	784
minecraft:sound_event	minecraft:entity.strider.retreat	782
minecraft:sound_event	minecraft:entity.strider.saddle	788
minecraft:sound_event	minecraft:entity.strider.step	785
minecraft:sound_event	minecraft:entity.strider.step_lava	786
minecraft:sound_event	minecraft:entity.tnt.primed	833
minecraft:sound_event	minecraft:entity.tropical_fish.ambient	847
minecraft:sound_event	minecraft:entity.tropical_fish.death	848
minecraft:sound_event	minecraft:entity.tropical_fish.flop	849
minecraft:sound_event	minecraft:entity.tropical_fish.hurt	850
minecraft:sound_event	minecraft:entity.turtle.ambient_land	851
minecraft:sound_event	minecraft:entity.turtle.death	852
minecraft:sound_event	minecraft:entity.turtle.death_baby	853
minecraft:sound_event	minecraft:entity.turtle.egg_break	854
minecraft:sound_event	minecraft:entity.turtle.egg_crack	855
minecraft:sound_event	minecraft:entity.turtle.egg_hatch	856
minecraft:sound_event	minecraft:entity.turtle.hurt	857
minecraft:sound_event	minecraft:entity.turtle.hurt_baby	858
minecraft:sound_event	minecraft:entity.turtle.lay_egg	859
minecraft:sound_event	minecraft:entity.turtle.shamble	860
minecraft:sound_event	minecraft:entity.turtle.shamble_baby	861
minecraft:sound_event	minecraft:entity.turtle.swim	862
minecraft:sound_event	minecraft:entity.vex.ambient	872
minecraft:sound_event	minecraft:entity.vex.charge	873
minecraft:sound_event	minecraft:entity.vex.death	874
minecraft:sound_event	minecraft:entity.vex.hurt	875
minecraft:sound_event	minecraft:entity.villager.ambient	876
minecraft:sound_event	minecraft:entity.villager.celebrate	877
minecraft:sound_event	minecraft:entity.villager.death	878
minecraft:sound_event	minecraft:entity.villager.hurt	879
minecraft:sound_event	minecraft:entity.villager.no	880
minecraft:sound_event	minecraft:entity.villager.trade	881
minecraft:sound_event	minecraft:entity.villager.work_armorer	883
minecraft:sound_event	minecraft:entity.villager.work_butcher	884
minecraft:sound_event	minecraft:entity.villager.work_cartographer	885
minecraft:sound_event	minecraft:entity.villager.work_cleric	886
minecraft:sound_event	minecraft:entity.villager.work_farmer	887
minecraft:sound_event	minecraft:entity.villager.work_fisherman	888
minecraft:sound_event	minecraft:entity.villager.work_fletcher	889
minecraft:sound_event	minecraft:entity.villager.work_leatherworker	890
minecraft:sound_event	minecraft:entity.villager.work_librarian	891
minecraft:sound_event	minecraft:entity.villager.work_mason	892
minecraft:sound_event	minecraft:entity.villager.work_shepherd	893
minecraft:sound_event	minecraft:entity.villager.work_toolsmith	894
minecraft:sound_event	minecraft:entity.villager.work_weaponsmith	895
minecraft:sound_event	minecraft:entity.villager.yes	882
minecraft:sound_event	minecraft:entity.vindicator.ambient	896
minecraft:sound_event	minecraft:entity.vindicator.celebrate	897
minecraft:sound_event	minecraft:entity.vindicator.death	898
minecraft:sound_event	minecraft:entity.vindicator.hurt	899
minecraft:sound_event	minecraft:entity.wandering_trader.ambient	902
minecraft:sound_event	minecraft:entity.wandering_trader.death	903
minecraft:sound_event	minecraft:entity.wandering_trader.disappeared	904
minecraft:sound_event	minecraft:entity.wandering_trader.drink_milk	905
minecraft:sound_event	minecraft:entity.wandering_trader.drink_potion	906
minecraft:sound_event	minecraft:entity.wandering_trader.hurt	907
minecraft:sound_event	minecraft:entity.wandering_trader.no	908
minecraft:sound_event	minecraft:entity.wandering_trader.reappeared	909
minecraft:sound_event	minecraft:entity.wandering_trader.trade	910
minecraft:sound_event	minecraft:entity.wandering_trader.yes	911
minecraft:sound_event	minecraft:entity.witch.ambient	920
minecraft:sound_event	minecraft:entity.witch.celebrate	921
minecraft:sound_event	minecraft:entity.witch.death	922
minecraft:sound_event	minecraft:entity.witch.drink	923
minecraft:sound_event	minecraft:entity.witch.hurt	924
minecraft:sound_event	minecraft:entity.witch.throw	925
minecraft:sound_event	minecraft:entity.wither.ambient	926
minecraft:sound_event	minecraft:entity.wither.break_block	927
minecraft:sound_event	minecraft:entity.wither.death	928
minecraft:sound_event	minecraft:entity.wither.hurt	929
minecraft:sound_event	minecraft:entity.wither.shoot	930
minecraft:sound_event	minecraft:entity.wither.spawn	935
minecraft:sound_event	minecraft:entity.wither_skeleton.ambient	931
minecraft:sound_event	minecraft:entity.wither_skeleton.death	932
minecraft:sound_event	minecraft:entity.wither_skeleton.hurt	933
minecraft:sound_event	minecraft:entity.wither_skeleton.step	934
minecraft:sound_event	minecraft:entity.wolf.ambient	936
minecraft:sound_event	minecraft:entity.wolf.death	937
minecraft:sound_event	minecraft:entity.wolf.growl	938
minecraft:sound_event	minecraft:entity.wolf.howl	939
minecraft:sound_event	minecraft:entity.wolf.hurt	940
minecraft:sound_event	minecraft:entity.wolf.pant	941
minecraft:sound_event	minecraft:entity.wolf.shake	942
minecraft:sound_event	minecraft:entity.wolf.step	943
minecraft:sound_event	minecraft:entity.wolf.whine	944
minecraft:sound_event	minecraft:entity.zoglin.ambient	963
minecraft:sound_event	minecraft:entity.zoglin.angry	964
minecraft:sound_event	minecraft:entity.zoglin.attack	965
minecraft:sound_event	minecraft:entity.zoglin.death	966
minecraft:sound_event	minecraft:entity.zoglin.hurt	967
minecraft:sound_event	minecraft:entity.zoglin.step	968
minecraft:sound_event	minecraft:entity.zombie.ambient	969
minecraft:sound_event	minecraft:entity.zombie.attack_iron_door	971
minecraft:sound_event	minecraft:entity.zombie.attack_wooden_door	970
minecraft:sound_event	minecraft:entity.zombie.break_wooden_door	972
minecraft:sound_event	minecraft:entity.zombie.converted_to_drowned	973
minecraft:sound_event	minecraft:entity.zombie.death	974
minecraft:sound_event	minecraft:entity.zombie.destroy_egg	975
minecraft:sound_event	minecraft:entity.zombie.hurt	979
minecraft:sound_event	minecraft:entity.zombie.infect	980
minecraft:sound_event	minecraft:entity.zombie.step	985
minecraft:sound_event	minecraft:entity.zombie_horse.ambient	976
minecraft:sound_event	minecraft:entity.zombie_horse.death	977
minecraft:sound_event	minecraft:entity.zombie_horse.hurt	978
minecraft:sound_event	minecraft:entity.zombie_villager.ambient	986
minecraft:sound_event	minecraft:entity.zombie_villager.converted	987
minecraft:sound_event	minecraft:entity.zombie_villager.cure	988
minecraft:sound_event	minecraft:entity.zombie_villager.death	989
minecraft:sound_event	minecraft:entity.zombie_villager.hurt	990
minecraft:sound_event	minecraft:entity.zombie_villager.step	991
minecraft:sound_event	minecraft:entity.zombified_piglin.ambient	981
minecraft:sound_event	minecraft:entity.zombified_piglin.angry	982
minecraft:sound_event	minecraft:entity.zombified_piglin.death	983
minecraft:sound_event	minecraft:entity.zombified_piglin.hurt	984
minecraft:sound_event	minecraft:event.raid.horn	679
minecraft:sound_event	minecraft:item.armor.equip_chain	35
minecraft:sound_event	minecraft:item.armor.equip_diamond	36
minecraft:sound_event	minecraft:item.armor.equip_elytra	37
minecraft:sound_event	minecraft:item.armor.equip_generic	38
minecraft:sound_event	minecraft:item.armor.equip_gold	39
minecraft:sound_event	minecraft:item.armor.equip_iron	40
minecraft:sound_event	minecraft:item.armor.equip_leather	41
minecraft:sound_event	minecraft:item.armor.equip_netherite	42
minecraft:sound_event	minecraft:item.armor.equip_turtle	43
minecraft:sound_event	minecraft:item.axe.strip	51
minecraft:sound_event	minecraft:item.book.page_turn	101
minecraft:sound_event	minecraft:item.book.put	102
minecraft:sound_event	minecraft:item.bottle.empty	104
minecraft:sound_event	minecraft:item.bottle.fill	105
minecraft:sound_event	minecraft:item.bottle.fill_dragonbreath	106
minecraft:sound_event	minecraft:item.bucket.empty	113
minecraft:sound_event	minecraft:item.bucket.empty_fish	114
minecraft:sound_event	minecraft:item.bucket.empty_lava	115
minecraft:sound_event	minecraft:item.bucket.fill	116
minecraft:sound_event	minecraft:item.bucket.fill_fish	117
minecraft:sound_event	minecraft:item.bucket.fill_lava	118
minecraft:sound_event	minecraft:item.chorus_fruit.teleport	144
minecraft:sound_event	minecraft:item.crop.plant	173
minecraft:sound_event	minecraft:item.crossbow.hit	174
minecraft:sound_event	minecraft:item.crossbow.loading_end	175
minecraft:sound_event	minecraft:item.crossbow.loading_middle	176
minecraft:sound_event	minecraft:item.crossbow.loading_start	177
minecraft:sound_event	minecraft:item.crossbow.quick_charge_1	178
minecraft:sound_event	minecraft:item.crossbow.quick_charge_2	179
minecraft:sound_event	minecraft:item.crossbow.quick_charge_3	180
minecraft:sound_event	minecraft:item.crossbow.shoot	181
minecraft:sound_event	minecraft:item.elytra.flying	219
minecraft:sound_event	minecraft:item.firecharge.use	259
minecraft:sound_event	minecraft:item.flintandsteel.use	274
minecraft:sound_event	minecraft:item.hoe.till	338
minecraft:sound_event	minecraft:item.honey_bottle.drink	353
minecraft:sound_event	minecraft:item.lodestone_compass.lock	436
minecraft:sound_event	minecraft:item.nether_wart.plant	494
minecraft:sound_event	minecraft:item.shield.block	722
minecraft:sound_event	minecraft:item.shield.break	723
minecraft:sound_event	minecraft:item.shovel.flatten	729
minecraft:sound_event	minecraft:item.sweet_berries.pick_from_bush	831
minecraft:sound_event	minecraft:item.totem.use	834
minecraft:sound_event	minecraft:item.trident.hit	835
minecraft:sound_event	minecraft:item.trident.hit_ground	836
minecraft:sound_event	minecraft:item.trident.return	837
minecraft:sound_event	minecraft:item.trident.riptide_1	838
minecraft:sound_event	minecraft:item.trident.riptide_2	839
minecraft:sound_event	minecraft:item.trident.riptide_3	840
minecraft:sound_event	minecraft:item.trident.throw	841
minecraft:sound_event	minecraft:item.trident.thunder	842
minecraft:sound_event	minecraft:music.creative	463
minecraft:sound_event	minecraft:music.credits	464
minecraft:sound_event	minecraft:music.dragon	478
minecraft:sound_event	minecraft:music.end	479
minecraft:sound_event	minecraft:music.game	480
minecraft:sound_event	minecraft:music.menu	481
minecraft:sound_event	minecraft:music.nether.basalt_deltas	482
minecraft:sound_event	minecraft:music.nether.crimson_forest	485
minecraft:sound_event	minecraft:music.nether.nether_wastes	483
minecraft:sound_event	minecraft:music.nether.soul_sand_valley	484
minecraft:sound_event	minecraft:music.nether.warped_forest	486
minecraft:sound_event	minecraft:music.under_water	487
minecraft:sound_event	minecraft:music_disc.11	465
minecraft:sound_event	minecraft:music_disc.13	466
minecraft:sound_event	minecraft:music_disc.blocks	467
minecraft:sound_event	minecraft:music_disc.cat	468
minecraft:sound_event	minecraft:music_disc.chirp	469
minecraft:sound_event	minecraft:music_disc.far	470
minecraft:sound_event	minecraft:music_disc.mall	471
minecraft:sound_event	minecraft:music_disc.mellohi	472
minecraft:sound_event	minecraft:music_disc.pigstep	473
minecraft:sound_event	minecraft:music_disc.stal	474
minecraft:sound_event	minecraft:music_disc.strad	475
minecraft:sound_event	minecraft:music_disc.wait	476
minecraft:sound_event	minecraft:music_disc.ward	477
minecraft:sound_event	minecraft:particle.soul_escape	779
minecraft:sound_event	minecraft:ui.button.click	863
minecraft:sound_event	minecraft:ui.cartography_table.take_result	866
minecraft:sound_event	minecraft:ui.loom.select_pattern	864
minecraft:sound_event	minecraft:ui.loom.take_result	865
minecraft:sound_event	minecraft:ui.stonecutter.select_recipe	868
minecraft:sound_event	minecraft:ui.stonecutter.take_result	867
minecraft:sound_event	minecraft:ui.toast.challenge_complete	869
minecraft:sound_event	minecraft:ui.toast.in	870
minecraft:sound_event	minecraft:ui.toast.out	871
minecraft:sound_event	minecraft:weather.rain	913
minecraft:sound_event	minecraft:weather.rain.above	914
minecraft:stat_type	minecraft:broken	3
minecraft:stat_type	minecraft:crafted	1
minecraft:stat_type	minecraft:custom	8
minecraft:stat_type	minecraft:dropped	5
minecraft:stat_type	minecraft:killed	6
minecraft:stat_type	minecraft:killed_by	7
minecraft:stat_type	minecraft:mined	0
minecraft:stat_type	minecraft:picked_up	4
minecraft:stat_type	minecraft:used	2
minecraft:villager_profession	minecraft:armorer	1
minecraft:villager_profession	minecraft:butcher	2
minecraft:villager_profession	minecraft:cartographer	3
minecraft:villager_profession	minecraft:cleric	4
minecraft:villager_profession	minecraft:farmer	5
minecraft:villager_profession	minecraft:fisherman	6
minecraft:villager_profession	minecraft:fletcher	7
minecraft:villager_profession	minecraft:leatherworker	8
minecraft:villager_profession	minecraft:librarian	9
minecraft:villager_profession	minecraft:mason	10
minecraft:villager_profession	minecraft:nitwit	11
minecraft:villager_profession	minecraft:none	0
minecraft:villager_profession	minecraft:shepherd	12
minecraft:villager_profession	minecraft:toolsmith	13
minecraft:villager_profession	minecraft:weaponsmith	14
minecraft:villager_type	minecraft:desert	0
minecraft:villager_type	minecraft:jungle	1
minecraft:villager_type	minecraft:plains	2
minecraft:villager_type	minecraft:savanna	3
minecraft:villager_type	minecraft:snow	4
minecraft:villager_type	minecraft:swamp	5
minecraft:villager_type	minecraft:taiga	6
minecraft:worldgen/biome_source	minecraft:checkerboard	2
minecraft:worldgen/biome_source	minecraft:fixed	0
minecraft:worldgen/biome_source	minecraft:multi_noise	1
minecraft:worldgen/biome_source	minecraft:the_end	4
minecraft:worldgen/biome_source	minecraft:vanilla_layered	3
minecraft:worldgen/block_placer_type	minecraft:column_placer	2
minecraft:worldgen/block_placer_type	minecraft:double_plant_placer	1
minecraft:worldgen/block_placer_type	minecraft:simple_block_placer	0
minecraft:worldgen/block_state_provider_type	minecraft:forest_flower_provider	3
minecraft:worldgen/block_state_provider_type	minecraft:plain_flower_provider	2
minecraft:worldgen/block_state_provider_type	minecraft:rotated_block_provider	4
minecraft:worldgen/block_state_provider_type	minecraft:simple_state_provider	0
minecraft:worldgen/block_state_provider_type	minecraft:weighted_state_provider	1
minecraft:worldgen/carver	minecraft:canyon	2
minecraft:worldgen/carver	minecraft:cave	0
minecraft:worldgen/carver	minecraft:nether_cave	1
minecraft:worldgen/carver	minecraft:underwater_canyon	3
minecraft:worldgen/carver	minecraft:underwater_cave	4
minecraft:worldgen/chunk_generator	minecraft:debug	2
minecraft:worldgen/chunk_generator	minecraft:flat	1
minecraft:worldgen/chunk_generator	minecraft:noise	0
minecraft:worldgen/decorator	minecraft:carving_mask	16
minecraft:worldgen/decorator	minecraft:chance	1
minecraft:worldgen/decorator	minecraft:count	2
minecraft:worldgen/decorator	minecraft:count_extra	5
minecraft:worldgen/decorator	minecraft:count_multilayer	28
minecraft:worldgen/decorator	minecraft:count_noise	3
minecraft:worldgen/decorator	minecraft:count_noise_biased	4
minecraft:worldgen/decorator	minecraft:dark_oak_tree	24
minecraft:worldgen/decorator	minecraft:decorated	27
minecraft:worldgen/decorator	minecraft:depth_average	14
minecraft:worldgen/decorator	minecraft:emerald_ore	19
minecraft:worldgen/decorator	minecraft:end_gateway	23
minecraft:worldgen/decorator	minecraft:end_island	26
minecraft:worldgen/decorator	minecraft:fire	17
minecraft:worldgen/decorator	minecraft:glowstone	22
minecraft:worldgen/decorator	minecraft:heightmap	7
minecraft:worldgen/decorator	minecraft:heightmap_spread_double	8
minecraft:worldgen/decorator	minecraft:heightmap_world_surface	10
minecraft:worldgen/decorator	minecraft:iceberg	25
minecraft:worldgen/decorator	minecraft:lava_lake	20
minecraft:worldgen/decorator	minecraft:magma	18
minecraft:worldgen/decorator	minecraft:nope	0
minecraft:worldgen/decorator	minecraft:range	11
minecraft:worldgen/decorator	minecraft:range_biased	12
minecraft:worldgen/decorator	minecraft:range_very_biased	13
minecraft:worldgen/decorator	minecraft:spread_32_above	15
minecraft:worldgen/decorator	minecraft:square	6
minecraft:worldgen/decorator	minecraft:top_solid_heightmap	9
minecraft:worldgen/decorator	minecraft:water_lake	21
minecraft:worldgen/feature	minecraft:bamboo	36
minecraft:worldgen/feature	minecraft:basalt_columns	41
minecraft:worldgen/feature	minecraft:basalt_pillar	46
minecraft:worldgen/feature	minecraft:block_pile	5
minecraft:worldgen/feature	minecraft:blue_ice	19
minecraft:worldgen/feature	minecraft:bonus_chest	45
minecraft:worldgen/feature	minecraft:chorus_plant	7
minecraft:worldgen/feature	minecraft:coral_claw	33
minecraft:worldgen/feature	minecraft:coral_mushroom	32
minecraft:worldgen/feature	minecraft:coral_tree	31
minecraft:worldgen/feature	minecraft:decorated	51
minecraft:worldgen/feature	minecraft:delta_feature	42
minecraft:worldgen/feature	minecraft:desert_well	10
minecraft:worldgen/feature	minecraft:disk	22
minecraft:worldgen/feature	minecraft:emerald_ore	8
minecraft:worldgen/feature	minecraft:end_gateway	28
minecraft:worldgen/feature	minecraft:end_island	27
minecraft:worldgen/feature	minecraft:end_spike	26
minecraft:worldgen/feature	minecraft:fill_layer	44
minecraft:worldgen/feature	minecraft:flower	2
minecraft:worldgen/feature	minecraft:forest_rock	21
minecraft:worldgen/feature	minecraft:fossil	11
minecraft:worldgen/feature	minecraft:freeze_top_layer	16
minecraft:worldgen/feature	minecraft:glowstone_blob	15
minecraft:worldgen/feature	minecraft:huge_brown_mushroom	13
minecraft:worldgen/feature	minecraft:huge_fungus	37
minecraft:worldgen/feature	minecraft:huge_red_mushroom	12
minecraft:worldgen/feature	minecraft:ice_patch	23
minecraft:worldgen/feature	minecraft:ice_spike	14
minecraft:worldgen/feature	minecraft:iceberg	20
minecraft:worldgen/feature	minecraft:kelp	30
minecraft:worldgen/feature	minecraft:lake	24
minecraft:worldgen/feature	minecraft:monster_room	18
minecraft:worldgen/feature	minecraft:nether_forest_vegetation	38
minecraft:worldgen/feature	minecraft:netherrack_replace_blobs	43
minecraft:worldgen/feature	minecraft:no_bonemeal_flower	3
minecraft:worldgen/feature	minecraft:no_op	0
minecraft:worldgen/feature	minecraft:no_surface_ore	47
minecraft:worldgen/feature	minecraft:ore	25
minecraft:worldgen/feature	minecraft:random_boolean_selector	50
minecraft:worldgen/feature	minecraft:random_patch	4
minecraft:worldgen/feature	minecraft:random_selector	48
minecraft:worldgen/feature	minecraft:sea_pickle	34
minecraft:worldgen/feature	minecraft:seagrass	29
minecraft:worldgen/feature	minecraft:simple_block	35
minecraft:worldgen/feature	minecraft:simple_random_selector	49
minecraft:worldgen/feature	minecraft:spring_feature	6
minecraft:worldgen/feature	minecraft:tree	1
minecraft:worldgen/feature	minecraft:twisting_vines	40
minecraft:worldgen/feature	minecraft:vines	17
minecraft:worldgen/feature	minecraft:void_start_platform	9
minecraft:worldgen/feature	minecraft:weeping_vines	39
minecraft:worldgen/feature_size_type	minecraft:three_layers_feature_size	1
minecraft:worldgen/feature_size_type	minecraft:two_layers_feature_size	0
minecraft:worldgen/foliage_placer_type	minecraft:acacia_foliage_placer	3
minecraft:worldgen/foliage_placer_type	minecraft:blob_foliage_placer	0
minecraft:worldgen/foliage_placer_type	minecraft:bush_foliage_placer	4
minecraft:worldgen/foliage_placer_type	minecraft:dark_oak_foliage_placer	8
minecraft:worldgen/foliage_placer_type	minecraft:fancy_foliage_placer	5
minecraft:worldgen/foliage_placer_type	minecraft:jungle_foliage_placer	6
minecraft:worldgen/foliage_placer_type	minecraft:mega_pine_foliage_placer	7
minecraft:worldgen/foliage_placer_type	minecraft:pine_foliage_placer	2
minecraft:worldgen/foliage_placer_type	minecraft:spruce_foliage_placer	1
minecraft:worldgen/structure_feature	minecraft:bastion_remnant	17
minecraft:worldgen/structure_feature	minecraft:buried_treasure	14
minecraft:worldgen/structure_feature	minecraft:desert_pyramid	4
minecraft:worldgen/structure_feature	minecraft:endcity	13
minecraft:worldgen/structure_feature	minecraft:fortress	12
minecraft:worldgen/structure_feature	minecraft:igloo	5
minecraft:worldgen/structure_feature	minecraft:jungle_pyramid	3
minecraft:worldgen/structure_feature	minecraft:mansion	2
minecraft:worldgen/structure_feature	minecraft:mineshaft	1
minecraft:worldgen/structure_feature	minecraft:monument	10
minecraft:worldgen/structure_feature	minecraft:nether_fossil	16
minecraft:worldgen/structure_feature	minecraft:ocean_ruin	11
minecraft:worldgen/structure_feature	minecraft:pillager_outpost	0
minecraft:worldgen/structure_feature	minecraft:ruined_portal	6
minecraft:worldgen/structure_feature	minecraft:shipwreck	7
minecraft:worldgen/structure_feature	minecraft:stronghold	9
minecraft:worldgen/structure_feature	minecraft:swamp_hut	8
minecraft:worldgen/structure_feature	minecraft:village	15
minecraft:worldgen/structure_piece	minecraft:btp	52
minecraft:worldgen/structure_piece	minecraft:ecp	50
minecraft:worldgen/structure_piece	minecraft:iglu	34
minecraft:worldgen/structure_piece	minecraft:jigsaw	55
minecraft:worldgen/structure_piece	minecraft:mscorridor	0
minecraft:worldgen/structure_piece	minecraft:mscrossing	1
minecraft:worldgen/structure_piece	minecraft:msroom	2
minecraft:worldgen/structure_piece	minecraft:msstairs	3
minecraft:worldgen/structure_piece	minecraft:nebcr	4
minecraft:worldgen/structure_piece	minecraft:nebef	5
minecraft:worldgen/structure_piece	minecraft:nebs	6
minecraft:worldgen/structure_piece	minecraft:neccs	7
minecraft:worldgen/structure_piece	minecraft:nece	9
minecraft:worldgen/structure_piece	minecraft:necsr	14
minecraft:worldgen/structure_piece	minecraft:nectb	8
minecraft:worldgen/structure_piece	minecraft:nefos	54
minecraft:worldgen/structure_piece	minecraft:nemt	15
minecraft:worldgen/structure_piece	minecraft:nerc	16
minecraft:worldgen/structure_piece	minecraft:nesc	12
minecraft:worldgen/structure_piece	minecraft:nesclt	11
minecraft:worldgen/structure_piece	minecraft:nescrt	13
minecraft:worldgen/structure_piece	minecraft:nescsc	10
minecraft:worldgen/structure_piece	minecraft:nesr	17
minecraft:worldgen/structure_piece	minecraft:nestart	18
minecraft:worldgen/structure_piece	minecraft:omb	38
minecraft:worldgen/structure_piece	minecraft:omcr	39
minecraft:worldgen/structure_piece	minecraft:omdxr	40
minecraft:worldgen/structure_piece	minecraft:omdxyr	41
minecraft:worldgen/structure_piece	minecraft:omdyr	42
minecraft:worldgen/structure_piece	minecraft:omdyzr	43
minecraft:worldgen/structure_piece	minecraft:omdzr	44
minecraft:worldgen/structure_piece	minecraft:omentry	45
minecraft:worldgen/structure_piece	minecraft:ompenthouse	46
minecraft:worldgen/structure_piece	minecraft:omsimple	47
minecraft:worldgen/structure_piece	minecraft:omsimplet	48
minecraft:worldgen/structure_piece	minecraft:omwr	49
minecraft:worldgen/structure_piece	minecraft:orp	33
minecraft:worldgen/structure_piece	minecraft:rupo	35
minecraft:worldgen/structure_piece	minecraft:sh5c	21
minecraft:worldgen/structure_piece	minecraft:shcc	19
minecraft:worldgen/structure_piece	minecraft:shfc	20
minecraft:worldgen/structure_piece	minecraft:shipwreck	53
minecraft:worldgen/structure_piece	minecraft:shli	23
minecraft:worldgen/structure_piece	minecraft:shlt	22
minecraft:worldgen/structure_piece	minecraft:shph	25
minecraft:worldgen/structure_piece	minecraft:shpr	24
minecraft:worldgen/structure_piece	minecraft:shrc	27
minecraft:worldgen/structure_piece	minecraft:shrt	26
minecraft:worldgen/structure_piece	minecraft:shs	30
minecraft:worldgen/structure_piece	minecraft:shsd	28
minecraft:worldgen/structure_piece	minecraft:shssd	31
minecraft:worldgen/structure_piece	minecraft:shstart	29
minecraft:worldgen/structure_piece	minecraft:tedp	37
minecraft:worldgen/structure_piece	minecraft:tejp	32
minecraft:worldgen/structure_piece	minecraft:tesh	36
minecraft:worldgen/structure_piece	minecraft:wmp	51
minecraft:worldgen/structure_pool_element	minecraft:empty_pool_element	3
minecraft:worldgen/structure_pool_element	minecraft:feature_pool_element	2
minecraft:worldgen/structure_pool_element	minecraft:legacy_single_pool_element	4
minecraft:worldgen/structure_pool_element	minecraft:list_pool_element	1
minecraft:worldgen/structure_pool_element	minecraft:single_pool_element	0
minecraft:worldgen/structure_processor	minecraft:blackstone_replace	7
minecraft:worldgen/structure_processor	minecraft:block_age	6
minecraft:worldgen/structure_processor	minecraft:block_ignore	0
minecraft:worldgen/structure_processor	minecraft:block_rot	1
minecraft:worldgen/structure_processor	minecraft:gravity	2
minecraft:worldgen/structure_processor	minecraft:jigsaw_replacement	3
minecraft:worldgen/structure_processor	minecraft:lava_submerged_block	8
minecraft:worldgen/structure_processor	minecraft:nop	5
minecraft:worldgen/structure_processor	minecraft:rule	4
minecraft:worldgen/surface_builder	minecraft:badlands	6
minecraft:worldgen/surface_builder	minecraft:basalt_deltas	13
minecraft:worldgen/surface_builder	minecraft:default	0
minecraft:worldgen/surface_builder	minecraft:eroded_badlands	8
minecraft:worldgen/surface_builder	minecraft:frozen_ocean	9
minecraft:worldgen/surface_builder	minecraft:giant_tree_taiga	4
minecraft:worldgen/surface_builder	minecraft:gravelly_mountain	3
minecraft:worldgen/surface_builder	minecraft:mountain	1
minecraft:worldgen/surface_builder	minecraft:nether	10
minecraft:worldgen/surface_builder	minecraft:nether_forest	11
minecraft:worldgen/surface_builder	minecraft:nope	14
minecraft:worldgen/surface_builder	minecraft:shattered_savanna	2
minecraft:worldgen/surface_builder	minecraft:soul_sand_valley	12
minecraft:worldgen/surface_builder	minecraft:swamp	5
minecraft:worldgen/surface_builder	minecraft:wooded_badlands	7
minecraft:worldgen/tree_decorator_type	minecraft:alter_ground	4
minecraft:worldgen/tree_decorator_type	minecraft:beehive	3
minecraft:worldgen/tree_decorator_type	minecraft:cocoa	2
minecraft:worldgen/tree_decorator_type	minecraft:leave_vine	1
minecraft:worldgen/tree_decorator_type	minecraft:trunk_vine	0
minecraft:worldgen/trunk_placer_type	minecraft:dark_oak_trunk_placer	4
minecraft:worldgen/trunk_placer_type	minecraft:fancy_trunk_placer	5
minecraft:worldgen/trunk_placer_type	minecraft:forking_trunk_placer	1
minecraft:worldgen/trunk_placer_type	minecraft:giant_trunk_placer	2
minecraft:worldgen/trunk_placer_type	minecraft:mega_jungle_trunk_placer	3
minecraft:worldgen/trunk_placer_type	minecraft:straight_trunk_placer	0
