registry_id	entry_id	entry_protocol_id
minecraft:activity	minecraft:admire_item	12
minecraft:activity	minecraft:avoid	13
minecraft:activity	minecraft:celebrate	11
minecraft:activity	minecraft:core	0
minecraft:activity	minecraft:fight	10
minecraft:activity	minecraft:hide	9
minecraft:activity	minecraft:idle	1
minecraft:activity	minecraft:long_jump	16
minecraft:activity	minecraft:meet	5
minecraft:activity	minecraft:panic	6
minecraft:activity	minecraft:play	3
minecraft:activity	minecraft:play_dead	15
minecraft:activity	minecraft:pre_raid	8
minecraft:activity	minecraft:raid	7
minecraft:activity	minecraft:ram	17
minecraft:activity	minecraft:rest	4
minecraft:activity	minecraft:ride	14
minecraft:activity	minecraft:work	2
minecraft:attribute	minecraft:generic.armor	8
minecraft:attribute	minecraft:generic.armor_toughness	9
minecraft:attribute	minecraft:generic.attack_damage	5
minecraft:attribute	minecraft:generic.attack_knockback	6
minecraft:attribute	minecraft:generic.attack_speed	7
minecraft:attribute	minecraft:generic.flying_speed	4
minecraft:attribute	minecraft:generic.follow_range	1
minecraft:attribute	minecraft:generic.knockback_resistance	2
minecraft:attribute	minecraft:generic.luck	10
minecraft:attribute	minecraft:generic.max_health	0
minecraft:attribute	minecraft:generic.movement_speed	3
minecraft:attribute	minecraft:horse.jump_strength	12
minecraft:attribute	minecraft:zombie.spawn_reinforcements	11
minecraft:block	minecraft:acacia_button	325
minecraft:block	minecraft:acacia_door	502
minecraft:block	minecraft:acacia_fence	497
minecraft:block	minecraft:acacia_fence_gate	492
minecraft:block	minecraft:acacia_leaves	66
minecraft:block	minecraft:acacia_log	42
minecraft:block	minecraft:acacia_planks	17
minecraft:block	minecraft:acacia_pressure_plate	185
minecraft:block	minecraft:acacia_sapling	23
minecraft:block	minecraft:acacia_sign	165
minecraft:block	minecraft:acacia_slab	470
minecraft:block	minecraft:acacia_stairs	388
minecraft:block	minecraft:acacia_trapdoor	234
minecraft:block	minecraft:acacia_wall_sign	175
minecraft:block	minecraft:acacia_wood	54
minecraft:block	minecraft:activator_rail	354
minecraft:block	minecraft:air	0
minecraft:block	minecraft:allium	128
minecraft:block	minecraft:amethyst_block	811
minecraft:block	minecraft:amethyst_cluster	813
minecraft:block	minecraft:ancient_debris	749
minecraft:block	minecraft:andesite	6
minecraft:block	minecraft:andesite_slab	664
minecraft:block	minecraft:andesite_stairs	651
minecraft:block	minecraft:andesite_wall	675
minecraft:block	minecraft:anvil	339
minecraft:block	minecraft:attached_melon_stem	254
minecraft:block	minecraft:attached_pumpkin_stem	253
minecraft:block	minecraft:azalea	862
minecraft:block	minecraft:azalea_leaves	68
minecraft:block	minecraft:azure_bluet	129
minecraft:block	minecraft:bamboo	636
minecraft:block	minecraft:bamboo_sapling	635
minecraft:block	minecraft:barrel	682
minecraft:block	minecraft:barrier	391
minecraft:block	minecraft:basalt	204
minecraft:block	minecraft:beacon	291
minecraft:block	minecraft:bedrock	25
minecraft:block	minecraft:bee_nest	744
minecraft:block	minecraft:beehive	745
minecraft:block	minecraft:beetroots	511
minecraft:block	minecraft:bell	691
minecraft:block	minecraft:big_dripleaf	866
minecraft:block	minecraft:big_dripleaf_stem	867
minecraft:block	minecraft:birch_button	323
minecraft:block	minecraft:birch_door	500
minecraft:block	minecraft:birch_fence	495
minecraft:block	minecraft:birch_fence_gate	490
minecraft:block	minecraft:birch_leaves	64
minecraft:block	minecraft:birch_log	40
minecraft:block	minecraft:birch_planks	15
minecraft:block	minecraft:birch_pressure_plate	183
minecraft:block	minecraft:birch_sapling	21
minecraft:block	minecraft:birch_sign	164
minecraft:block	minecraft:birch_slab	468
minecraft:block	minecraft:birch_stairs	288
minecraft:block	minecraft:birch_trapdoor	232
minecraft:block	minecraft:birch_wall_sign	174
minecraft:block	minecraft:birch_wood	52
minecraft:block	minecraft:black_banner	445
minecraft:block	minecraft:black_bed	96
minecraft:block	minecraft:black_candle	793
minecraft:block	minecraft:black_candle_cake	810
minecraft:block	minecraft:black_carpet	420
minecraft:block	minecraft:black_concrete	571
minecraft:block	minecraft:black_concrete_powder	587
minecraft:block	minecraft:black_glazed_terracotta	555
minecraft:block	minecraft:black_shulker_box	539
minecraft:block	minecraft:black_stained_glass	229
minecraft:block	minecraft:black_stained_glass_pane	387
minecraft:block	minecraft:black_terracotta	371
minecraft:block	minecraft:black_wall_banner	461
minecraft:block	minecraft:black_wool	123
minecraft:block	minecraft:blackstone	757
minecraft:block	minecraft:blackstone_slab	760
minecraft:block	minecraft:blackstone_stairs	758
minecraft:block	minecraft:blackstone_wall	759
minecraft:block	minecraft:blast_furnace	684
minecraft:block	minecraft:blue_banner	441
minecraft:block	minecraft:blue_bed	92
minecraft:block	minecraft:blue_candle	789
minecraft:block	minecraft:blue_candle_cake	806
minecraft:block	minecraft:blue_carpet	416
minecraft:block	minecraft:blue_concrete	567
minecraft:block	minecraft:blue_concrete_powder	583
minecraft:block	minecraft:blue_glazed_terracotta	551
minecraft:block	minecraft:blue_ice	633
minecraft:block	minecraft:blue_orchid	127
minecraft:block	minecraft:blue_shulker_box	535
minecraft:block	minecraft:blue_stained_glass	225
minecraft:block	minecraft:blue_stained_glass_pane	383
minecraft:block	minecraft:blue_terracotta	367
minecraft:block	minecraft:blue_wall_banner	457
minecraft:block	minecraft:blue_wool	119
minecraft:block	minecraft:bone_block	520
minecraft:block	minecraft:bookshelf	144
minecraft:block	minecraft:brain_coral	608
minecraft:block	minecraft:brain_coral_block	598
minecraft:block	minecraft:brain_coral_fan	618
minecraft:block	minecraft:brain_coral_wall_fan	628
minecraft:block	minecraft:brewing_stand	269
minecraft:block	minecraft:brick_slab	478
minecraft:block	minecraft:brick_stairs	260
minecraft:block	minecraft:brick_wall	668
minecraft:block	minecraft:bricks	142
minecraft:block	minecraft:brown_banner	442
minecraft:block	minecraft:brown_bed	93
minecraft:block	minecraft:brown_candle	790
minecraft:block	minecraft:brown_candle_cake	807
minecraft:block	minecraft:brown_carpet	417
minecraft:block	minecraft:brown_concrete	568
minecraft:block	minecraft:brown_concrete_powder	584
minecraft:block	minecraft:brown_glazed_terracotta	552
minecraft:block	minecraft:brown_mushroom	138
minecraft:block	minecraft:brown_mushroom_block	246
minecraft:block	minecraft:brown_shulker_box	536
minecraft:block	minecraft:brown_stained_glass	226
minecraft:block	minecraft:brown_stained_glass_pane	384
minecraft:block	minecraft:brown_terracotta	368
minecraft:block	minecraft:brown_wall_banner	458
minecraft:block	minecraft:brown_wool	120
minecraft:block	minecraft:bubble_column	640
minecraft:block	minecraft:bubble_coral	609
minecraft:block	minecraft:bubble_coral_block	599
minecraft:block	minecraft:bubble_coral_fan	619
minecraft:block	minecraft:bubble_coral_wall_fan	629
minecraft:block	minecraft:budding_amethyst	812
minecraft:block	minecraft:cactus	195
minecraft:block	minecraft:cake	212
minecraft:block	minecraft:calcite	818
minecraft:block	minecraft:campfire	694
minecraft:block	minecraft:candle	777
minecraft:block	minecraft:candle_cake	794
minecraft:block	minecraft:carrots	319
minecraft:block	minecraft:cartography_table	685
minecraft:block	minecraft:carved_pumpkin	210
minecraft:block	minecraft:cauldron	270
minecraft:block	minecraft:cave_air	639
minecraft:block	minecraft:cave_vines	859
minecraft:block	minecraft:cave_vines_plant	860
minecraft:block	minecraft:chain	250
minecraft:block	minecraft:chain_command_block	515
minecraft:block	minecraft:chest	153
minecraft:block	minecraft:chipped_anvil	340
minecraft:block	minecraft:chiseled_deepslate	888
minecraft:block	minecraft:chiseled_nether_bricks	774
minecraft:block	minecraft:chiseled_polished_blackstone	764
minecraft:block	minecraft:chiseled_quartz_block	351
minecraft:block	minecraft:chiseled_red_sandstone	463
minecraft:block	minecraft:chiseled_sandstone	78
minecraft:block	minecraft:chiseled_stone_bricks	239
minecraft:block	minecraft:chorus_flower	506
minecraft:block	minecraft:chorus_plant	505
minecraft:block	minecraft:clay	196
minecraft:block	minecraft:coal_block	422
minecraft:block	minecraft:coal_ore	35
minecraft:block	minecraft:coarse_dirt	10
minecraft:block	minecraft:cobbled_deepslate	872
minecraft:block	minecraft:cobbled_deepslate_slab	874
minecraft:block	minecraft:cobbled_deepslate_stairs	873
minecraft:block	minecraft:cobbled_deepslate_wall	875
minecraft:block	minecraft:cobblestone	12
minecraft:block	minecraft:cobblestone_slab	477
minecraft:block	minecraft:cobblestone_stairs	171
minecraft:block	minecraft:cobblestone_wall	292
minecraft:block	minecraft:cobweb	100
minecraft:block	minecraft:cocoa	279
minecraft:block	minecraft:command_block	290
minecraft:block	minecraft:comparator	345
minecraft:block	minecraft:composter	742
minecraft:block	minecraft:conduit	634
minecraft:block	minecraft:copper_block	825
minecraft:block	minecraft:copper_ore	826
minecraft:block	minecraft:cornflower	135
minecraft:block	minecraft:cracked_deepslate_bricks	889
minecraft:block	minecraft:cracked_deepslate_tiles	890
minecraft:block	minecraft:cracked_nether_bricks	775
minecraft:block	minecraft:cracked_polished_blackstone_bricks	763
minecraft:block	minecraft:cracked_stone_bricks	238
minecraft:block	minecraft:crafting_table	158
minecraft:block	minecraft:creeper_head	335
minecraft:block	minecraft:creeper_wall_head	336
minecraft:block	minecraft:crimson_button	732
minecraft:block	minecraft:crimson_door	734
minecraft:block	minecraft:crimson_fence	724
minecraft:block	minecraft:crimson_fence_gate	728
minecraft:block	minecraft:crimson_fungus	711
minecraft:block	minecraft:crimson_hyphae	708
minecraft:block	minecraft:crimson_nylium	710
minecraft:block	minecraft:crimson_planks	718
minecraft:block	minecraft:crimson_pressure_plate	722
minecraft:block	minecraft:crimson_roots	717
minecraft:block	minecraft:crimson_sign	736
minecraft:block	minecraft:crimson_slab	720
minecraft:block	minecraft:crimson_stairs	730
minecraft:block	minecraft:crimson_stem	706
minecraft:block	minecraft:crimson_trapdoor	726
minecraft:block	minecraft:crimson_wall_sign	738
minecraft:block	minecraft:crying_obsidian	750
minecraft:block	minecraft:cut_copper	831
minecraft:block	minecraft:cut_copper_slab	839
minecraft:block	minecraft:cut_copper_stairs	835
minecraft:block	minecraft:cut_red_sandstone	464
minecraft:block	minecraft:cut_red_sandstone_slab	483
minecraft:block	minecraft:cut_sandstone	79
minecraft:block	minecraft:cut_sandstone_slab	475
minecraft:block	minecraft:cyan_banner	439
minecraft:block	minecraft:cyan_bed	90
minecraft:block	minecraft:cyan_candle	787
minecraft:block	minecraft:cyan_candle_cake	804
minecraft:block	minecraft:cyan_carpet	414
minecraft:block	minecraft:cyan_concrete	565
minecraft:block	minecraft:cyan_concrete_powder	581
minecraft:block	minecraft:cyan_glazed_terracotta	549
minecraft:block	minecraft:cyan_shulker_box	533
minecraft:block	minecraft:cyan_stained_glass	223
minecraft:block	minecraft:cyan_stained_glass_pane	381
minecraft:block	minecraft:cyan_terracotta	365
minecraft:block	minecraft:cyan_wall_banner	455
minecraft:block	minecraft:cyan_wool	117
minecraft:block	minecraft:damaged_anvil	341
minecraft:block	minecraft:dandelion	125
minecraft:block	minecraft:dark_oak_button	326
minecraft:block	minecraft:dark_oak_door	503
minecraft:block	minecraft:dark_oak_fence	498
minecraft:block	minecraft:dark_oak_fence_gate	493
minecraft:block	minecraft:dark_oak_leaves	67
minecraft:block	minecraft:dark_oak_log	43
minecraft:block	minecraft:dark_oak_planks	18
minecraft:block	minecraft:dark_oak_pressure_plate	186
minecraft:block	minecraft:dark_oak_sapling	24
minecraft:block	minecraft:dark_oak_sign	167
minecraft:block	minecraft:dark_oak_slab	471
minecraft:block	minecraft:dark_oak_stairs	389
minecraft:block	minecraft:dark_oak_trapdoor	235
minecraft:block	minecraft:dark_oak_wall_sign	177
minecraft:block	minecraft:dark_oak_wood	55
minecraft:block	minecraft:dark_prismarine	396
minecraft:block	minecraft:dark_prismarine_slab	402
minecraft:block	minecraft:dark_prismarine_stairs	399
minecraft:block	minecraft:daylight_detector	346
minecraft:block	minecraft:dead_brain_coral	603
minecraft:block	minecraft:dead_brain_coral_block	593
minecraft:block	minecraft:dead_brain_coral_fan	613
minecraft:block	minecraft:dead_brain_coral_wall_fan	623
minecraft:block	minecraft:dead_bubble_coral	604
minecraft:block	minecraft:dead_bubble_coral_block	594
minecraft:block	minecraft:dead_bubble_coral_fan	614
minecraft:block	minecraft:dead_bubble_coral_wall_fan	624
minecraft:block	minecraft:dead_bush	103
minecraft:block	minecraft:dead_fire_coral	605
minecraft:block	minecraft:dead_fire_coral_block	595
minecraft:block	minecraft:dead_fire_coral_fan	615
minecraft:block	minecraft:dead_fire_coral_wall_fan	625
minecraft:block	minecraft:dead_horn_coral	606
minecraft:block	minecraft:dead_horn_coral_block	596
minecraft:block	minecraft:dead_horn_coral_fan	616
minecraft:block	minecraft:dead_horn_coral_wall_fan	626
minecraft:block	minecraft:dead_tube_coral	602
minecraft:block	minecraft:dead_tube_coral_block	592
minecraft:block	minecraft:dead_tube_coral_fan	612
minecraft:block	minecraft:dead_tube_coral_wall_fan	622
minecraft:block	minecraft:deepslate	871
minecraft:block	minecraft:deepslate_brick_slab	886
minecraft:block	minecraft:deepslate_brick_stairs	885
minecraft:block	minecraft:deepslate_brick_wall	887
minecraft:block	minecraft:deepslate_bricks	884
minecraft:block	minecraft:deepslate_coal_ore	36
minecraft:block	minecraft:deepslate_copper_ore	827
minecraft:block	minecraft:deepslate_diamond_ore	156
minecraft:block	minecraft:deepslate_emerald_ore	282
minecraft:block	minecraft:deepslate_gold_ore	32
minecraft:block	minecraft:deepslate_iron_ore	34
minecraft:block	minecraft:deepslate_lapis_ore	74
minecraft:block	minecraft:deepslate_redstone_ore	188
minecraft:block	minecraft:deepslate_tile_slab	882
minecraft:block	minecraft:deepslate_tile_stairs	881
minecraft:block	minecraft:deepslate_tile_wall	883
minecraft:block	minecraft:deepslate_tiles	880
minecraft:block	minecraft:detector_rail	98
minecraft:block	minecraft:diamond_block	157
minecraft:block	minecraft:diamond_ore	155
minecraft:block	minecraft:diorite	4
minecraft:block	minecraft:diorite_slab	667
minecraft:block	minecraft:diorite_stairs	654
minecraft:block	minecraft:diorite_wall	679
minecraft:block	minecraft:dirt	9
minecraft:block	minecraft:dirt_path	512
minecraft:block	minecraft:dispenser	76
minecraft:block	minecraft:dragon_egg	277
minecraft:block	minecraft:dragon_head	337
minecraft:block	minecraft:dragon_wall_head	338
minecraft:block	minecraft:dried_kelp_block	590
minecraft:block	minecraft:dripstone_block	858
minecraft:block	minecraft:dropper	355
minecraft:block	minecraft:emerald_block	286
minecraft:block	minecraft:emerald_ore	281
minecraft:block	minecraft:enchanting_table	268
minecraft:block	minecraft:end_gateway	513
minecraft:block	minecraft:end_portal	274
minecraft:block	minecraft:end_portal_frame	275
minecraft:block	minecraft:end_rod	504
minecraft:block	minecraft:end_stone	276
minecraft:block	minecraft:end_stone_brick_slab	660
minecraft:block	minecraft:end_stone_brick_stairs	646
minecraft:block	minecraft:end_stone_brick_wall	678
minecraft:block	minecraft:end_stone_bricks	510
minecraft:block	minecraft:ender_chest	283
minecraft:block	minecraft:exposed_copper	824
minecraft:block	minecraft:exposed_cut_copper	830
minecraft:block	minecraft:exposed_cut_copper_slab	838
minecraft:block	minecraft:exposed_cut_copper_stairs	834
minecraft:block	minecraft:farmland	160
minecraft:block	minecraft:fern	102
minecraft:block	minecraft:fire	149
minecraft:block	minecraft:fire_coral	610
minecraft:block	minecraft:fire_coral_block	600
minecraft:block	minecraft:fire_coral_fan	620
minecraft:block	minecraft:fire_coral_wall_fan	630
minecraft:block	minecraft:fletching_table	686
minecraft:block	minecraft:flower_pot	294
minecraft:block	minecraft:flowering_azalea	863
minecraft:block	minecraft:flowering_azalea_leaves	69
minecraft:block	minecraft:frosted_ice	516
minecraft:block	minecraft:furnace	161
minecraft:block	minecraft:gilded_blackstone	768
minecraft:block	minecraft:glass	72
minecraft:block	minecraft:glass_pane	251
minecraft:block	minecraft:glow_lichen	258
minecraft:block	minecraft:glowstone	208
minecraft:block	minecraft:gold_block	140
minecraft:block	minecraft:gold_ore	31
minecraft:block	minecraft:granite	2
minecraft:block	minecraft:granite_slab	663
minecraft:block	minecraft:granite_stairs	650
minecraft:block	minecraft:granite_wall	672
minecraft:block	minecraft:grass	101
minecraft:block	minecraft:grass_block	8
minecraft:block	minecraft:gravel	30
minecraft:block	minecraft:gray_banner	437
minecraft:block	minecraft:gray_bed	88
minecraft:block	minecraft:gray_candle	785
minecraft:block	minecraft:gray_candle_cake	802
minecraft:block	minecraft:gray_carpet	412
minecraft:block	minecraft:gray_concrete	563
minecraft:block	minecraft:gray_concrete_powder	579
minecraft:block	minecraft:gray_glazed_terracotta	547
minecraft:block	minecraft:gray_shulker_box	531
minecraft:block	minecraft:gray_stained_glass	221
minecraft:block	minecraft:gray_stained_glass_pane	379
minecraft:block	minecraft:gray_terracotta	363
minecraft:block	minecraft:gray_wall_banner	453
minecraft:block	minecraft:gray_wool	115
minecraft:block	minecraft:green_banner	443
minecraft:block	minecraft:green_bed	94
minecraft:block	minecraft:green_candle	791
minecraft:block	minecraft:green_candle_cake	808
minecraft:block	minecraft:green_carpet	418
minecraft:block	minecraft:green_concrete	569
minecraft:block	minecraft:green_concrete_powder	585
minecraft:block	minecraft:green_glazed_terracotta	553
minecraft:block	minecraft:green_shulker_box	537
minecraft:block	minecraft:green_stained_glass	227
minecraft:block	minecraft:green_stained_glass_pane	385
minecraft:block	minecraft:green_terracotta	369
minecraft:block	minecraft:green_wall_banner	459
minecraft:block	minecraft:green_wool	121
minecraft:block	minecraft:grindstone	687
minecraft:block	minecraft:hanging_roots	869
minecraft:block	minecraft:hay_block	404
minecraft:block	minecraft:heavy_weighted_pressure_plate	344
minecraft:block	minecraft:honey_block	746
minecraft:block	minecraft:honeycomb_block	747
minecraft:block	minecraft:hopper	349
minecraft:block	minecraft:horn_coral	611
minecraft:block	minecraft:horn_coral_block	601
minecraft:block	minecraft:horn_coral_fan	621
minecraft:block	minecraft:horn_coral_wall_fan	631
minecraft:block	minecraft:ice	193
minecraft:block	minecraft:infested_chiseled_stone_bricks	245
minecraft:block	minecraft:infested_cobblestone	241
minecraft:block	minecraft:infested_cracked_stone_bricks	244
minecraft:block	minecraft:infested_deepslate	891
minecraft:block	minecraft:infested_mossy_stone_bricks	243
minecraft:block	minecraft:infested_stone	240
minecraft:block	minecraft:infested_stone_bricks	242
minecraft:block	minecraft:iron_bars	249
minecraft:block	minecraft:iron_block	141
minecraft:block	minecraft:iron_door	180
minecraft:block	minecraft:iron_ore	33
minecraft:block	minecraft:iron_trapdoor	393
minecraft:block	minecraft:jack_o_lantern	211
minecraft:block	minecraft:jigsaw	741
minecraft:block	minecraft:jukebox	198
minecraft:block	minecraft:jungle_button	324
minecraft:block	minecraft:jungle_door	501
minecraft:block	minecraft:jungle_fence	496
minecraft:block	minecraft:jungle_fence_gate	491
minecraft:block	minecraft:jungle_leaves	65
minecraft:block	minecraft:jungle_log	41
minecraft:block	minecraft:jungle_planks	16
minecraft:block	minecraft:jungle_pressure_plate	184
minecraft:block	minecraft:jungle_sapling	22
minecraft:block	minecraft:jungle_sign	166
minecraft:block	minecraft:jungle_slab	469
minecraft:block	minecraft:jungle_stairs	289
minecraft:block	minecraft:jungle_trapdoor	233
minecraft:block	minecraft:jungle_wall_sign	176
minecraft:block	minecraft:jungle_wood	53
minecraft:block	minecraft:kelp	588
minecraft:block	minecraft:kelp_plant	589
minecraft:block	minecraft:ladder	169
minecraft:block	minecraft:lantern	692
minecraft:block	minecraft:lapis_block	75
minecraft:block	minecraft:lapis_ore	73
minecraft:block	minecraft:large_amethyst_bud	814
minecraft:block	minecraft:large_fern	429
minecraft:block	minecraft:lava	27
minecraft:block	minecraft:lava_cauldron	272
minecraft:block	minecraft:lectern	688
minecraft:block	minecraft:lever	178
minecraft:block	minecraft:light	392
minecraft:block	minecraft:light_blue_banner	433
minecraft:block	minecraft:light_blue_bed	84
minecraft:block	minecraft:light_blue_candle	781
minecraft:block	minecraft:light_blue_candle_cake	798
minecraft:block	minecraft:light_blue_carpet	408
minecraft:block	minecraft:light_blue_concrete	559
minecraft:block	minecraft:light_blue_concrete_powder	575
minecraft:block	minecraft:light_blue_glazed_terracotta	543
minecraft:block	minecraft:light_blue_shulker_box	527
minecraft:block	minecraft:light_blue_stained_glass	217
minecraft:block	minecraft:light_blue_stained_glass_pane	375
minecraft:block	minecraft:light_blue_terracotta	359
minecraft:block	minecraft:light_blue_wall_banner	449
minecraft:block	minecraft:light_blue_wool	111
minecraft:block	minecraft:light_gray_banner	438
minecraft:block	minecraft:light_gray_bed	89
minecraft:block	minecraft:light_gray_candle	786
minecraft:block	minecraft:light_gray_candle_cake	803
minecraft:block	minecraft:light_gray_carpet	413
minecraft:block	minecraft:light_gray_concrete	564
minecraft:block	minecraft:light_gray_concrete_powder	580
minecraft:block	minecraft:light_gray_glazed_terracotta	548
minecraft:block	minecraft:light_gray_shulker_box	532
minecraft:block	minecraft:light_gray_stained_glass	222
minecraft:block	minecraft:light_gray_stained_glass_pane	380
minecraft:block	minecraft:light_gray_terracotta	364
minecraft:block	minecraft:light_gray_wall_banner	454
minecraft:block	minecraft:light_gray_wool	116
minecraft:block	minecraft:light_weighted_pressure_plate	343
minecraft:block	minecraft:lightning_rod	856
minecraft:block	minecraft:lilac	425
minecraft:block	minecraft:lily_of_the_valley	137
minecraft:block	minecraft:lily_pad	263
minecraft:block	minecraft:lime_banner	435
minecraft:block	minecraft:lime_bed	86
minecraft:block	minecraft:lime_candle	783
minecraft:block	minecraft:lime_candle_cake	800
minecraft:block	minecraft:lime_carpet	410
minecraft:block	minecraft:lime_concrete	561
minecraft:block	minecraft:lime_concrete_powder	577
minecraft:block	minecraft:lime_glazed_terracotta	545
minecraft:block	minecraft:lime_shulker_box	529
minecraft:block	minecraft:lime_stained_glass	219
minecraft:block	minecraft:lime_stained_glass_pane	377
minecraft:block	minecraft:lime_terracotta	361
minecraft:block	minecraft:lime_wall_banner	451
minecraft:block	minecraft:lime_wool	113
minecraft:block	minecraft:lodestone	756
minecraft:block	minecraft:loom	681
minecraft:block	minecraft:magenta_banner	432
minecraft:block	minecraft:magenta_bed	83
minecraft:block	minecraft:magenta_candle	780
minecraft:block	minecraft:magenta_candle_cake	797
minecraft:block	minecraft:magenta_carpet	407
minecraft:block	minecraft:magenta_concrete	558
minecraft:block	minecraft:magenta_concrete_powder	574
minecraft:block	minecraft:magenta_glazed_terracotta	542
minecraft:block	minecraft:magenta_shulker_box	526
minecraft:block	minecraft:magenta_stained_glass	216
minecraft:block	minecraft:magenta_stained_glass_pane	374
minecraft:block	minecraft:magenta_terracotta	358
minecraft:block	minecraft:magenta_wall_banner	448
minecraft:block	minecraft:magenta_wool	110
minecraft:block	minecraft:magma_block	517
minecraft:block	minecraft:medium_amethyst_bud	815
minecraft:block	minecraft:melon	252
minecraft:block	minecraft:melon_stem	256
minecraft:block	minecraft:moss_block	865
minecraft:block	minecraft:moss_carpet	864
minecraft:block	minecraft:mossy_cobblestone	145
minecraft:block	minecraft:mossy_cobblestone_slab	659
minecraft:block	minecraft:mossy_cobblestone_stairs	645
minecraft:block	minecraft:mossy_cobblestone_wall	293
minecraft:block	minecraft:mossy_stone_brick_slab	657
minecraft:block	minecraft:mossy_stone_brick_stairs	643
minecraft:block	minecraft:mossy_stone_brick_wall	671
minecraft:block	minecraft:mossy_stone_bricks	237
minecraft:block	minecraft:moving_piston	124
minecraft:block	minecraft:mushroom_stem	248
minecraft:block	minecraft:mycelium	262
minecraft:block	minecraft:nether_brick_fence	265
minecraft:block	minecraft:nether_brick_slab	480
minecraft:block	minecraft:nether_brick_stairs	266
minecraft:block	minecraft:nether_brick_wall	674
minecraft:block	minecraft:nether_bricks	264
minecraft:block	minecraft:nether_gold_ore	37
minecraft:block	minecraft:nether_portal	209
minecraft:block	minecraft:nether_quartz_ore	348
minecraft:block	minecraft:nether_sprouts	705
minecraft:block	minecraft:nether_wart	267
minecraft:block	minecraft:nether_wart_block	518
minecraft:block	minecraft:netherite_block	748
minecraft:block	minecraft:netherrack	201
minecraft:block	minecraft:note_block	80
minecraft:block	minecraft:oak_button	321
minecraft:block	minecraft:oak_door	168
minecraft:block	minecraft:oak_fence	199
minecraft:block	minecraft:oak_fence_gate	259
minecraft:block	minecraft:oak_leaves	62
minecraft:block	minecraft:oak_log	38
minecraft:block	minecraft:oak_planks	13
minecraft:block	minecraft:oak_pressure_plate	181
minecraft:block	minecraft:oak_sapling	19
minecraft:block	minecraft:oak_sign	162
minecraft:block	minecraft:oak_slab	466
minecraft:block	minecraft:oak_stairs	152
minecraft:block	minecraft:oak_trapdoor	230
minecraft:block	minecraft:oak_wall_sign	172
minecraft:block	minecraft:oak_wood	50
minecraft:block	minecraft:observer	522
minecraft:block	minecraft:obsidian	146
minecraft:block	minecraft:orange_banner	431
minecraft:block	minecraft:orange_bed	82
minecraft:block	minecraft:orange_candle	779
minecraft:block	minecraft:orange_candle_cake	796
minecraft:block	minecraft:orange_carpet	406
minecraft:block	minecraft:orange_concrete	557
minecraft:block	minecraft:orange_concrete_powder	573
minecraft:block	minecraft:orange_glazed_terracotta	541
minecraft:block	minecraft:orange_shulker_box	525
minecraft:block	minecraft:orange_stained_glass	215
minecraft:block	minecraft:orange_stained_glass_pane	373
minecraft:block	minecraft:orange_terracotta	357
minecraft:block	minecraft:orange_tulip	131
minecraft:block	minecraft:orange_wall_banner	447
minecraft:block	minecraft:orange_wool	109
minecraft:block	minecraft:oxeye_daisy	134
minecraft:block	minecraft:oxidized_copper	822
minecraft:block	minecraft:oxidized_cut_copper	828
minecraft:block	minecraft:oxidized_cut_copper_slab	836
minecraft:block	minecraft:oxidized_cut_copper_stairs	832
minecraft:block	minecraft:packed_ice	423
minecraft:block	minecraft:peony	427
minecraft:block	minecraft:petrified_oak_slab	476
minecraft:block	minecraft:pink_banner	436
minecraft:block	minecraft:pink_bed	87
minecraft:block	minecraft:pink_candle	784
minecraft:block	minecraft:pink_candle_cake	801
minecraft:block	minecraft:pink_carpet	411
minecraft:block	minecraft:pink_concrete	562
minecraft:block	minecraft:pink_concrete_powder	578
minecraft:block	minecraft:pink_glazed_terracotta	546
minecraft:block	minecraft:pink_shulker_box	530
minecraft:block	minecraft:pink_stained_glass	220
minecraft:block	minecraft:pink_stained_glass_pane	378
minecraft:block	minecraft:pink_terracotta	362
minecraft:block	minecraft:pink_tulip	133
minecraft:block	minecraft:pink_wall_banner	452
minecraft:block	minecraft:pink_wool	114
minecraft:block	minecraft:piston	106
minecraft:block	minecraft:piston_head	107
minecraft:block	minecraft:player_head	333
minecraft:block	minecraft:player_wall_head	334
minecraft:block	minecraft:podzol	11
minecraft:block	minecraft:pointed_dripstone	857
minecraft:block	minecraft:polished_andesite	7
minecraft:block	minecraft:polished_andesite_slab	666
minecraft:block	minecraft:polished_andesite_stairs	653
minecraft:block	minecraft:polished_basalt	205
minecraft:block	minecraft:polished_blackstone	761
minecraft:block	minecraft:polished_blackstone_brick_slab	765
minecraft:block	minecraft:polished_blackstone_brick_stairs	766
minecraft:block	minecraft:polished_blackstone_brick_wall	767
minecraft:block	minecraft:polished_blackstone_bricks	762
minecraft:block	minecraft:polished_blackstone_button	772
minecraft:block	minecraft:polished_blackstone_pressure_plate	771
minecraft:block	minecraft:polished_blackstone_slab	770
minecraft:block	minecraft:polished_blackstone_stairs	769
minecraft:block	minecraft:polished_blackstone_wall	773
minecraft:block	minecraft:polished_deepslate	876
minecraft:block	minecraft:polished_deepslate_slab	878
minecraft:block	minecraft:polished_deepslate_stairs	877
minecraft:block	minecraft:polished_deepslate_wall	879
minecraft:block	minecraft:polished_diorite	5
minecraft:block	minecraft:polished_diorite_slab	658
minecraft:block	minecraft:polished_diorite_stairs	644
minecraft:block	minecraft:polished_granite	3
minecraft:block	minecraft:polished_granite_slab	655
minecraft:block	minecraft:polished_granite_stairs	641
minecraft:block	minecraft:poppy	126
minecraft:block	minecraft:potatoes	320
minecraft:block	minecraft:potted_acacia_sapling	299
minecraft:block	minecraft:potted_allium	305
minecraft:block	minecraft:potted_azalea_bush	896
minecraft:block	minecraft:potted_azure_bluet	306
minecraft:block	minecraft:potted_bamboo	637
minecraft:block	minecraft:potted_birch_sapling	297
minecraft:block	minecraft:potted_blue_orchid	304
minecraft:block	minecraft:potted_brown_mushroom	316
minecraft:block	minecraft:potted_cactus	318
minecraft:block	minecraft:potted_cornflower	312
minecraft:block	minecraft:potted_crimson_fungus	752
minecraft:block	minecraft:potted_crimson_roots	754
minecraft:block	minecraft:potted_dandelion	302
minecraft:block	minecraft:potted_dark_oak_sapling	300
minecraft:block	minecraft:potted_dead_bush	317
minecraft:block	minecraft:potted_fern	301
minecraft:block	minecraft:potted_flowering_azalea_bush	897
minecraft:block	minecraft:potted_jungle_sapling	298
minecraft:block	minecraft:potted_lily_of_the_valley	313
minecraft:block	minecraft:potted_oak_sapling	295
minecraft:block	minecraft:potted_orange_tulip	308
minecraft:block	minecraft:potted_oxeye_daisy	311
minecraft:block	minecraft:potted_pink_tulip	310
minecraft:block	minecraft:potted_poppy	303
minecraft:block	minecraft:potted_red_mushroom	315
minecraft:block	minecraft:potted_red_tulip	307
minecraft:block	minecraft:potted_spruce_sapling	296
minecraft:block	minecraft:potted_warped_fungus	753
minecraft:block	minecraft:potted_warped_roots	755
minecraft:block	minecraft:potted_white_tulip	309
minecraft:block	minecraft:potted_wither_rose	314
minecraft:block	minecraft:powder_snow	820
minecraft:block	minecraft:powder_snow_cauldron	273
minecraft:block	minecraft:powered_rail	97
minecraft:block	minecraft:prismarine	394
minecraft:block	minecraft:prismarine_brick_slab	401
minecraft:block	minecraft:prismarine_brick_stairs	398
minecraft:block	minecraft:prismarine_bricks	395
minecraft:block	minecraft:prismarine_slab	400
minecraft:block	minecraft:prismarine_stairs	397
minecraft:block	minecraft:prismarine_wall	669
minecraft:block	minecraft:pumpkin	200
minecraft:block	minecraft:pumpkin_stem	255
minecraft:block	minecraft:purple_banner	440
minecraft:block	minecraft:purple_bed	91
minecraft:block	minecraft:purple_candle	788
minecraft:block	minecraft:purple_candle_cake	805
minecraft:block	minecraft:purple_carpet	415
minecraft:block	minecraft:purple_concrete	566
minecraft:block	minecraft:purple_concrete_powder	582
minecraft:block	minecraft:purple_glazed_terracotta	550
minecraft:block	minecraft:purple_shulker_box	534
minecraft:block	minecraft:purple_stained_glass	224
minecraft:block	minecraft:purple_stained_glass_pane	382
minecraft:block	minecraft:purple_terracotta	366
minecraft:block	minecraft:purple_wall_banner	456
minecraft:block	minecraft:purple_wool	118
minecraft:block	minecraft:purpur_block	507
minecraft:block	minecraft:purpur_pillar	508
minecraft:block	minecraft:purpur_slab	484
minecraft:block	minecraft:purpur_stairs	509
minecraft:block	minecraft:quartz_block	350
minecraft:block	minecraft:quartz_bricks	776
minecraft:block	minecraft:quartz_pillar	352
minecraft:block	minecraft:quartz_slab	481
minecraft:block	minecraft:quartz_stairs	353
minecraft:block	minecraft:rail	170
minecraft:block	minecraft:raw_copper_block	894
minecraft:block	minecraft:raw_gold_block	895
minecraft:block	minecraft:raw_iron_block	893
minecraft:block	minecraft:red_banner	444
minecraft:block	minecraft:red_bed	95
minecraft:block	minecraft:red_candle	792
minecraft:block	minecraft:red_candle_cake	809
minecraft:block	minecraft:red_carpet	419
minecraft:block	minecraft:red_concrete	570
minecraft:block	minecraft:red_concrete_powder	586
minecraft:block	minecraft:red_glazed_terracotta	554
minecraft:block	minecraft:red_mushroom	139
minecraft:block	minecraft:red_mushroom_block	247
minecraft:block	minecraft:red_nether_brick_slab	665
minecraft:block	minecraft:red_nether_brick_stairs	652
minecraft:block	minecraft:red_nether_brick_wall	676
minecraft:block	minecraft:red_nether_bricks	519
minecraft:block	minecraft:red_sand	29
minecraft:block	minecraft:red_sandstone	462
minecraft:block	minecraft:red_sandstone_slab	482
minecraft:block	minecraft:red_sandstone_stairs	465
minecraft:block	minecraft:red_sandstone_wall	670
minecraft:block	minecraft:red_shulker_box	538
minecraft:block	minecraft:red_stained_glass	228
minecraft:block	minecraft:red_stained_glass_pane	386
minecraft:block	minecraft:red_terracotta	370
minecraft:block	minecraft:red_tulip	130
minecraft:block	minecraft:red_wall_banner	460
minecraft:block	minecraft:red_wool	122
minecraft:block	minecraft:redstone_block	347
minecraft:block	minecraft:redstone_lamp	278
minecraft:block	minecraft:redstone_ore	187
minecraft:block	minecraft:redstone_torch	189
minecraft:block	minecraft:redstone_wall_torch	190
minecraft:block	minecraft:redstone_wire	154
minecraft:block	minecraft:repeater	213
minecraft:block	minecraft:repeating_command_block	514
minecraft:block	minecraft:respawn_anchor	751
minecraft:block	minecraft:rooted_dirt	870
minecraft:block	minecraft:rose_bush	426
minecraft:block	minecraft:sand	28
minecraft:block	minecraft:sandstone	77
minecraft:block	minecraft:sandstone_slab	474
minecraft:block	minecraft:sandstone_stairs	280
minecraft:block	minecraft:sandstone_wall	677
minecraft:block	minecraft:scaffolding	680
minecraft:block	minecraft:sculk_sensor	821
minecraft:block	minecraft:sea_lantern	403
minecraft:block	minecraft:sea_pickle	632
minecraft:block	minecraft:seagrass	104
minecraft:block	minecraft:shroomlight	712
minecraft:block	minecraft:shulker_box	523
minecraft:block	minecraft:skeleton_skull	327
minecraft:block	minecraft:skeleton_wall_skull	328
minecraft:block	minecraft:slime_block	390
minecraft:block	minecraft:small_amethyst_bud	816
minecraft:block	minecraft:small_dripleaf	868
minecraft:block	minecraft:smithing_table	689
minecraft:block	minecraft:smoker	683
minecraft:block	minecraft:smooth_basalt	892
minecraft:block	minecraft:smooth_quartz	487
minecraft:block	minecraft:smooth_quartz_slab	662
minecraft:block	minecraft:smooth_quartz_stairs	649
minecraft:block	minecraft:smooth_red_sandstone	488
minecraft:block	minecraft:smooth_red_sandstone_slab	656
minecraft:block	minecraft:smooth_red_sandstone_stairs	642
minecraft:block	minecraft:smooth_sandstone	486
minecraft:block	minecraft:smooth_sandstone_slab	661
minecraft:block	minecraft:smooth_sandstone_stairs	648
minecraft:block	minecraft:smooth_stone	485
minecraft:block	minecraft:smooth_stone_slab	473
minecraft:block	minecraft:snow	192
minecraft:block	minecraft:snow_block	194
minecraft:block	minecraft:soul_campfire	695
minecraft:block	minecraft:soul_fire	150
minecraft:block	minecraft:soul_lantern	693
minecraft:block	minecraft:soul_sand	202
minecraft:block	minecraft:soul_soil	203
minecraft:block	minecraft:soul_torch	206
minecraft:block	minecraft:soul_wall_torch	207
minecraft:block	minecraft:spawner	151
minecraft:block	minecraft:sponge	70
minecraft:block	minecraft:spore_blossom	861
minecraft:block	minecraft:spruce_button	322
minecraft:block	minecraft:spruce_door	499
minecraft:block	minecraft:spruce_fence	494
minecraft:block	minecraft:spruce_fence_gate	489
minecraft:block	minecraft:spruce_leaves	63
minecraft:block	minecraft:spruce_log	39
minecraft:block	minecraft:spruce_planks	14
minecraft:block	minecraft:spruce_pressure_plate	182
minecraft:block	minecraft:spruce_sapling	20
minecraft:block	minecraft:spruce_sign	163
minecraft:block	minecraft:spruce_slab	467
minecraft:block	minecraft:spruce_stairs	287
minecraft:block	minecraft:spruce_trapdoor	231
minecraft:block	minecraft:spruce_wall_sign	173
minecraft:block	minecraft:spruce_wood	51
minecraft:block	minecraft:sticky_piston	99
minecraft:block	minecraft:stone	1
minecraft:block	minecraft:stone_brick_slab	479
minecraft:block	minecraft:stone_brick_stairs	261
minecraft:block	minecraft:stone_brick_wall	673
minecraft:block	minecraft:stone_bricks	236
minecraft:block	minecraft:stone_button	191
minecraft:block	minecraft:stone_pressure_plate	179
minecraft:block	minecraft:stone_slab	472
minecraft:block	minecraft:stone_stairs	647
minecraft:block	minecraft:stonecutter	690
minecraft:block	minecraft:stripped_acacia_log	47
minecraft:block	minecraft:stripped_acacia_wood	60
minecraft:block	minecraft:stripped_birch_log	45
minecraft:block	minecraft:stripped_birch_wood	58
minecraft:block	minecraft:stripped_crimson_hyphae	709
minecraft:block	minecraft:stripped_crimson_stem	707
minecraft:block	minecraft:stripped_dark_oak_log	48
minecraft:block	minecraft:stripped_dark_oak_wood	61
minecraft:block	minecraft:stripped_jungle_log	46
minecraft:block	minecraft:stripped_jungle_wood	59
minecraft:block	minecraft:stripped_oak_log	49
minecraft:block	minecraft:stripped_oak_wood	56
minecraft:block	minecraft:stripped_spruce_log	44
minecraft:block	minecraft:stripped_spruce_wood	57
minecraft:block	minecraft:stripped_warped_hyphae	700
minecraft:block	minecraft:stripped_warped_stem	698
minecraft:block	minecraft:structure_block	740
minecraft:block	minecraft:structure_void	521
minecraft:block	minecraft:sugar_cane	197
minecraft:block	minecraft:sunflower	424
minecraft:block	minecraft:sweet_berry_bush	696
minecraft:block	minecraft:tall_grass	428
minecraft:block	minecraft:tall_seagrass	105
minecraft:block	minecraft:target	743
minecraft:block	minecraft:terracotta	421
minecraft:block	minecraft:tinted_glass	819
minecraft:block	minecraft:tnt	143
minecraft:block	minecraft:torch	147
minecraft:block	minecraft:trapped_chest	342
minecraft:block	minecraft:tripwire	285
minecraft:block	minecraft:tripwire_hook	284
minecraft:block	minecraft:tube_coral	607
minecraft:block	minecraft:tube_coral_block	597
minecraft:block	minecraft:tube_coral_fan	617
minecraft:block	minecraft:tube_coral_wall_fan	627
minecraft:block	minecraft:tuff	817
minecraft:block	minecraft:turtle_egg	591
minecraft:block	minecraft:twisting_vines	715
minecraft:block	minecraft:twisting_vines_plant	716
minecraft:block	minecraft:vine	257
minecraft:block	minecraft:void_air	638
minecraft:block	minecraft:wall_torch	148
minecraft:block	minecraft:warped_button	733
minecraft:block	minecraft:warped_door	735
minecraft:block	minecraft:warped_fence	725
minecraft:block	minecraft:warped_fence_gate	729
minecraft:block	minecraft:warped_fungus	702
minecraft:block	minecraft:warped_hyphae	699
minecraft:block	minecraft:warped_nylium	701
minecraft:block	minecraft:warped_planks	719
minecraft:block	minecraft:warped_pressure_plate	723
minecraft:block	minecraft:warped_roots	704
minecraft:block	minecraft:warped_sign	737
minecraft:block	minecraft:warped_slab	721
minecraft:block	minecraft:warped_stairs	731
minecraft:block	minecraft:warped_stem	697
minecraft:block	minecraft:warped_trapdoor	727
minecraft:block	minecraft:warped_wall_sign	739
minecraft:block	minecraft:warped_wart_block	703
minecraft:block	minecraft:water	26
minecraft:block	minecraft:water_cauldron	271
minecraft:block	minecraft:waxed_copper_block	840
minecraft:block	minecraft:waxed_cut_copper	847
minecraft:block	minecraft:waxed_cut_copper_slab	855
minecraft:block	minecraft:waxed_cut_copper_stairs	851
minecraft:block	minecraft:waxed_exposed_copper	842
minecraft:block	minecraft:waxed_exposed_cut_copper	846
minecraft:block	minecraft:waxed_exposed_cut_copper_slab	854
minecraft:block	minecraft:waxed_exposed_cut_copper_stairs	850
minecraft:block	minecraft:waxed_oxidized_copper	843
minecraft:block	minecraft:waxed_oxidized_cut_copper	844
minecraft:block	minecraft:waxed_oxidized_cut_copper_slab	852
minecraft:block	minecraft:waxed_oxidized_cut_copper_stairs	848
minecraft:block	minecraft:waxed_weathered_copper	841
minecraft:block	minecraft:waxed_weathered_cut_copper	845
minecraft:block	minecraft:waxed_weathered_cut_copper_slab	853
minecraft:block	minecraft:waxed_weathered_cut_copper_stairs	849
minecraft:block	minecraft:weathered_copper	823
minecraft:block	minecraft:weathered_cut_copper	829
minecraft:block	minecraft:weathered_cut_copper_slab	837
minecraft:block	minecraft:weathered_cut_copper_stairs	833
minecraft:block	minecraft:weeping_vines	713
minecraft:block	minecraft:weeping_vines_plant	714
minecraft:block	minecraft:wet_sponge	71
minecraft:block	minecraft:wheat	159
minecraft:block	minecraft:white_banner	430
minecraft:block	minecraft:white_bed	81
minecraft:block	minecraft:white_candle	778
minecraft:block	minecraft:white_candle_cake	795
minecraft:block	minecraft:white_carpet	405
minecraft:block	minecraft:white_concrete	556
minecraft:block	minecraft:white_concrete_powder	572
minecraft:block	minecraft:white_glazed_terracotta	540
minecraft:block	minecraft:white_shulker_box	524
minecraft:block	minecraft:white_stained_glass	214
minecraft:block	minecraft:white_stained_glass_pane	372
minecraft:block	minecraft:white_terracotta	356
minecraft:block	minecraft:white_tulip	132
minecraft:block	minecraft:white_wall_banner	446
minecraft:block	minecraft:white_wool	108
minecraft:block	minecraft:wither_rose	136
minecraft:block	minecraft:wither_skeleton_skull	329
minecraft:block	minecraft:wither_skeleton_wall_skull	330
minecraft:block	minecraft:yellow_banner	434
minecraft:block	minecraft:yellow_bed	85
minecraft:block	minecraft:yellow_candle	782
minecraft:block	minecraft:yellow_candle_cake	799
minecraft:block	minecraft:yellow_carpet	409
minecraft:block	minecraft:yellow_concrete	560
minecraft:block	minecraft:yellow_concrete_powder	576
minecraft:block	minecraft:yellow_glazed_terracotta	544
minecraft:block	minecraft:yellow_shulker_box	528
minecraft:block	minecraft:yellow_stained_glass	218
minecraft:block	minecraft:yellow_stained_glass_pane	376
minecraft:block	minecraft:yellow_terracotta	360
minecraft:block	minecraft:yellow_wall_banner	450
minecraft:block	minecraft:yellow_wool	112
minecraft:block	minecraft:zombie_head	331
minecraft:block	minecraft:zombie_wall_head	332
minecraft:block_entity_type	minecraft:banner	18
minecraft:block_entity_type	minecraft:barrel	25
minecraft:block_entity_type	minecraft:beacon	13
minecraft:block_entity_type	minecraft:bed	23
minecraft:block_entity_type	minecraft:beehive	32
minecraft:block_entity_type	minecraft:bell	29
minecraft:block_entity_type	minecraft:blast_furnace	27
minecraft:block_entity_type	minecraft:brewing_stand	10
minecraft:block_entity_type	minecraft:campfire	31
minecraft:block_entity_type	minecraft:chest	1
minecraft:block_entity_type	minecraft:command_block	21
minecraft:block_entity_type	minecraft:comparator	17
minecraft:block_entity_type	minecraft:conduit	24
minecraft:block_entity_type	minecraft:daylight_detector	15
minecraft:block_entity_type	minecraft:dispenser	5
minecraft:block_entity_type	minecraft:dropper	6
minecraft:block_entity_type	minecraft:enchanting_table	11
minecraft:block_entity_type	minecraft:end_gateway	20
minecraft:block_entity_type	minecraft:end_portal	12
minecraft:block_entity_type	minecraft:ender_chest	3
minecraft:block_entity_type	minecraft:furnace	0
minecraft:block_entity_type	minecraft:hopper	16
minecraft:block_entity_type	minecraft:jigsaw	30
minecraft:block_entity_type	minecraft:jukebox	4
minecraft:block_entity_type	minecraft:lectern	28
minecraft:block_entity_type	minecraft:mob_spawner	8
minecraft:block_entity_type	minecraft:piston	9
minecraft:block_entity_type	minecraft:sculk_sensor	33
minecraft:block_entity_type	minecraft:shulker_box	22
minecraft:block_entity_type	minecraft:sign	7
minecraft:block_entity_type	minecraft:skull	14
minecraft:block_entity_type	minecraft:smoker	26
minecraft:block_entity_type	minecraft:structure_block	19
minecraft:block_entity_type	minecraft:trapped_chest	2
minecraft:chunk_status	minecraft:biomes	3
minecraft:chunk_status	minecraft:carvers	6
minecraft:chunk_status	minecraft:empty	0
minecraft:chunk_status	minecraft:features	8
minecraft:chunk_status	minecraft:full	12
minecraft:chunk_status	minecraft:heightmaps	11
minecraft:chunk_status	minecraft:light	9
minecraft:chunk_status	minecraft:liquid_carvers	7
minecraft:chunk_status	minecraft:noise	4
minecraft:chunk_status	minecraft:spawn	10
minecraft:chunk_status	minecraft:structure_references	2
minecraft:chunk_status	minecraft:structure_starts	1
minecraft:chunk_status	minecraft:surface	5
minecraft:custom_stat	minecraft:animals_bred	32
minecraft:custom_stat	minecraft:aviate_one_cm	18
minecraft:custom_stat	minecraft:bell_ring	68
minecraft:custom_stat	minecraft:boat_one_cm	15
minecraft:custom_stat	minecraft:clean_armor	40
minecraft:custom_stat	minecraft:clean_banner	41
minecraft:custom_stat	minecraft:clean_shulker_box	42
minecraft:custom_stat	minecraft:climb_one_cm	11
minecraft:custom_stat	minecraft:crouch_one_cm	7
minecraft:custom_stat	minecraft:damage_absorbed	28
minecraft:custom_stat	minecraft:damage_blocked_by_shield	27
minecraft:custom_stat	minecraft:damage_dealt	23
minecraft:custom_stat	minecraft:damage_dealt_absorbed	24
minecraft:custom_stat	minecraft:damage_dealt_resisted	25
minecraft:custom_stat	minecraft:damage_resisted	29
minecraft:custom_stat	minecraft:damage_taken	26
minecraft:custom_stat	minecraft:deaths	30
minecraft:custom_stat	minecraft:drop	22
minecraft:custom_stat	minecraft:eat_cake_slice	37
minecraft:custom_stat	minecraft:enchant_item	53
minecraft:custom_stat	minecraft:fall_one_cm	10
minecraft:custom_stat	minecraft:fill_cauldron	38
minecraft:custom_stat	minecraft:fish_caught	34
minecraft:custom_stat	minecraft:fly_one_cm	12
minecraft:custom_stat	minecraft:horse_one_cm	17
minecraft:custom_stat	minecraft:inspect_dispenser	47
minecraft:custom_stat	minecraft:inspect_dropper	45
minecraft:custom_stat	minecraft:inspect_hopper	46
minecraft:custom_stat	minecraft:interact_with_anvil	71
minecraft:custom_stat	minecraft:interact_with_beacon	44
minecraft:custom_stat	minecraft:interact_with_blast_furnace	61
minecraft:custom_stat	minecraft:interact_with_brewingstand	43
minecraft:custom_stat	minecraft:interact_with_campfire	64
minecraft:custom_stat	minecraft:interact_with_cartography_table	65
minecraft:custom_stat	minecraft:interact_with_crafting_table	56
minecraft:custom_stat	minecraft:interact_with_furnace	55
minecraft:custom_stat	minecraft:interact_with_grindstone	72
minecraft:custom_stat	minecraft:interact_with_lectern	63
minecraft:custom_stat	minecraft:interact_with_loom	66
minecraft:custom_stat	minecraft:interact_with_smithing_table	74
minecraft:custom_stat	minecraft:interact_with_smoker	62
minecraft:custom_stat	minecraft:interact_with_stonecutter	67
minecraft:custom_stat	minecraft:jump	21
minecraft:custom_stat	minecraft:leave_game	0
minecraft:custom_stat	minecraft:minecart_one_cm	14
minecraft:custom_stat	minecraft:mob_kills	31
minecraft:custom_stat	minecraft:open_barrel	60
minecraft:custom_stat	minecraft:open_chest	57
minecraft:custom_stat	minecraft:open_enderchest	52
minecraft:custom_stat	minecraft:open_shulker_box	59
minecraft:custom_stat	minecraft:pig_one_cm	16
minecraft:custom_stat	minecraft:play_noteblock	48
minecraft:custom_stat	minecraft:play_record	54
minecraft:custom_stat	minecraft:play_time	1
minecraft:custom_stat	minecraft:player_kills	33
minecraft:custom_stat	minecraft:pot_flower	50
minecraft:custom_stat	minecraft:raid_trigger	69
minecraft:custom_stat	minecraft:raid_win	70
minecraft:custom_stat	minecraft:sleep_in_bed	58
minecraft:custom_stat	minecraft:sneak_time	5
minecraft:custom_stat	minecraft:sprint_one_cm	8
minecraft:custom_stat	minecraft:strider_one_cm	20
minecraft:custom_stat	minecraft:swim_one_cm	19
minecraft:custom_stat	minecraft:talked_to_villager	35
minecraft:custom_stat	minecraft:target_hit	73
minecraft:custom_stat	minecraft:time_since_death	3
minecraft:custom_stat	minecraft:time_since_rest	4
minecraft:custom_stat	minecraft:total_world_time	2
minecraft:custom_stat	minecraft:traded_with_villager	36
minecraft:custom_stat	minecraft:trigger_trapped_chest	51
minecraft:custom_stat	minecraft:tune_noteblock	49
minecraft:custom_stat	minecraft:use_cauldron	39
minecraft:custom_stat	minecraft:walk_on_water_one_cm	9
minecraft:custom_stat	minecraft:walk_one_cm	6
minecraft:custom_stat	minecraft:walk_under_water_one_cm	13
minecraft:enchantment	minecraft:aqua_affinity	6
minecraft:enchantment	minecraft:bane_of_arthropods	14
minecraft:enchantment	minecraft:binding_curse	10
minecraft:enchantment	minecraft:blast_protection	3
minecraft:enchantment	minecraft:channeling	32
minecraft:enchantment	minecraft:depth_strider	8
minecraft:enchantment	minecraft:efficiency	19
minecraft:enchantment	minecraft:feather_falling	2
minecraft:enchantment	minecraft:fire_aspect	16
minecraft:enchantment	minecraft:fire_protection	1
minecraft:enchantment	minecraft:flame	25
minecraft:enchantment	minecraft:fortune	22
minecraft:enchantment	minecraft:frost_walker	9
minecraft:enchantment	minecraft:impaling	30
minecraft:enchantment	minecraft:infinity	26
minecraft:enchantment	minecraft:knockback	15
minecraft:enchantment	minecraft:looting	17
minecraft:enchantment	minecraft:loyalty	29
minecraft:enchantment	minecraft:luck_of_the_sea	27
minecraft:enchantment	minecraft:lure	28
minecraft:enchantment	minecraft:mending	36
minecraft:enchantment	minecraft:multishot	33
minecraft:enchantment	minecraft:piercing	35
minecraft:enchantment	minecraft:power	23
minecraft:enchantment	minecraft:projectile_protection	4
minecraft:enchantment	minecraft:protection	0
minecraft:enchantment	minecraft:punch	24
minecraft:enchantment	minecraft:quick_charge	34
minecraft:enchantment	minecraft:respiration	5
minecraft:enchantment	minecraft:riptide	31
minecraft:enchantment	minecraft:sharpness	12
minecraft:enchantment	minecraft:silk_touch	20
minecraft:enchantment	minecraft:smite	13
minecraft:enchantment	minecraft:soul_speed	11
minecraft:enchantment	minecraft:sweeping	18
minecraft:enchantment	minecraft:thorns	7
minecraft:enchantment	minecraft:unbreaking	21
minecraft:enchantment	minecraft:vanishing_curse	37
minecraft:entity_type	minecraft:area_effect_cloud	0
minecraft:entity_type	minecraft:armor_stand	1
minecraft:entity_type	minecraft:arrow	2
minecraft:entity_type	minecraft:axolotl	3
minecraft:entity_type	minecraft:bat	4
minecraft:entity_type	minecraft:bee	5
minecraft:entity_type	minecraft:blaze	6
minecraft:entity_type	minecraft:boat	7
minecraft:entity_type	minecraft:cat	8
minecraft:entity_type	minecraft:cave_spider	9
minecraft:entity_type	minecraft:chest_minecart	51
minecraft:entity_type	minecraft:chicken	10
minecraft:entity_type	minecraft:cod	11
minecraft:entity_type	minecraft:command_block_minecart	52
minecraft:entity_type	minecraft:cow	12
minecraft:entity_type	minecraft:creeper	13
minecraft:entity_type	minecraft:dolphin	14
minecraft:entity_type	minecraft:donkey	15
minecraft:entity_type	minecraft:dragon_fireball	16
minecraft:entity_type	minecraft:drowned	17
minecraft:entity_type	minecraft:egg	89
minecraft:entity_type	minecraft:elder_guardian	18
minecraft:entity_type	minecraft:end_crystal	19
minecraft:entity_type	minecraft:ender_dragon	20
minecraft:entity_type	minecraft:ender_pearl	90
minecraft:entity_type	minecraft:enderman	21
minecraft:entity_type	minecraft:endermite	22
minecraft:entity_type	minecraft:evoker	23
minecraft:entity_type	minecraft:evoker_fangs	24
minecraft:entity_type	minecraft:experience_bottle	91
minecraft:entity_type	minecraft:experience_orb	25
minecraft:entity_type	minecraft:eye_of_ender	26
minecraft:entity_type	minecraft:falling_block	27
minecraft:entity_type	minecraft:fireball	43
minecraft:entity_type	minecraft:firework_rocket	28
minecraft:entity_type	minecraft:fishing_bobber	112
minecraft:entity_type	minecraft:fox	29
minecraft:entity_type	minecraft:furnace_minecart	53
minecraft:entity_type	minecraft:ghast	30
minecraft:entity_type	minecraft:giant	31
minecraft:entity_type	minecraft:glow_item_frame	32
minecraft:entity_type	minecraft:glow_squid	33
minecraft:entity_type	minecraft:goat	34
minecraft:entity_type	minecraft:guardian	35
minecraft:entity_type	minecraft:hoglin	36
minecraft:entity_type	minecraft:hopper_minecart	54
minecraft:entity_type	minecraft:horse	37
minecraft:entity_type	minecraft:husk	38
minecraft:entity_type	minecraft:illusioner	39
minecraft:entity_type	minecraft:iron_golem	40
minecraft:entity_type	minecraft:item	41
minecraft:entity_type	minecraft:item_frame	42
minecraft:entity_type	minecraft:leash_knot	44
minecraft:entity_type	minecraft:lightning_bolt	45
minecraft:entity_type	minecraft:llama	46
minecraft:entity_type	minecraft:llama_spit	47
minecraft:entity_type	minecraft:magma_cube	48
minecraft:entity_type	minecraft:marker	49
minecraft:entity_type	minecraft:minecart	50
minecraft:entity_type	minecraft:mooshroom	58
minecraft:entity_type	minecraft:mule	57
minecraft:entity_type	minecraft:ocelot	59
minecraft:entity_type	minecraft:painting	60
minecraft:entity_type	minecraft:panda	61
minecraft:entity_type	minecraft:parrot	62
minecraft:entity_type	minecraft:phantom	63
minecraft:entity_type	minecraft:pig	64
minecraft:entity_type	minecraft:piglin	65
minecraft:entity_type	minecraft:piglin_brute	66
minecraft:entity_type	minecraft:pillager	67
minecraft:entity_type	minecraft:player	111
minecraft:entity_type	minecraft:polar_bear	68
minecraft:entity_type	minecraft:potion	92
minecraft:entity_type	minecraft:pufferfish	70
minecraft:entity_type	minecraft:rabbit	71
minecraft:entity_type	minecraft:ravager	72
minecraft:entity_type	minecraft:salmon	73
minecraft:entity_type	minecraft:sheep	74
minecraft:entity_type	minecraft:shulker	75
minecraft:entity_type	minecraft:shulker_bullet	76
minecraft:entity_type	minecraft:silverfish	77
minecraft:entity_type	minecraft:skeleton	78
minecraft:entity_type	minecraft:skeleton_horse	79
minecraft:entity_type	minecraft:slime	80
minecraft:entity_type	minecraft:small_fireball	81
minecraft:entity_type	minecraft:snow_golem	82
minecraft:entity_type	minecraft:snowball	83
minecraft:entity_type	minecraft:spawner_minecart	55
minecraft:entity_type	minecraft:spectral_arrow	84
minecraft:entity_type	minecraft:spider	85
minecraft:entity_type	minecraft:squid	86
minecraft:entity_type	minecraft:stray	87
minecraft:entity_type	minecraft:strider	88
minecraft:entity_type	minecraft:tnt	69
minecraft:entity_type	minecraft:tnt_minecart	56
minecraft:entity_type	minecraft:trader_llama	94
minecraft:entity_type	minecraft:trident	93
minecraft:entity_type	minecraft:tropical_fish	95
minecraft:entity_type	minecraft:turtle	96
minecraft:entity_type	minecraft:vex	97
minecraft:entity_type	minecraft:villager	98
minecraft:entity_type	minecraft:vindicator	99
minecraft:entity_type	minecraft:wandering_trader	100
minecraft:entity_type	minecraft:witch	101
minecraft:entity_type	minecraft:wither	102
minecraft:entity_type	minecraft:wither_skeleton	103
minecraft:entity_type	minecraft:wither_skull	104
minecraft:entity_type	minecraft:wolf	105
minecraft:entity_type	minecraft:zoglin	106
minecraft:entity_type	minecraft:zombie	107
minecraft:entity_type	minecraft:zombie_horse	108
minecraft:entity_type	minecraft:zombie_villager	109
minecraft:entity_type	minecraft:zombified_piglin	110
minecraft:float_provider_type	minecraft:clamped_normal	2
minecraft:float_provider_type	minecraft:constant	0
minecraft:float_provider_type	minecraft:trapezoid	3
minecraft:float_provider_type	minecraft:uniform	1
minecraft:fluid	minecraft:empty	0
minecraft:fluid	minecraft:flowing_lava	3
minecraft:fluid	minecraft:flowing_water	1
minecraft:fluid	minecraft:lava	4
minecraft:fluid	minecraft:water	2
minecraft:game_event	minecraft:block_attach	0
minecraft:game_event	minecraft:block_change	1
minecraft:game_event	minecraft:block_close	2
minecraft:game_event	minecraft:block_destroy	3
minecraft:game_event	minecraft:block_detach	4
minecraft:game_event	minecraft:block_open	5
minecraft:game_event	minecraft:block_place	6
minecraft:game_event	minecraft:block_press	7
minecraft:game_event	minecraft:block_switch	8
minecraft:game_event	minecraft:block_unpress	9
minecraft:game_event	minecraft:block_unswitch	10
minecraft:game_event	minecraft:container_close	11
minecraft:game_event	minecraft:container_open	12
minecraft:game_event	minecraft:dispense_fail	13
minecraft:game_event	minecraft:drinking_finish	14
minecraft:game_event	minecraft:eat	15
minecraft:game_event	minecraft:elytra_free_fall	16
minecraft:game_event	minecraft:entity_damaged	17
minecraft:game_event	minecraft:entity_killed	18
minecraft:game_event	minecraft:entity_place	19
minecraft:game_event	minecraft:equip	20
minecraft:game_event	minecraft:explode	21
minecraft:game_event	minecraft:fishing_rod_cast	22
minecraft:game_event	minecraft:fishing_rod_reel_in	23
minecraft:game_event	minecraft:flap	24
minecraft:game_event	minecraft:fluid_pickup	25
minecraft:game_event	minecraft:fluid_place	26
minecraft:game_event	minecraft:hit_ground	27
minecraft:game_event	minecraft:lightning_strike	29
minecraft:game_event	minecraft:minecart_moving	30
minecraft:game_event	minecraft:mob_interact	28
minecraft:game_event	minecraft:piston_contract	31
minecraft:game_event	minecraft:piston_extend	32
minecraft:game_event	minecraft:prime_fuse	33
minecraft:game_event	minecraft:projectile_land	34
minecraft:game_event	minecraft:projectile_shoot	35
minecraft:game_event	minecraft:ravager_roar	36
minecraft:game_event	minecraft:ring_bell	37
minecraft:game_event	minecraft:shear	38
minecraft:game_event	minecraft:shulker_close	39
minecraft:game_event	minecraft:shulker_open	40
minecraft:game_event	minecraft:splash	41
minecraft:game_event	minecraft:step	42
minecraft:game_event	minecraft:swim	43
minecraft:game_event	minecraft:wolf_shaking	44
minecraft:height_provider_type	minecraft:biased_to_bottom	2
minecraft:height_provider_type	minecraft:constant	0
minecraft:height_provider_type	minecraft:trapezoid	4
minecraft:height_provider_type	minecraft:uniform	1
minecraft:height_provider_type	minecraft:very_biased_to_bottom	3
minecraft:int_provider_type	minecraft:biased_to_bottom	2
minecraft:int_provider_type	minecraft:clamped	3
minecraft:int_provider_type	minecraft:constant	0
minecraft:int_provider_type	minecraft:uniform	1
minecraft:item	minecraft:acacia_boat	674
minecraft:item	minecraft:acacia_button	615
minecraft:item	minecraft:acacia_door	636
minecraft:item	minecraft:acacia_fence	261
minecraft:item	minecraft:acacia_fence_gate	653
minecraft:item	minecraft:acacia_leaves	137
minecraft:item	minecraft:acacia_log	105
minecraft:item	minecraft:acacia_planks	26
minecraft:item	minecraft:acacia_pressure_plate	627
minecraft:item	minecraft:acacia_sapling	34
minecraft:item	minecraft:acacia_sign	772
minecraft:item	minecraft:acacia_slab	208
minecraft:item	minecraft:acacia_stairs	391
minecraft:item	minecraft:acacia_trapdoor	645
minecraft:item	minecraft:acacia_wood	129
minecraft:item	minecraft:activator_rail	660
minecraft:item	minecraft:air	0
minecraft:item	minecraft:allium	176
minecraft:item	minecraft:amethyst_block	63
minecraft:item	minecraft:amethyst_cluster	1098
minecraft:item	minecraft:amethyst_shard	690
minecraft:item	minecraft:ancient_debris	58
minecraft:item	minecraft:andesite	6
minecraft:item	minecraft:andesite_slab	576
minecraft:item	minecraft:andesite_stairs	559
minecraft:item	minecraft:andesite_wall	334
minecraft:item	minecraft:anvil	346
minecraft:item	minecraft:apple	681
minecraft:item	minecraft:armor_stand	972
minecraft:item	minecraft:arrow	683
minecraft:item	minecraft:axolotl_bucket	787
minecraft:item	minecraft:axolotl_spawn_egg	873
minecraft:item	minecraft:azalea	152
minecraft:item	minecraft:azalea_leaves	139
minecraft:item	minecraft:azure_bluet	177
minecraft:item	minecraft:baked_potato	949
minecraft:item	minecraft:bamboo	203
minecraft:item	minecraft:barrel	1042
minecraft:item	minecraft:barrier	370
minecraft:item	minecraft:basalt	271
minecraft:item	minecraft:bat_spawn_egg	874
minecraft:item	minecraft:beacon	324
minecraft:item	minecraft:bedrock	36
minecraft:item	minecraft:bee_nest	1059
minecraft:item	minecraft:bee_spawn_egg	875
minecraft:item	minecraft:beef	853
minecraft:item	minecraft:beehive	1060
minecraft:item	minecraft:beetroot	1001
minecraft:item	minecraft:beetroot_seeds	1002
minecraft:item	minecraft:beetroot_soup	1003
minecraft:item	minecraft:bell	1050
minecraft:item	minecraft:big_dripleaf	201
minecraft:item	minecraft:birch_boat	672
minecraft:item	minecraft:birch_button	613
minecraft:item	minecraft:birch_door	634
minecraft:item	minecraft:birch_fence	259
minecraft:item	minecraft:birch_fence_gate	651
minecraft:item	minecraft:birch_leaves	135
minecraft:item	minecraft:birch_log	103
minecraft:item	minecraft:birch_planks	24
minecraft:item	minecraft:birch_pressure_plate	625
minecraft:item	minecraft:birch_sapling	32
minecraft:item	minecraft:birch_sign	770
minecraft:item	minecraft:birch_slab	206
minecraft:item	minecraft:birch_stairs	319
minecraft:item	minecraft:birch_trapdoor	643
minecraft:item	minecraft:birch_wood	127
minecraft:item	minecraft:black_banner	997
minecraft:item	minecraft:black_bed	845
minecraft:item	minecraft:black_candle	1094
minecraft:item	minecraft:black_carpet	388
minecraft:item	minecraft:black_concrete	499
minecraft:item	minecraft:black_concrete_powder	515
minecraft:item	minecraft:black_dye	825
minecraft:item	minecraft:black_glazed_terracotta	483
minecraft:item	minecraft:black_shulker_box	467
minecraft:item	minecraft:black_stained_glass	415
minecraft:item	minecraft:black_stained_glass_pane	431
minecraft:item	minecraft:black_terracotta	369
minecraft:item	minecraft:black_wool	172
minecraft:item	minecraft:blackstone	1065
minecraft:item	minecraft:blackstone_slab	1066
minecraft:item	minecraft:blackstone_stairs	1067
minecraft:item	minecraft:blackstone_wall	339
minecraft:item	minecraft:blast_furnace	1044
minecraft:item	minecraft:blaze_powder	867
minecraft:item	minecraft:blaze_rod	859
minecraft:item	minecraft:blaze_spawn_egg	876
minecraft:item	minecraft:blue_banner	993
minecraft:item	minecraft:blue_bed	841
minecraft:item	minecraft:blue_candle	1090
minecraft:item	minecraft:blue_carpet	384
minecraft:item	minecraft:blue_concrete	495
minecraft:item	minecraft:blue_concrete_powder	511
minecraft:item	minecraft:blue_dye	821
minecraft:item	minecraft:blue_glazed_terracotta	479
minecraft:item	minecraft:blue_ice	547
minecraft:item	minecraft:blue_orchid	175
minecraft:item	minecraft:blue_shulker_box	463
minecraft:item	minecraft:blue_stained_glass	411
minecraft:item	minecraft:blue_stained_glass_pane	427
minecraft:item	minecraft:blue_terracotta	365
minecraft:item	minecraft:blue_wool	168
minecraft:item	minecraft:bone	827
minecraft:item	minecraft:bone_block	449
minecraft:item	minecraft:bone_meal	826
minecraft:item	minecraft:book	792
minecraft:item	minecraft:bookshelf	233
minecraft:item	minecraft:bow	682
minecraft:item	minecraft:bowl	730
minecraft:item	minecraft:brain_coral	528
minecraft:item	minecraft:brain_coral_block	523
minecraft:item	minecraft:brain_coral_fan	538
minecraft:item	minecraft:bread	737
minecraft:item	minecraft:brewing_stand	869
minecraft:item	minecraft:brick	788
minecraft:item	minecraft:brick_slab	218
minecraft:item	minecraft:brick_stairs	301
minecraft:item	minecraft:brick_wall	327
minecraft:item	minecraft:bricks	232
minecraft:item	minecraft:brown_banner	994
minecraft:item	minecraft:brown_bed	842
minecraft:item	minecraft:brown_candle	1091
minecraft:item	minecraft:brown_carpet	385
minecraft:item	minecraft:brown_concrete	496
minecraft:item	minecraft:brown_concrete_powder	512
minecraft:item	minecraft:brown_dye	822
minecraft:item	minecraft:brown_glazed_terracotta	480
minecraft:item	minecraft:brown_mushroom	187
minecraft:item	minecraft:brown_mushroom_block	292
minecraft:item	minecraft:brown_shulker_box	464
minecraft:item	minecraft:brown_stained_glass	412
minecraft:item	minecraft:brown_stained_glass_pane	428
minecraft:item	minecraft:brown_terracotta	366
minecraft:item	minecraft:brown_wool	169
minecraft:item	minecraft:bubble_coral	529
minecraft:item	minecraft:bubble_coral_block	524
minecraft:item	minecraft:bubble_coral_fan	539
minecraft:item	minecraft:bucket	776
minecraft:item	minecraft:budding_amethyst	64
minecraft:item	minecraft:bundle	796
minecraft:item	minecraft:cactus	254
minecraft:item	minecraft:cake	829
minecraft:item	minecraft:calcite	11
minecraft:item	minecraft:campfire	1055
minecraft:item	minecraft:candle	1078
minecraft:item	minecraft:carrot	947
minecraft:item	minecraft:carrot_on_a_stick	667
minecraft:item	minecraft:cartography_table	1045
minecraft:item	minecraft:carved_pumpkin	266
minecraft:item	minecraft:cat_spawn_egg	877
minecraft:item	minecraft:cauldron	870
minecraft:item	minecraft:cave_spider_spawn_egg	878
minecraft:item	minecraft:chain	296
minecraft:item	minecraft:chain_command_block	444
minecraft:item	minecraft:chainmail_boots	745
minecraft:item	minecraft:chainmail_chestplate	743
minecraft:item	minecraft:chainmail_helmet	742
minecraft:item	minecraft:chainmail_leggings	744
minecraft:item	minecraft:charcoal	685
minecraft:item	minecraft:chest	245
minecraft:item	minecraft:chest_minecart	663
minecraft:item	minecraft:chicken	855
minecraft:item	minecraft:chicken_spawn_egg	879
minecraft:item	minecraft:chipped_anvil	347
minecraft:item	minecraft:chiseled_deepslate	291
minecraft:item	minecraft:chiseled_nether_bricks	307
minecraft:item	minecraft:chiseled_polished_blackstone	1072
minecraft:item	minecraft:chiseled_quartz_block	349
minecraft:item	minecraft:chiseled_red_sandstone	440
minecraft:item	minecraft:chiseled_sandstone	147
minecraft:item	minecraft:chiseled_stone_bricks	286
minecraft:item	minecraft:chorus_flower	239
minecraft:item	minecraft:chorus_fruit	999
minecraft:item	minecraft:chorus_plant	238
minecraft:item	minecraft:clay	255
minecraft:item	minecraft:clay_ball	789
minecraft:item	minecraft:clock	798
minecraft:item	minecraft:coal	684
minecraft:item	minecraft:coal_block	59
minecraft:item	minecraft:coal_ore	40
minecraft:item	minecraft:coarse_dirt	16
minecraft:item	minecraft:cobbled_deepslate	9
minecraft:item	minecraft:cobbled_deepslate_slab	580
minecraft:item	minecraft:cobbled_deepslate_stairs	563
minecraft:item	minecraft:cobbled_deepslate_wall	342
minecraft:item	minecraft:cobblestone	21
minecraft:item	minecraft:cobblestone_slab	217
minecraft:item	minecraft:cobblestone_stairs	250
minecraft:item	minecraft:cobblestone_wall	325
minecraft:item	minecraft:cobweb	149
minecraft:item	minecraft:cocoa_beans	809
minecraft:item	minecraft:cod	801
minecraft:item	minecraft:cod_bucket	785
minecraft:item	minecraft:cod_spawn_egg	880
minecraft:item	minecraft:command_block	323
minecraft:item	minecraft:command_block_minecart	979
minecraft:item	minecraft:comparator	589
minecraft:item	minecraft:compass	795
minecraft:item	minecraft:composter	1041
minecraft:item	minecraft:conduit	548
minecraft:item	minecraft:cooked_beef	854
minecraft:item	minecraft:cooked_chicken	856
minecraft:item	minecraft:cooked_cod	805
minecraft:item	minecraft:cooked_mutton	981
minecraft:item	minecraft:cooked_porkchop	764
minecraft:item	minecraft:cooked_rabbit	968
minecraft:item	minecraft:cooked_salmon	806
minecraft:item	minecraft:cookie	846
minecraft:item	minecraft:copper_block	66
minecraft:item	minecraft:copper_ingot	694
minecraft:item	minecraft:copper_ore	44
minecraft:item	minecraft:cornflower	183
minecraft:item	minecraft:cow_spawn_egg	881
minecraft:item	minecraft:cracked_deepslate_bricks	288
minecraft:item	minecraft:cracked_deepslate_tiles	290
minecraft:item	minecraft:cracked_nether_bricks	306
minecraft:item	minecraft:cracked_polished_blackstone_bricks	1076
minecraft:item	minecraft:cracked_stone_bricks	285
minecraft:item	minecraft:crafting_table	246
minecraft:item	minecraft:creeper_banner_pattern	1036
minecraft:item	minecraft:creeper_head	957
minecraft:item	minecraft:creeper_spawn_egg	882
minecraft:item	minecraft:crimson_button	617
minecraft:item	minecraft:crimson_door	638
minecraft:item	minecraft:crimson_fence	263
minecraft:item	minecraft:crimson_fence_gate	655
minecraft:item	minecraft:crimson_fungus	189
minecraft:item	minecraft:crimson_hyphae	131
minecraft:item	minecraft:crimson_nylium	19
minecraft:item	minecraft:crimson_planks	28
minecraft:item	minecraft:crimson_pressure_plate	629
minecraft:item	minecraft:crimson_roots	191
minecraft:item	minecraft:crimson_sign	774
minecraft:item	minecraft:crimson_slab	210
minecraft:item	minecraft:crimson_stairs	321
minecraft:item	minecraft:crimson_stem	107
minecraft:item	minecraft:crimson_trapdoor	647
minecraft:item	minecraft:crossbow	1032
minecraft:item	minecraft:crying_obsidian	1064
minecraft:item	minecraft:cut_copper	73
minecraft:item	minecraft:cut_copper_slab	81
minecraft:item	minecraft:cut_copper_stairs	77
minecraft:item	minecraft:cut_red_sandstone	441
minecraft:item	minecraft:cut_red_sandstone_slab	223
minecraft:item	minecraft:cut_sandstone	148
minecraft:item	minecraft:cut_sandstone_slab	215
minecraft:item	minecraft:cyan_banner	991
minecraft:item	minecraft:cyan_bed	839
minecraft:item	minecraft:cyan_candle	1088
minecraft:item	minecraft:cyan_carpet	382
minecraft:item	minecraft:cyan_concrete	493
minecraft:item	minecraft:cyan_concrete_powder	509
minecraft:item	minecraft:cyan_dye	819
minecraft:item	minecraft:cyan_glazed_terracotta	477
minecraft:item	minecraft:cyan_shulker_box	461
minecraft:item	minecraft:cyan_stained_glass	409
minecraft:item	minecraft:cyan_stained_glass_pane	425
minecraft:item	minecraft:cyan_terracotta	363
minecraft:item	minecraft:cyan_wool	166
minecraft:item	minecraft:damaged_anvil	348
minecraft:item	minecraft:dandelion	173
minecraft:item	minecraft:dark_oak_boat	675
minecraft:item	minecraft:dark_oak_button	616
minecraft:item	minecraft:dark_oak_door	637
minecraft:item	minecraft:dark_oak_fence	262
minecraft:item	minecraft:dark_oak_fence_gate	654
minecraft:item	minecraft:dark_oak_leaves	138
minecraft:item	minecraft:dark_oak_log	106
minecraft:item	minecraft:dark_oak_planks	27
minecraft:item	minecraft:dark_oak_pressure_plate	628
minecraft:item	minecraft:dark_oak_sapling	35
minecraft:item	minecraft:dark_oak_sign	773
minecraft:item	minecraft:dark_oak_slab	209
minecraft:item	minecraft:dark_oak_stairs	392
minecraft:item	minecraft:dark_oak_trapdoor	646
minecraft:item	minecraft:dark_oak_wood	130
minecraft:item	minecraft:dark_prismarine	434
minecraft:item	minecraft:dark_prismarine_slab	227
minecraft:item	minecraft:dark_prismarine_stairs	437
minecraft:item	minecraft:daylight_detector	602
minecraft:item	minecraft:dead_brain_coral	532
minecraft:item	minecraft:dead_brain_coral_block	518
minecraft:item	minecraft:dead_brain_coral_fan	543
minecraft:item	minecraft:dead_bubble_coral	533
minecraft:item	minecraft:dead_bubble_coral_block	519
minecraft:item	minecraft:dead_bubble_coral_fan	544
minecraft:item	minecraft:dead_bush	154
minecraft:item	minecraft:dead_fire_coral	534
minecraft:item	minecraft:dead_fire_coral_block	520
minecraft:item	minecraft:dead_fire_coral_fan	545
minecraft:item	minecraft:dead_horn_coral	535
minecraft:item	minecraft:dead_horn_coral_block	521
minecraft:item	minecraft:dead_horn_coral_fan	546
minecraft:item	minecraft:dead_tube_coral	536
minecraft:item	minecraft:dead_tube_coral_block	517
minecraft:item	minecraft:dead_tube_coral_fan	542
minecraft:item	minecraft:debug_stick	1014
minecraft:item	minecraft:deepslate	8
minecraft:item	minecraft:deepslate_brick_slab	582
minecraft:item	minecraft:deepslate_brick_stairs	565
minecraft:item	minecraft:deepslate_brick_wall	344
minecraft:item	minecraft:deepslate_bricks	287
minecraft:item	minecraft:deepslate_coal_ore	41
minecraft:item	minecraft:deepslate_copper_ore	45
minecraft:item	minecraft:deepslate_diamond_ore	55
minecraft:item	minecraft:deepslate_emerald_ore	51
minecraft:item	minecraft:deepslate_gold_ore	47
minecraft:item	minecraft:deepslate_iron_ore	43
minecraft:item	minecraft:deepslate_lapis_ore	53
minecraft:item	minecraft:deepslate_redstone_ore	49
minecraft:item	minecraft:deepslate_tile_slab	583
minecraft:item	minecraft:deepslate_tile_stairs	566
minecraft:item	minecraft:deepslate_tile_wall	345
minecraft:item	minecraft:deepslate_tiles	289
minecraft:item	minecraft:detector_rail	658
minecraft:item	minecraft:diamond	686
minecraft:item	minecraft:diamond_axe	722
minecraft:item	minecraft:diamond_block	68
minecraft:item	minecraft:diamond_boots	753
minecraft:item	minecraft:diamond_chestplate	751
minecraft:item	minecraft:diamond_helmet	750
minecraft:item	minecraft:diamond_hoe	723
minecraft:item	minecraft:diamond_horse_armor	975
minecraft:item	minecraft:diamond_leggings	752
minecraft:item	minecraft:diamond_ore	54
minecraft:item	minecraft:diamond_pickaxe	721
minecraft:item	minecraft:diamond_shovel	720
minecraft:item	minecraft:diamond_sword	719
minecraft:item	minecraft:diorite	4
minecraft:item	minecraft:diorite_slab	579
minecraft:item	minecraft:diorite_stairs	562
minecraft:item	minecraft:diorite_wall	338
minecraft:item	minecraft:dirt	15
minecraft:item	minecraft:dirt_path	393
minecraft:item	minecraft:dispenser	596
minecraft:item	minecraft:dolphin_spawn_egg	883
minecraft:item	minecraft:donkey_spawn_egg	884
minecraft:item	minecraft:dragon_breath	1004
minecraft:item	minecraft:dragon_egg	314
minecraft:item	minecraft:dragon_head	958
minecraft:item	minecraft:dried_kelp	850
minecraft:item	minecraft:dried_kelp_block	790
minecraft:item	minecraft:dripstone_block	13
minecraft:item	minecraft:dropper	597
minecraft:item	minecraft:drowned_spawn_egg	885
minecraft:item	minecraft:egg	794
minecraft:item	minecraft:elder_guardian_spawn_egg	886
minecraft:item	minecraft:elytra	669
minecraft:item	minecraft:emerald	687
minecraft:item	minecraft:emerald_block	317
minecraft:item	minecraft:emerald_ore	50
minecraft:item	minecraft:enchanted_book	963
minecraft:item	minecraft:enchanted_golden_apple	767
minecraft:item	minecraft:enchanting_table	310
minecraft:item	minecraft:end_crystal	998
minecraft:item	minecraft:end_portal_frame	311
minecraft:item	minecraft:end_rod	237
minecraft:item	minecraft:end_stone	312
minecraft:item	minecraft:end_stone_brick_slab	572
minecraft:item	minecraft:end_stone_brick_stairs	554
minecraft:item	minecraft:end_stone_brick_wall	337
minecraft:item	minecraft:end_stone_bricks	313
minecraft:item	minecraft:ender_chest	316
minecraft:item	minecraft:ender_eye	871
minecraft:item	minecraft:ender_pearl	858
minecraft:item	minecraft:enderman_spawn_egg	887
minecraft:item	minecraft:endermite_spawn_egg	888
minecraft:item	minecraft:evoker_spawn_egg	889
minecraft:item	minecraft:experience_bottle	940
minecraft:item	minecraft:exposed_copper	70
minecraft:item	minecraft:exposed_cut_copper	74
minecraft:item	minecraft:exposed_cut_copper_slab	82
minecraft:item	minecraft:exposed_cut_copper_stairs	78
minecraft:item	minecraft:farmland	247
minecraft:item	minecraft:feather	733
minecraft:item	minecraft:fermented_spider_eye	866
minecraft:item	minecraft:fern	151
minecraft:item	minecraft:filled_map	847
minecraft:item	minecraft:fire_charge	941
minecraft:item	minecraft:fire_coral	530
minecraft:item	minecraft:fire_coral_block	525
minecraft:item	minecraft:fire_coral_fan	540
minecraft:item	minecraft:firework_rocket	961
minecraft:item	minecraft:firework_star	962
minecraft:item	minecraft:fishing_rod	797
minecraft:item	minecraft:fletching_table	1046
minecraft:item	minecraft:flint	762
minecraft:item	minecraft:flint_and_steel	680
minecraft:item	minecraft:flower_banner_pattern	1035
minecraft:item	minecraft:flower_pot	946
minecraft:item	minecraft:flowering_azalea	153
minecraft:item	minecraft:flowering_azalea_leaves	140
minecraft:item	minecraft:fox_spawn_egg	890
minecraft:item	minecraft:furnace	248
minecraft:item	minecraft:furnace_minecart	664
minecraft:item	minecraft:ghast_spawn_egg	891
minecraft:item	minecraft:ghast_tear	860
minecraft:item	minecraft:gilded_blackstone	1068
minecraft:item	minecraft:glass	143
minecraft:item	minecraft:glass_bottle	864
minecraft:item	minecraft:glass_pane	297
minecraft:item	minecraft:glistering_melon_slice	872
minecraft:item	minecraft:globe_banner_pattern	1039
minecraft:item	minecraft:glow_berries	1054
minecraft:item	minecraft:glow_ink_sac	808
minecraft:item	minecraft:glow_item_frame	945
minecraft:item	minecraft:glow_lichen	300
minecraft:item	minecraft:glow_squid_spawn_egg	892
minecraft:item	minecraft:glowstone	275
minecraft:item	minecraft:glowstone_dust	800
minecraft:item	minecraft:goat_spawn_egg	893
minecraft:item	minecraft:gold_block	67
minecraft:item	minecraft:gold_ingot	696
minecraft:item	minecraft:gold_nugget	861
minecraft:item	minecraft:gold_ore	46
minecraft:item	minecraft:golden_apple	766
minecraft:item	minecraft:golden_axe	712
minecraft:item	minecraft:golden_boots	757
minecraft:item	minecraft:golden_carrot	952
minecraft:item	minecraft:golden_chestplate	755
minecraft:item	minecraft:golden_helmet	754
minecraft:item	minecraft:golden_hoe	713
minecraft:item	minecraft:golden_horse_armor	974
minecraft:item	minecraft:golden_leggings	756
minecraft:item	minecraft:golden_pickaxe	711
minecraft:item	minecraft:golden_shovel	710
minecraft:item	minecraft:golden_sword	709
minecraft:item	minecraft:granite	2
minecraft:item	minecraft:granite_slab	575
minecraft:item	minecraft:granite_stairs	558
minecraft:item	minecraft:granite_wall	331
minecraft:item	minecraft:grass	150
minecraft:item	minecraft:grass_block	14
minecraft:item	minecraft:gravel	39
minecraft:item	minecraft:gray_banner	989
minecraft:item	minecraft:gray_bed	837
minecraft:item	minecraft:gray_candle	1086
minecraft:item	minecraft:gray_carpet	380
minecraft:item	minecraft:gray_concrete	491
minecraft:item	minecraft:gray_concrete_powder	507
minecraft:item	minecraft:gray_dye	817
minecraft:item	minecraft:gray_glazed_terracotta	475
minecraft:item	minecraft:gray_shulker_box	459
minecraft:item	minecraft:gray_stained_glass	407
minecraft:item	minecraft:gray_stained_glass_pane	423
minecraft:item	minecraft:gray_terracotta	361
minecraft:item	minecraft:gray_wool	164
minecraft:item	minecraft:green_banner	995
minecraft:item	minecraft:green_bed	843
minecraft:item	minecraft:green_candle	1092
minecraft:item	minecraft:green_carpet	386
minecraft:item	minecraft:green_concrete	497
minecraft:item	minecraft:green_concrete_powder	513
minecraft:item	minecraft:green_dye	823
minecraft:item	minecraft:green_glazed_terracotta	481
minecraft:item	minecraft:green_shulker_box	465
minecraft:item	minecraft:green_stained_glass	413
minecraft:item	minecraft:green_stained_glass_pane	429
minecraft:item	minecraft:green_terracotta	367
minecraft:item	minecraft:green_wool	170
minecraft:item	minecraft:grindstone	1047
minecraft:item	minecraft:guardian_spawn_egg	894
minecraft:item	minecraft:gunpowder	734
minecraft:item	minecraft:hanging_roots	200
minecraft:item	minecraft:hay_block	372
minecraft:item	minecraft:heart_of_the_sea	1031
minecraft:item	minecraft:heavy_weighted_pressure_plate	622
minecraft:item	minecraft:hoglin_spawn_egg	895
minecraft:item	minecraft:honey_block	593
minecraft:item	minecraft:honey_bottle	1061
minecraft:item	minecraft:honeycomb	1058
minecraft:item	minecraft:honeycomb_block	1062
minecraft:item	minecraft:hopper	595
minecraft:item	minecraft:hopper_minecart	666
minecraft:item	minecraft:horn_coral	531
minecraft:item	minecraft:horn_coral_block	526
minecraft:item	minecraft:horn_coral_fan	541
minecraft:item	minecraft:horse_spawn_egg	896
minecraft:item	minecraft:husk_spawn_egg	897
minecraft:item	minecraft:ice	252
minecraft:item	minecraft:infested_chiseled_stone_bricks	281
minecraft:item	minecraft:infested_cobblestone	277
minecraft:item	minecraft:infested_cracked_stone_bricks	280
minecraft:item	minecraft:infested_deepslate	282
minecraft:item	minecraft:infested_mossy_stone_bricks	279
minecraft:item	minecraft:infested_stone	276
minecraft:item	minecraft:infested_stone_bricks	278
minecraft:item	minecraft:ink_sac	807
minecraft:item	minecraft:iron_axe	717
minecraft:item	minecraft:iron_bars	295
minecraft:item	minecraft:iron_block	65
minecraft:item	minecraft:iron_boots	749
minecraft:item	minecraft:iron_chestplate	747
minecraft:item	minecraft:iron_door	631
minecraft:item	minecraft:iron_helmet	746
minecraft:item	minecraft:iron_hoe	718
minecraft:item	minecraft:iron_horse_armor	973
minecraft:item	minecraft:iron_ingot	692
minecraft:item	minecraft:iron_leggings	748
minecraft:item	minecraft:iron_nugget	1012
minecraft:item	minecraft:iron_ore	42
minecraft:item	minecraft:iron_pickaxe	716
minecraft:item	minecraft:iron_shovel	715
minecraft:item	minecraft:iron_sword	714
minecraft:item	minecraft:iron_trapdoor	640
minecraft:item	minecraft:item_frame	944
minecraft:item	minecraft:jack_o_lantern	267
minecraft:item	minecraft:jigsaw	677
minecraft:item	minecraft:jukebox	256
minecraft:item	minecraft:jungle_boat	673
minecraft:item	minecraft:jungle_button	614
minecraft:item	minecraft:jungle_door	635
minecraft:item	minecraft:jungle_fence	260
minecraft:item	minecraft:jungle_fence_gate	652
minecraft:item	minecraft:jungle_leaves	136
minecraft:item	minecraft:jungle_log	104
minecraft:item	minecraft:jungle_planks	25
minecraft:item	minecraft:jungle_pressure_plate	626
minecraft:item	minecraft:jungle_sapling	33
minecraft:item	minecraft:jungle_sign	771
minecraft:item	minecraft:jungle_slab	207
minecraft:item	minecraft:jungle_stairs	320
minecraft:item	minecraft:jungle_trapdoor	644
minecraft:item	minecraft:jungle_wood	128
minecraft:item	minecraft:kelp	197
minecraft:item	minecraft:knowledge_book	1013
minecraft:item	minecraft:ladder	249
minecraft:item	minecraft:lantern	1051
minecraft:item	minecraft:lapis_block	145
minecraft:item	minecraft:lapis_lazuli	688
minecraft:item	minecraft:lapis_ore	52
minecraft:item	minecraft:large_amethyst_bud	1097
minecraft:item	minecraft:large_fern	399
minecraft:item	minecraft:lava_bucket	778
minecraft:item	minecraft:lead	977
minecraft:item	minecraft:leather	781
minecraft:item	minecraft:leather_boots	741
minecraft:item	minecraft:leather_chestplate	739
minecraft:item	minecraft:leather_helmet	738
minecraft:item	minecraft:leather_horse_armor	976
minecraft:item	minecraft:leather_leggings	740
minecraft:item	minecraft:lectern	598
minecraft:item	minecraft:lever	600
minecraft:item	minecraft:light	371
minecraft:item	minecraft:light_blue_banner	985
minecraft:item	minecraft:light_blue_bed	833
minecraft:item	minecraft:light_blue_candle	1082
minecraft:item	minecraft:light_blue_carpet	376
minecraft:item	minecraft:light_blue_concrete	487
minecraft:item	minecraft:light_blue_concrete_powder	503
minecraft:item	minecraft:light_blue_dye	813
minecraft:item	minecraft:light_blue_glazed_terracotta	471
minecraft:item	minecraft:light_blue_shulker_box	455
minecraft:item	minecraft:light_blue_stained_glass	403
minecraft:item	minecraft:light_blue_stained_glass_pane	419
minecraft:item	minecraft:light_blue_terracotta	357
minecraft:item	minecraft:light_blue_wool	160
minecraft:item	minecraft:light_gray_banner	990
minecraft:item	minecraft:light_gray_bed	838
minecraft:item	minecraft:light_gray_candle	1087
minecraft:item	minecraft:light_gray_carpet	381
minecraft:item	minecraft:light_gray_concrete	492
minecraft:item	minecraft:light_gray_concrete_powder	508
minecraft:item	minecraft:light_gray_dye	818
minecraft:item	minecraft:light_gray_glazed_terracotta	476
minecraft:item	minecraft:light_gray_shulker_box	460
minecraft:item	minecraft:light_gray_stained_glass	408
minecraft:item	minecraft:light_gray_stained_glass_pane	424
minecraft:item	minecraft:light_gray_terracotta	362
minecraft:item	minecraft:light_gray_wool	165
minecraft:item	minecraft:light_weighted_pressure_plate	621
minecraft:item	minecraft:lightning_rod	601
minecraft:item	minecraft:lilac	395
minecraft:item	minecraft:lily_of_the_valley	184
minecraft:item	minecraft:lily_pad	304
minecraft:item	minecraft:lime_banner	987
minecraft:item	minecraft:lime_bed	835
minecraft:item	minecraft:lime_candle	1084
minecraft:item	minecraft:lime_carpet	378
minecraft:item	minecraft:lime_concrete	489
minecraft:item	minecraft:lime_concrete_powder	505
minecraft:item	minecraft:lime_dye	815
minecraft:item	minecraft:lime_glazed_terracotta	473
minecraft:item	minecraft:lime_shulker_box	457
minecraft:item	minecraft:lime_stained_glass	405
minecraft:item	minecraft:lime_stained_glass_pane	421
minecraft:item	minecraft:lime_terracotta	359
minecraft:item	minecraft:lime_wool	162
minecraft:item	minecraft:lingering_potion	1008
minecraft:item	minecraft:llama_spawn_egg	898
minecraft:item	minecraft:lodestone	1063
minecraft:item	minecraft:loom	1034
minecraft:item	minecraft:magenta_banner	984
minecraft:item	minecraft:magenta_bed	832
minecraft:item	minecraft:magenta_candle	1081
minecraft:item	minecraft:magenta_carpet	375
minecraft:item	minecraft:magenta_concrete	486
minecraft:item	minecraft:magenta_concrete_powder	502
minecraft:item	minecraft:magenta_dye	812
minecraft:item	minecraft:magenta_glazed_terracotta	470
minecraft:item	minecraft:magenta_shulker_box	454
minecraft:item	minecraft:magenta_stained_glass	402
minecraft:item	minecraft:magenta_stained_glass_pane	418
minecraft:item	minecraft:magenta_terracotta	356
minecraft:item	minecraft:magenta_wool	159
minecraft:item	minecraft:magma_block	445
minecraft:item	minecraft:magma_cream	868
minecraft:item	minecraft:magma_cube_spawn_egg	899
minecraft:item	minecraft:map	951
minecraft:item	minecraft:medium_amethyst_bud	1096
minecraft:item	minecraft:melon	298
minecraft:item	minecraft:melon_seeds	852
minecraft:item	minecraft:melon_slice	849
minecraft:item	minecraft:milk_bucket	782
minecraft:item	minecraft:minecart	662
minecraft:item	minecraft:mojang_banner_pattern	1038
minecraft:item	minecraft:mooshroom_spawn_egg	900
minecraft:item	minecraft:moss_block	199
minecraft:item	minecraft:moss_carpet	198
minecraft:item	minecraft:mossy_cobblestone	234
minecraft:item	minecraft:mossy_cobblestone_slab	571
minecraft:item	minecraft:mossy_cobblestone_stairs	553
minecraft:item	minecraft:mossy_cobblestone_wall	326
minecraft:item	minecraft:mossy_stone_brick_slab	569
minecraft:item	minecraft:mossy_stone_brick_stairs	551
minecraft:item	minecraft:mossy_stone_brick_wall	330
minecraft:item	minecraft:mossy_stone_bricks	284
minecraft:item	minecraft:mule_spawn_egg	901
minecraft:item	minecraft:mushroom_stem	294
minecraft:item	minecraft:mushroom_stew	731
minecraft:item	minecraft:music_disc_11	1025
minecraft:item	minecraft:music_disc_13	1015
minecraft:item	minecraft:music_disc_blocks	1017
minecraft:item	minecraft:music_disc_cat	1016
minecraft:item	minecraft:music_disc_chirp	1018
minecraft:item	minecraft:music_disc_far	1019
minecraft:item	minecraft:music_disc_mall	1020
minecraft:item	minecraft:music_disc_mellohi	1021
minecraft:item	minecraft:music_disc_pigstep	1027
minecraft:item	minecraft:music_disc_stal	1022
minecraft:item	minecraft:music_disc_strad	1023
minecraft:item	minecraft:music_disc_wait	1026
minecraft:item	minecraft:music_disc_ward	1024
minecraft:item	minecraft:mutton	980
minecraft:item	minecraft:mycelium	303
minecraft:item	minecraft:name_tag	978
minecraft:item	minecraft:nautilus_shell	1030
minecraft:item	minecraft:nether_brick	964
minecraft:item	minecraft:nether_brick_fence	308
minecraft:item	minecraft:nether_brick_slab	220
minecraft:item	minecraft:nether_brick_stairs	309
minecraft:item	minecraft:nether_brick_wall	333
minecraft:item	minecraft:nether_bricks	305
minecraft:item	minecraft:nether_gold_ore	56
minecraft:item	minecraft:nether_quartz_ore	57
minecraft:item	minecraft:nether_sprouts	193
minecraft:item	minecraft:nether_star	959
minecraft:item	minecraft:nether_wart	862
minecraft:item	minecraft:nether_wart_block	446
minecraft:item	minecraft:netherite_axe	727
minecraft:item	minecraft:netherite_block	69
minecraft:item	minecraft:netherite_boots	761
minecraft:item	minecraft:netherite_chestplate	759
minecraft:item	minecraft:netherite_helmet	758
minecraft:item	minecraft:netherite_hoe	728
minecraft:item	minecraft:netherite_ingot	697
minecraft:item	minecraft:netherite_leggings	760
minecraft:item	minecraft:netherite_pickaxe	726
minecraft:item	minecraft:netherite_scrap	698
minecraft:item	minecraft:netherite_shovel	725
minecraft:item	minecraft:netherite_sword	724
minecraft:item	minecraft:netherrack	268
minecraft:item	minecraft:note_block	608
minecraft:item	minecraft:oak_boat	670
minecraft:item	minecraft:oak_button	611
minecraft:item	minecraft:oak_door	632
minecraft:item	minecraft:oak_fence	257
minecraft:item	minecraft:oak_fence_gate	649
minecraft:item	minecraft:oak_leaves	133
minecraft:item	minecraft:oak_log	101
minecraft:item	minecraft:oak_planks	22
minecraft:item	minecraft:oak_pressure_plate	623
minecraft:item	minecraft:oak_sapling	30
minecraft:item	minecraft:oak_sign	768
minecraft:item	minecraft:oak_slab	204
minecraft:item	minecraft:oak_stairs	244
minecraft:item	minecraft:oak_trapdoor	641
minecraft:item	minecraft:oak_wood	125
minecraft:item	minecraft:observer	594
minecraft:item	minecraft:obsidian	235
minecraft:item	minecraft:ocelot_spawn_egg	902
minecraft:item	minecraft:orange_banner	983
minecraft:item	minecraft:orange_bed	831
minecraft:item	minecraft:orange_candle	1080
minecraft:item	minecraft:orange_carpet	374
minecraft:item	minecraft:orange_concrete	485
minecraft:item	minecraft:orange_concrete_powder	501
minecraft:item	minecraft:orange_dye	811
minecraft:item	minecraft:orange_glazed_terracotta	469
minecraft:item	minecraft:orange_shulker_box	453
minecraft:item	minecraft:orange_stained_glass	401
minecraft:item	minecraft:orange_stained_glass_pane	417
minecraft:item	minecraft:orange_terracotta	355
minecraft:item	minecraft:orange_tulip	179
minecraft:item	minecraft:orange_wool	158
minecraft:item	minecraft:oxeye_daisy	182
minecraft:item	minecraft:oxidized_copper	72
minecraft:item	minecraft:oxidized_cut_copper	76
minecraft:item	minecraft:oxidized_cut_copper_slab	84
minecraft:item	minecraft:oxidized_cut_copper_stairs	80
minecraft:item	minecraft:packed_ice	390
minecraft:item	minecraft:painting	765
minecraft:item	minecraft:panda_spawn_egg	903
minecraft:item	minecraft:paper	791
minecraft:item	minecraft:parrot_spawn_egg	904
minecraft:item	minecraft:peony	397
minecraft:item	minecraft:petrified_oak_slab	216
minecraft:item	minecraft:phantom_membrane	1029
minecraft:item	minecraft:phantom_spawn_egg	905
minecraft:item	minecraft:pig_spawn_egg	906
minecraft:item	minecraft:piglin_banner_pattern	1040
minecraft:item	minecraft:piglin_brute_spawn_egg	908
minecraft:item	minecraft:piglin_spawn_egg	907
minecraft:item	minecraft:pillager_spawn_egg	909
minecraft:item	minecraft:pink_banner	988
minecraft:item	minecraft:pink_bed	836
minecraft:item	minecraft:pink_candle	1085
minecraft:item	minecraft:pink_carpet	379
minecraft:item	minecraft:pink_concrete	490
minecraft:item	minecraft:pink_concrete_powder	506
minecraft:item	minecraft:pink_dye	816
minecraft:item	minecraft:pink_glazed_terracotta	474
minecraft:item	minecraft:pink_shulker_box	458
minecraft:item	minecraft:pink_stained_glass	406
minecraft:item	minecraft:pink_stained_glass_pane	422
minecraft:item	minecraft:pink_terracotta	360
minecraft:item	minecraft:pink_tulip	181
minecraft:item	minecraft:pink_wool	163
minecraft:item	minecraft:piston	590
minecraft:item	minecraft:player_head	955
minecraft:item	minecraft:podzol	17
minecraft:item	minecraft:pointed_dripstone	1099
minecraft:item	minecraft:poisonous_potato	950
minecraft:item	minecraft:polar_bear_spawn_egg	910
minecraft:item	minecraft:polished_andesite	7
minecraft:item	minecraft:polished_andesite_slab	578
minecraft:item	minecraft:polished_andesite_stairs	561
minecraft:item	minecraft:polished_basalt	272
minecraft:item	minecraft:polished_blackstone	1069
minecraft:item	minecraft:polished_blackstone_brick_slab	1074
minecraft:item	minecraft:polished_blackstone_brick_stairs	1075
minecraft:item	minecraft:polished_blackstone_brick_wall	341
minecraft:item	minecraft:polished_blackstone_bricks	1073
minecraft:item	minecraft:polished_blackstone_button	610
minecraft:item	minecraft:polished_blackstone_pressure_plate	620
minecraft:item	minecraft:polished_blackstone_slab	1070
minecraft:item	minecraft:polished_blackstone_stairs	1071
minecraft:item	minecraft:polished_blackstone_wall	340
minecraft:item	minecraft:polished_deepslate	10
minecraft:item	minecraft:polished_deepslate_slab	581
minecraft:item	minecraft:polished_deepslate_stairs	564
minecraft:item	minecraft:polished_deepslate_wall	343
minecraft:item	minecraft:polished_diorite	5
minecraft:item	minecraft:polished_diorite_slab	570
minecraft:item	minecraft:polished_diorite_stairs	552
minecraft:item	minecraft:polished_granite	3
minecraft:item	minecraft:polished_granite_slab	567
minecraft:item	minecraft:polished_granite_stairs	549
minecraft:item	minecraft:popped_chorus_fruit	1000
minecraft:item	minecraft:poppy	174
minecraft:item	minecraft:porkchop	763
minecraft:item	minecraft:potato	948
minecraft:item	minecraft:potion	863
minecraft:item	minecraft:powder_snow_bucket	779
minecraft:item	minecraft:powered_rail	657
minecraft:item	minecraft:prismarine	432
minecraft:item	minecraft:prismarine_brick_slab	226
minecraft:item	minecraft:prismarine_brick_stairs	436
minecraft:item	minecraft:prismarine_bricks	433
minecraft:item	minecraft:prismarine_crystals	966
minecraft:item	minecraft:prismarine_shard	965
minecraft:item	minecraft:prismarine_slab	225
minecraft:item	minecraft:prismarine_stairs	435
minecraft:item	minecraft:prismarine_wall	328
minecraft:item	minecraft:pufferfish	804
minecraft:item	minecraft:pufferfish_bucket	783
minecraft:item	minecraft:pufferfish_spawn_egg	911
minecraft:item	minecraft:pumpkin	265
minecraft:item	minecraft:pumpkin_pie	960
minecraft:item	minecraft:pumpkin_seeds	851
minecraft:item	minecraft:purple_banner	992
minecraft:item	minecraft:purple_bed	840
minecraft:item	minecraft:purple_candle	1089
minecraft:item	minecraft:purple_carpet	383
minecraft:item	minecraft:purple_concrete	494
minecraft:item	minecraft:purple_concrete_powder	510
minecraft:item	minecraft:purple_dye	820
minecraft:item	minecraft:purple_glazed_terracotta	478
minecraft:item	minecraft:purple_shulker_box	462
minecraft:item	minecraft:purple_stained_glass	410
minecraft:item	minecraft:purple_stained_glass_pane	426
minecraft:item	minecraft:purple_terracotta	364
minecraft:item	minecraft:purple_wool	167
minecraft:item	minecraft:purpur_block	240
minecraft:item	minecraft:purpur_pillar	241
minecraft:item	minecraft:purpur_slab	224
minecraft:item	minecraft:purpur_stairs	242
minecraft:item	minecraft:quartz	689
minecraft:item	minecraft:quartz_block	350
minecraft:item	minecraft:quartz_bricks	351
minecraft:item	minecraft:quartz_pillar	352
minecraft:item	minecraft:quartz_slab	221
minecraft:item	minecraft:quartz_stairs	353
minecraft:item	minecraft:rabbit	967
minecraft:item	minecraft:rabbit_foot	970
minecraft:item	minecraft:rabbit_hide	971
minecraft:item	minecraft:rabbit_spawn_egg	912
minecraft:item	minecraft:rabbit_stew	969
minecraft:item	minecraft:rail	659
minecraft:item	minecraft:ravager_spawn_egg	913
minecraft:item	minecraft:raw_copper	693
minecraft:item	minecraft:raw_copper_block	61
minecraft:item	minecraft:raw_gold	695
minecraft:item	minecraft:raw_gold_block	62
minecraft:item	minecraft:raw_iron	691
minecraft:item	minecraft:raw_iron_block	60
minecraft:item	minecraft:red_banner	996
minecraft:item	minecraft:red_bed	844
minecraft:item	minecraft:red_candle	1093
minecraft:item	minecraft:red_carpet	387
minecraft:item	minecraft:red_concrete	498
minecraft:item	minecraft:red_concrete_powder	514
minecraft:item	minecraft:red_dye	824
minecraft:item	minecraft:red_glazed_terracotta	482
minecraft:item	minecraft:red_mushroom	188
minecraft:item	minecraft:red_mushroom_block	293
minecraft:item	minecraft:red_nether_brick_slab	577
minecraft:item	minecraft:red_nether_brick_stairs	560
minecraft:item	minecraft:red_nether_brick_wall	335
minecraft:item	minecraft:red_nether_bricks	448
minecraft:item	minecraft:red_sand	38
minecraft:item	minecraft:red_sandstone	439
minecraft:item	minecraft:red_sandstone_slab	222
minecraft:item	minecraft:red_sandstone_stairs	442
minecraft:item	minecraft:red_sandstone_wall	329
minecraft:item	minecraft:red_shulker_box	466
minecraft:item	minecraft:red_stained_glass	414
minecraft:item	minecraft:red_stained_glass_pane	430
minecraft:item	minecraft:red_terracotta	368
minecraft:item	minecraft:red_tulip	178
minecraft:item	minecraft:red_wool	171
minecraft:item	minecraft:redstone	585
minecraft:item	minecraft:redstone_block	587
minecraft:item	minecraft:redstone_lamp	607
minecraft:item	minecraft:redstone_ore	48
minecraft:item	minecraft:redstone_torch	586
minecraft:item	minecraft:repeater	588
minecraft:item	minecraft:repeating_command_block	443
minecraft:item	minecraft:respawn_anchor	1077
minecraft:item	minecraft:rooted_dirt	18
minecraft:item	minecraft:rose_bush	396
minecraft:item	minecraft:rotten_flesh	857
minecraft:item	minecraft:saddle	661
minecraft:item	minecraft:salmon	802
minecraft:item	minecraft:salmon_bucket	784
minecraft:item	minecraft:salmon_spawn_egg	914
minecraft:item	minecraft:sand	37
minecraft:item	minecraft:sandstone	146
minecraft:item	minecraft:sandstone_slab	214
minecraft:item	minecraft:sandstone_stairs	315
minecraft:item	minecraft:sandstone_wall	336
minecraft:item	minecraft:scaffolding	584
minecraft:item	minecraft:sculk_sensor	603
minecraft:item	minecraft:scute	679
minecraft:item	minecraft:sea_lantern	438
minecraft:item	minecraft:sea_pickle	156
minecraft:item	minecraft:seagrass	155
minecraft:item	minecraft:shears	848
minecraft:item	minecraft:sheep_spawn_egg	915
minecraft:item	minecraft:shield	1009
minecraft:item	minecraft:shroomlight	1057
minecraft:item	minecraft:shulker_box	451
minecraft:item	minecraft:shulker_shell	1011
minecraft:item	minecraft:shulker_spawn_egg	916
minecraft:item	minecraft:silverfish_spawn_egg	917
minecraft:item	minecraft:skeleton_horse_spawn_egg	919
minecraft:item	minecraft:skeleton_skull	953
minecraft:item	minecraft:skeleton_spawn_egg	918
minecraft:item	minecraft:skull_banner_pattern	1037
minecraft:item	minecraft:slime_ball	793
minecraft:item	minecraft:slime_block	592
minecraft:item	minecraft:slime_spawn_egg	920
minecraft:item	minecraft:small_amethyst_bud	1095
minecraft:item	minecraft:small_dripleaf	202
minecraft:item	minecraft:smithing_table	1048
minecraft:item	minecraft:smoker	1043
minecraft:item	minecraft:smooth_basalt	273
minecraft:item	minecraft:smooth_quartz	228
minecraft:item	minecraft:smooth_quartz_slab	574
minecraft:item	minecraft:smooth_quartz_stairs	557
minecraft:item	minecraft:smooth_red_sandstone	229
minecraft:item	minecraft:smooth_red_sandstone_slab	568
minecraft:item	minecraft:smooth_red_sandstone_stairs	550
minecraft:item	minecraft:smooth_sandstone	230
minecraft:item	minecraft:smooth_sandstone_slab	573
minecraft:item	minecraft:smooth_sandstone_stairs	556
minecraft:item	minecraft:smooth_stone	231
minecraft:item	minecraft:smooth_stone_slab	213
minecraft:item	minecraft:snow	251
minecraft:item	minecraft:snow_block	253
minecraft:item	minecraft:snowball	780
minecraft:item	minecraft:soul_campfire	1056
minecraft:item	minecraft:soul_lantern	1052
minecraft:item	minecraft:soul_sand	269
minecraft:item	minecraft:soul_soil	270
minecraft:item	minecraft:soul_torch	274
minecraft:item	minecraft:spawner	243
minecraft:item	minecraft:spectral_arrow	1006
minecraft:item	minecraft:spider_eye	865
minecraft:item	minecraft:spider_spawn_egg	921
minecraft:item	minecraft:splash_potion	1005
minecraft:item	minecraft:sponge	141
minecraft:item	minecraft:spore_blossom	186
minecraft:item	minecraft:spruce_boat	671
minecraft:item	minecraft:spruce_button	612
minecraft:item	minecraft:spruce_door	633
minecraft:item	minecraft:spruce_fence	258
minecraft:item	minecraft:spruce_fence_gate	650
minecraft:item	minecraft:spruce_leaves	134
minecraft:item	minecraft:spruce_log	102
minecraft:item	minecraft:spruce_planks	23
minecraft:item	minecraft:spruce_pressure_plate	624
minecraft:item	minecraft:spruce_sapling	31
minecraft:item	minecraft:spruce_sign	769
minecraft:item	minecraft:spruce_slab	205
minecraft:item	minecraft:spruce_stairs	318
minecraft:item	minecraft:spruce_trapdoor	642
minecraft:item	minecraft:spruce_wood	126
minecraft:item	minecraft:spyglass	799
minecraft:item	minecraft:squid_spawn_egg	922
minecraft:item	minecraft:stick	729
minecraft:item	minecraft:sticky_piston	591
minecraft:item	minecraft:stone	1
minecraft:item	minecraft:stone_axe	707
minecraft:item	minecraft:stone_brick_slab	219
minecraft:item	minecraft:stone_brick_stairs	302
minecraft:item	minecraft:stone_brick_wall	332
minecraft:item	minecraft:stone_bricks	283
minecraft:item	minecraft:stone_button	609
minecraft:item	minecraft:stone_hoe	708
minecraft:item	minecraft:stone_pickaxe	706
minecraft:item	minecraft:stone_pressure_plate	619
minecraft:item	minecraft:stone_shovel	705
minecraft:item	minecraft:stone_slab	212
minecraft:item	minecraft:stone_stairs	555
minecraft:item	minecraft:stone_sword	704
minecraft:item	minecraft:stonecutter	1049
minecraft:item	minecraft:stray_spawn_egg	923
minecraft:item	minecraft:strider_spawn_egg	924
minecraft:item	minecraft:string	732
minecraft:item	minecraft:stripped_acacia_log	113
minecraft:item	minecraft:stripped_acacia_wood	121
minecraft:item	minecraft:stripped_birch_log	111
minecraft:item	minecraft:stripped_birch_wood	119
minecraft:item	minecraft:stripped_crimson_hyphae	123
minecraft:item	minecraft:stripped_crimson_stem	115
minecraft:item	minecraft:stripped_dark_oak_log	114
minecraft:item	minecraft:stripped_dark_oak_wood	122
minecraft:item	minecraft:stripped_jungle_log	112
minecraft:item	minecraft:stripped_jungle_wood	120
minecraft:item	minecraft:stripped_oak_log	109
minecraft:item	minecraft:stripped_oak_wood	117
minecraft:item	minecraft:stripped_spruce_log	110
minecraft:item	minecraft:stripped_spruce_wood	118
minecraft:item	minecraft:stripped_warped_hyphae	124
minecraft:item	minecraft:stripped_warped_stem	116
minecraft:item	minecraft:structure_block	676
minecraft:item	minecraft:structure_void	450
minecraft:item	minecraft:sugar	828
minecraft:item	minecraft:sugar_cane	196
minecraft:item	minecraft:sunflower	394
minecraft:item	minecraft:suspicious_stew	1033
minecraft:item	minecraft:sweet_berries	1053
minecraft:item	minecraft:tall_grass	398
minecraft:item	minecraft:target	599
minecraft:item	minecraft:terracotta	389
minecraft:item	minecraft:tinted_glass	144
minecraft:item	minecraft:tipped_arrow	1007
minecraft:item	minecraft:tnt	606
minecraft:item	minecraft:tnt_minecart	665
minecraft:item	minecraft:torch	236
minecraft:item	minecraft:totem_of_undying	1010
minecraft:item	minecraft:trader_llama_spawn_egg	925
minecraft:item	minecraft:trapped_chest	605
minecraft:item	minecraft:trident	1028
minecraft:item	minecraft:tripwire_hook	604
minecraft:item	minecraft:tropical_fish	803
minecraft:item	minecraft:tropical_fish_bucket	786
minecraft:item	minecraft:tropical_fish_spawn_egg	926
minecraft:item	minecraft:tube_coral	527
minecraft:item	minecraft:tube_coral_block	522
minecraft:item	minecraft:tube_coral_fan	537
minecraft:item	minecraft:tuff	12
minecraft:item	minecraft:turtle_egg	516
minecraft:item	minecraft:turtle_helmet	678
minecraft:item	minecraft:turtle_spawn_egg	927
minecraft:item	minecraft:twisting_vines	195
minecraft:item	minecraft:vex_spawn_egg	928
minecraft:item	minecraft:villager_spawn_egg	929
minecraft:item	minecraft:vindicator_spawn_egg	930
minecraft:item	minecraft:vine	299
minecraft:item	minecraft:wandering_trader_spawn_egg	931
minecraft:item	minecraft:warped_button	618
minecraft:item	minecraft:warped_door	639
minecraft:item	minecraft:warped_fence	264
minecraft:item	minecraft:warped_fence_gate	656
minecraft:item	minecraft:warped_fungus	190
minecraft:item	minecraft:warped_fungus_on_a_stick	668
minecraft:item	minecraft:warped_hyphae	132
minecraft:item	minecraft:warped_nylium	20
minecraft:item	minecraft:warped_planks	29
minecraft:item	minecraft:warped_pressure_plate	630
minecraft:item	minecraft:warped_roots	192
minecraft:item	minecraft:warped_sign	775
minecraft:item	minecraft:warped_slab	211
minecraft:item	minecraft:warped_stairs	322
minecraft:item	minecraft:warped_stem	108
minecraft:item	minecraft:warped_trapdoor	648
minecraft:item	minecraft:warped_wart_block	447
minecraft:item	minecraft:water_bucket	777
minecraft:item	minecraft:waxed_copper_block	85
minecraft:item	minecraft:waxed_cut_copper	89
minecraft:item	minecraft:waxed_cut_copper_slab	97
minecraft:item	minecraft:waxed_cut_copper_stairs	93
minecraft:item	minecraft:waxed_exposed_copper	86
minecraft:item	minecraft:waxed_exposed_cut_copper	90
minecraft:item	minecraft:waxed_exposed_cut_copper_slab	98
minecraft:item	minecraft:waxed_exposed_cut_copper_stairs	94
minecraft:item	minecraft:waxed_oxidized_copper	88
minecraft:item	minecraft:waxed_oxidized_cut_copper	92
minecraft:item	minecraft:waxed_oxidized_cut_copper_slab	100
minecraft:item	minecraft:waxed_oxidized_cut_copper_stairs	96
minecraft:item	minecraft:waxed_weathered_copper	87
minecraft:item	minecraft:waxed_weathered_cut_copper	91
minecraft:item	minecraft:waxed_weathered_cut_copper_slab	99
minecraft:item	minecraft:waxed_weathered_cut_copper_stairs	95
minecraft:item	minecraft:weathered_copper	71
minecraft:item	minecraft:weathered_cut_copper	75
minecraft:item	minecraft:weathered_cut_copper_slab	83
minecraft:item	minecraft:weathered_cut_copper_stairs	79
minecraft:item	minecraft:weeping_vines	194
minecraft:item	minecraft:wet_sponge	142
minecraft:item	minecraft:wheat	736
minecraft:item	minecraft:wheat_seeds	735
minecraft:item	minecraft:white_banner	982
minecraft:item	minecraft:white_bed	830
minecraft:item	minecraft:white_candle	1079
minecraft:item	minecraft:white_carpet	373
minecraft:item	minecraft:white_concrete	484
minecraft:item	minecraft:white_concrete_powder	500
minecraft:item	minecraft:white_dye	810
minecraft:item	minecraft:white_glazed_terracotta	468
minecraft:item	minecraft:white_shulker_box	452
minecraft:item	minecraft:white_stained_glass	400
minecraft:item	minecraft:white_stained_glass_pane	416
minecraft:item	minecraft:white_terracotta	354
minecraft:item	minecraft:white_tulip	180
minecraft:item	minecraft:white_wool	157
minecraft:item	minecraft:witch_spawn_egg	932
minecraft:item	minecraft:wither_rose	185
minecraft:item	minecraft:wither_skeleton_skull	954
minecraft:item	minecraft:wither_skeleton_spawn_egg	933
minecraft:item	minecraft:wolf_spawn_egg	934
minecraft:item	minecraft:wooden_axe	702
minecraft:item	minecraft:wooden_hoe	703
minecraft:item	minecraft:wooden_pickaxe	701
minecraft:item	minecraft:wooden_shovel	700
minecraft:item	minecraft:wooden_sword	699
minecraft:item	minecraft:writable_book	942
minecraft:item	minecraft:written_book	943
minecraft:item	minecraft:yellow_banner	986
minecraft:item	minecraft:yellow_bed	834
minecraft:item	minecraft:yellow_candle	1083
minecraft:item	minecraft:yellow_carpet	377
minecraft:item	minecraft:yellow_concrete	488
minecraft:item	minecraft:yellow_concrete_powder	504
minecraft:item	minecraft:yellow_dye	814
minecraft:item	minecraft:yellow_glazed_terracotta	472
minecraft:item	minecraft:yellow_shulker_box	456
minecraft:item	minecraft:yellow_stained_glass	404
minecraft:item	minecraft:yellow_stained_glass_pane	420
minecraft:item	minecraft:yellow_terracotta	358
minecraft:item	minecraft:yellow_wool	161
minecraft:item	minecraft:zoglin_spawn_egg	935
minecraft:item	minecraft:zombie_head	956
minecraft:item	minecraft:zombie_horse_spawn_egg	937
minecraft:item	minecraft:zombie_spawn_egg	936
minecraft:item	minecraft:zombie_villager_spawn_egg	938
minecraft:item	minecraft:zombified_piglin_spawn_egg	939
minecraft:loot_condition_type	minecraft:alternative	1
minecraft:loot_condition_type	minecraft:block_state_property	7
minecraft:loot_condition_type	minecraft:damage_source_properties	11
minecraft:loot_condition_type	minecraft:entity_properties	4
minecraft:loot_condition_type	minecraft:entity_scores	6
minecraft:loot_condition_type	minecraft:inverted	0
minecraft:loot_condition_type	minecraft:killed_by_player	5
minecraft:loot_condition_type	minecraft:location_check	12
minecraft:loot_condition_type	minecraft:match_tool	8
minecraft:loot_condition_type	minecraft:random_chance	2
minecraft:loot_condition_type	minecraft:random_chance_with_looting	3
minecraft:loot_condition_type	minecraft:reference	14
minecraft:loot_condition_type	minecraft:survives_explosion	10
minecraft:loot_condition_type	minecraft:table_bonus	9
minecraft:loot_condition_type	minecraft:time_check	15
minecraft:loot_condition_type	minecraft:value_check	16
minecraft:loot_condition_type	minecraft:weather_check	13
minecraft:loot_function_type	minecraft:apply_bonus	15
minecraft:loot_function_type	minecraft:copy_name	12
minecraft:loot_function_type	minecraft:copy_nbt	20
minecraft:loot_function_type	minecraft:copy_state	21
minecraft:loot_function_type	minecraft:enchant_randomly	2
minecraft:loot_function_type	minecraft:enchant_with_levels	1
minecraft:loot_function_type	minecraft:exploration_map	10
minecraft:loot_function_type	minecraft:explosion_decay	17
minecraft:loot_function_type	minecraft:fill_player_head	19
minecraft:loot_function_type	minecraft:furnace_smelt	5
minecraft:loot_function_type	minecraft:limit_count	14
minecraft:loot_function_type	minecraft:looting_enchant	6
minecraft:loot_function_type	minecraft:set_attributes	8
minecraft:loot_function_type	minecraft:set_banner_pattern	22
minecraft:loot_function_type	minecraft:set_contents	13
minecraft:loot_function_type	minecraft:set_count	0
minecraft:loot_function_type	minecraft:set_damage	7
minecraft:loot_function_type	minecraft:set_enchantments	3
minecraft:loot_function_type	minecraft:set_loot_table	16
minecraft:loot_function_type	minecraft:set_lore	18
minecraft:loot_function_type	minecraft:set_name	9
minecraft:loot_function_type	minecraft:set_nbt	4
minecraft:loot_function_type	minecraft:set_stew_effect	11
minecraft:loot_nbt_provider_type	minecraft:context	1
minecraft:loot_nbt_provider_type	minecraft:storage	0
minecraft:loot_number_provider_type	minecraft:binomial	2
minecraft:loot_number_provider_type	minecraft:constant	0
minecraft:loot_number_provider_type	minecraft:score	3
minecraft:loot_number_provider_type	minecraft:uniform	1
minecraft:loot_pool_entry_type	minecraft:alternatives	5
minecraft:loot_pool_entry_type	minecraft:dynamic	3
minecraft:loot_pool_entry_type	minecraft:empty	0
minecraft:loot_pool_entry_type	minecraft:group	7
minecraft:loot_pool_entry_type	minecraft:item	1
minecraft:loot_pool_entry_type	minecraft:loot_table	2
minecraft:loot_pool_entry_type	minecraft:sequence	6
minecraft:loot_pool_entry_type	minecraft:tag	4
minecraft:loot_score_provider_type	minecraft:context	1
minecraft:loot_score_provider_type	minecraft:fixed	0
minecraft:memory_module_type	minecraft:admiring_disabled	52
minecraft:memory_module_type	minecraft:admiring_item	49
minecraft:memory_module_type	minecraft:angry_at	47
minecraft:memory_module_type	minecraft:ate_recently	67
minecraft:memory_module_type	minecraft:attack_cooling_down	15
minecraft:memory_module_type	minecraft:attack_target	14
minecraft:memory_module_type	minecraft:avoid_target	25
minecraft:memory_module_type	minecraft:breed_target	17
minecraft:memory_module_type	minecraft:cant_reach_walk_target_since	30
minecraft:memory_module_type	minecraft:celebrate_location	54
minecraft:memory_module_type	minecraft:dancing	55
minecraft:memory_module_type	minecraft:disable_walk_to_admire_item	51
minecraft:memory_module_type	minecraft:doors_to_close	21
minecraft:memory_module_type	minecraft:dummy	0
minecraft:memory_module_type	minecraft:golem_detected_recently	31
minecraft:memory_module_type	minecraft:has_hunting_cooldown	44
minecraft:memory_module_type	minecraft:heard_bell_time	29
minecraft:memory_module_type	minecraft:hiding_place	28
minecraft:memory_module_type	minecraft:home	1
minecraft:memory_module_type	minecraft:hunted_recently	53
minecraft:memory_module_type	minecraft:hurt_by	23
minecraft:memory_module_type	minecraft:hurt_by_entity	24
minecraft:memory_module_type	minecraft:interactable_doors	20
minecraft:memory_module_type	minecraft:interaction_target	16
minecraft:memory_module_type	minecraft:is_tempted	41
minecraft:memory_module_type	minecraft:job_site	2
minecraft:memory_module_type	minecraft:last_slept	32
minecraft:memory_module_type	minecraft:last_woken	33
minecraft:memory_module_type	minecraft:last_worked_at_poi	34
minecraft:memory_module_type	minecraft:long_jump_cooling_down	42
minecraft:memory_module_type	minecraft:long_jump_mid_jump	43
minecraft:memory_module_type	minecraft:look_target	13
minecraft:memory_module_type	minecraft:meeting_point	4
minecraft:memory_module_type	minecraft:mobs	6
minecraft:memory_module_type	minecraft:nearby_adult_piglins	59
minecraft:memory_module_type	minecraft:nearest_attackable	27
minecraft:memory_module_type	minecraft:nearest_bed	22
minecraft:memory_module_type	minecraft:nearest_hostile	26
minecraft:memory_module_type	minecraft:nearest_player_holding_wanted_item	66
minecraft:memory_module_type	minecraft:nearest_players	9
minecraft:memory_module_type	minecraft:nearest_repellent	68
minecraft:memory_module_type	minecraft:nearest_targetable_player_not_wearing_gold	58
minecraft:memory_module_type	minecraft:nearest_visible_adult	35
minecraft:memory_module_type	minecraft:nearest_visible_adult_hoglins	61
minecraft:memory_module_type	minecraft:nearest_visible_adult_piglin	62
minecraft:memory_module_type	minecraft:nearest_visible_adult_piglins	60
minecraft:memory_module_type	minecraft:nearest_visible_baby_hoglin	57
minecraft:memory_module_type	minecraft:nearest_visible_huntable_hoglin	56
minecraft:memory_module_type	minecraft:nearest_visible_nemesis	37
minecraft:memory_module_type	minecraft:nearest_visible_player	10
minecraft:memory_module_type	minecraft:nearest_visible_targetable_player	11
minecraft:memory_module_type	minecraft:nearest_visible_wanted_item	36
minecraft:memory_module_type	minecraft:nearest_visible_zombified	63
minecraft:memory_module_type	minecraft:pacified	69
minecraft:memory_module_type	minecraft:path	19
minecraft:memory_module_type	minecraft:play_dead_ticks	38
minecraft:memory_module_type	minecraft:potential_job_site	3
minecraft:memory_module_type	minecraft:ram_cooldown_ticks	45
minecraft:memory_module_type	minecraft:ram_target	46
minecraft:memory_module_type	minecraft:ride_target	18
minecraft:memory_module_type	minecraft:secondary_job_site	5
minecraft:memory_module_type	minecraft:temptation_cooldown_ticks	40
minecraft:memory_module_type	minecraft:tempting_player	39
minecraft:memory_module_type	minecraft:time_trying_to_reach_admire_item	50
minecraft:memory_module_type	minecraft:universal_anger	48
minecraft:memory_module_type	minecraft:visible_adult_hoglin_count	65
minecraft:memory_module_type	minecraft:visible_adult_piglin_count	64
minecraft:memory_module_type	minecraft:visible_mobs	7
minecraft:memory_module_type	minecraft:visible_villager_babies	8
minecraft:memory_module_type	minecraft:walk_target	12
minecraft:menu	minecraft:anvil	7
minecraft:menu	minecraft:beacon	8
minecraft:menu	minecraft:blast_furnace	9
minecraft:menu	minecraft:brewing_stand	10
minecraft:menu	minecraft:cartography_table	22
minecraft:menu	minecraft:crafting	11
minecraft:menu	minecraft:enchantment	12
minecraft:menu	minecraft:furnace	13
minecraft:menu	minecraft:generic_3x3	6
minecraft:menu	minecraft:generic_9x1	0
minecraft:menu	minecraft:generic_9x2	1
minecraft:menu	minecraft:generic_9x3	2
minecraft:menu	minecraft:generic_9x4	3
minecraft:menu	minecraft:generic_9x5	4
minecraft:menu	minecraft:generic_9x6	5
minecraft:menu	minecraft:grindstone	14
minecraft:menu	minecraft:hopper	15
minecraft:menu	minecraft:lectern	16
minecraft:menu	minecraft:loom	17
minecraft:menu	minecraft:merchant	18
minecraft:menu	minecraft:shulker_box	19
minecraft:menu	minecraft:smithing	20
minecraft:menu	minecraft:smoker	21
minecraft:menu	minecraft:stonecutter	23
minecraft:mob_effect	minecraft:absorption	22
minecraft:mob_effect	minecraft:bad_omen	31
minecraft:mob_effect	minecraft:blindness	15
minecraft:mob_effect	minecraft:conduit_power	29
minecraft:mob_effect	minecraft:dolphins_grace	30
minecraft:mob_effect	minecraft:fire_resistance	12
minecraft:mob_effect	minecraft:glowing	24
minecraft:mob_effect	minecraft:haste	3
minecraft:mob_effect	minecraft:health_boost	21
minecraft:mob_effect	minecraft:hero_of_the_village	32
minecraft:mob_effect	minecraft:hunger	17
minecraft:mob_effect	minecraft:instant_damage	7
minecraft:mob_effect	minecraft:instant_health	6
minecraft:mob_effect	minecraft:invisibility	14
minecraft:mob_effect	minecraft:jump_boost	8
minecraft:mob_effect	minecraft:levitation	25
minecraft:mob_effect	minecraft:luck	26
minecraft:mob_effect	minecraft:mining_fatigue	4
minecraft:mob_effect	minecraft:nausea	9
minecraft:mob_effect	minecraft:night_vision	16
minecraft:mob_effect	minecraft:poison	19
minecraft:mob_effect	minecraft:regeneration	10
minecraft:mob_effect	minecraft:resistance	11
minecraft:mob_effect	minecraft:saturation	23
minecraft:mob_effect	minecraft:slow_falling	28
minecraft:mob_effect	minecraft:slowness	2
minecraft:mob_effect	minecraft:speed	1
minecraft:mob_effect	minecraft:strength	5
minecraft:mob_effect	minecraft:unluck	27
minecraft:mob_effect	minecraft:water_breathing	13
minecraft:mob_effect	minecraft:weakness	18
minecraft:mob_effect	minecraft:wither	20
minecraft:motive	minecraft:alban	2
minecraft:motive	minecraft:aztec	1
minecraft:motive	minecraft:aztec2	3
minecraft:motive	minecraft:bomb	4
minecraft:motive	minecraft:burning_skull	23
minecraft:motive	minecraft:bust	15
minecraft:motive	minecraft:courbet	8
minecraft:motive	minecraft:creebet	11
minecraft:motive	minecraft:donkey_kong	25
minecraft:motive	minecraft:fighters	20
minecraft:motive	minecraft:graham	13
minecraft:motive	minecraft:kebab	0
minecraft:motive	minecraft:match	14
minecraft:motive	minecraft:pigscene	22
minecraft:motive	minecraft:plant	5
minecraft:motive	minecraft:pointer	21
minecraft:motive	minecraft:pool	7
minecraft:motive	minecraft:sea	9
minecraft:motive	minecraft:skeleton	24
minecraft:motive	minecraft:skull_and_roses	18
minecraft:motive	minecraft:stage	16
minecraft:motive	minecraft:sunset	10
minecraft:motive	minecraft:void	17
minecraft:motive	minecraft:wanderer	12
minecraft:motive	minecraft:wasteland	6
minecraft:motive	minecraft:wither	19
minecraft:particle_type	minecraft:ambient_entity_effect	0
minecraft:particle_type	minecraft:angry_villager	1
minecraft:particle_type	minecraft:ash	68
minecraft:particle_type	minecraft:barrier	2
minecraft:particle_type	minecraft:block	4
minecraft:particle_type	minecraft:bubble	5
minecraft:particle_type	minecraft:bubble_column_up	58
minecraft:particle_type	minecraft:bubble_pop	56
minecraft:particle_type	minecraft:campfire_cosy_smoke	61
minecraft:particle_type	minecraft:campfire_signal_smoke	62
minecraft:particle_type	minecraft:cloud	6
minecraft:particle_type	minecraft:composter	33
minecraft:particle_type	minecraft:crimson_spore	69
minecraft:particle_type	minecraft:crit	7
minecraft:particle_type	minecraft:current_down	57
minecraft:particle_type	minecraft:damage_indicator	8
minecraft:particle_type	minecraft:dolphin	60
minecraft:particle_type	minecraft:dragon_breath	9
minecraft:particle_type	minecraft:dripping_dripstone_lava	79
minecraft:particle_type	minecraft:dripping_dripstone_water	81
minecraft:particle_type	minecraft:dripping_honey	63
minecraft:particle_type	minecraft:dripping_lava	10
minecraft:particle_type	minecraft:dripping_obsidian_tear	72
minecraft:particle_type	minecraft:dripping_water	13
minecraft:particle_type	minecraft:dust	15
minecraft:particle_type	minecraft:dust_color_transition	16
minecraft:particle_type	minecraft:effect	17
minecraft:particle_type	minecraft:elder_guardian	18
minecraft:particle_type	minecraft:electric_spark	87
minecraft:particle_type	minecraft:enchant	20
minecraft:particle_type	minecraft:enchanted_hit	19
minecraft:particle_type	minecraft:end_rod	21
minecraft:particle_type	minecraft:entity_effect	22
minecraft:particle_type	minecraft:explosion	24
minecraft:particle_type	minecraft:explosion_emitter	23
minecraft:particle_type	minecraft:falling_dripstone_lava	80
minecraft:particle_type	minecraft:falling_dripstone_water	82
minecraft:particle_type	minecraft:falling_dust	25
minecraft:particle_type	minecraft:falling_honey	64
minecraft:particle_type	minecraft:falling_lava	11
minecraft:particle_type	minecraft:falling_nectar	66
minecraft:particle_type	minecraft:falling_obsidian_tear	73
minecraft:particle_type	minecraft:falling_spore_blossom	67
minecraft:particle_type	minecraft:falling_water	14
minecraft:particle_type	minecraft:firework	26
minecraft:particle_type	minecraft:fishing	27
minecraft:particle_type	minecraft:flame	28
minecraft:particle_type	minecraft:flash	31
minecraft:particle_type	minecraft:glow	84
minecraft:particle_type	minecraft:glow_squid_ink	83
minecraft:particle_type	minecraft:happy_villager	32
minecraft:particle_type	minecraft:heart	34
minecraft:particle_type	minecraft:instant_effect	35
minecraft:particle_type	minecraft:item	36
minecraft:particle_type	minecraft:item_slime	38
minecraft:particle_type	minecraft:item_snowball	39
minecraft:particle_type	minecraft:landing_honey	65
minecraft:particle_type	minecraft:landing_lava	12
minecraft:particle_type	minecraft:landing_obsidian_tear	74
minecraft:particle_type	minecraft:large_smoke	40
minecraft:particle_type	minecraft:lava	41
minecraft:particle_type	minecraft:light	3
minecraft:particle_type	minecraft:mycelium	42
minecraft:particle_type	minecraft:nautilus	59
minecraft:particle_type	minecraft:note	43
minecraft:particle_type	minecraft:poof	44
minecraft:particle_type	minecraft:portal	45
minecraft:particle_type	minecraft:rain	46
minecraft:particle_type	minecraft:reverse_portal	75
minecraft:particle_type	minecraft:scrape	88
minecraft:particle_type	minecraft:small_flame	77
minecraft:particle_type	minecraft:smoke	47
minecraft:particle_type	minecraft:sneeze	48
minecraft:particle_type	minecraft:snowflake	78
minecraft:particle_type	minecraft:soul	30
minecraft:particle_type	minecraft:soul_fire_flame	29
minecraft:particle_type	minecraft:spit	49
minecraft:particle_type	minecraft:splash	54
minecraft:particle_type	minecraft:spore_blossom_air	71
minecraft:particle_type	minecraft:squid_ink	50
minecraft:particle_type	minecraft:sweep_attack	51
minecraft:particle_type	minecraft:totem_of_undying	52
minecraft:particle_type	minecraft:underwater	53
minecraft:particle_type	minecraft:vibration	37
minecraft:particle_type	minecraft:warped_spore	70
minecraft:particle_type	minecraft:wax_off	86
minecraft:particle_type	minecraft:wax_on	85
minecraft:particle_type	minecraft:white_ash	76
minecraft:particle_type	minecraft:witch	55
minecraft:point_of_interest_type	minecraft:armorer	1
minecraft:point_of_interest_type	minecraft:bee_nest	18
minecraft:point_of_interest_type	minecraft:beehive	17
minecraft:point_of_interest_type	minecraft:butcher	2
minecraft:point_of_interest_type	minecraft:cartographer	3
minecraft:point_of_interest_type	minecraft:cleric	4
minecraft:point_of_interest_type	minecraft:farmer	5
minecraft:point_of_interest_type	minecraft:fisherman	6
minecraft:point_of_interest_type	minecraft:fletcher	7
minecraft:point_of_interest_type	minecraft:home	15
minecraft:point_of_interest_type	minecraft:leatherworker	8
minecraft:point_of_interest_type	minecraft:librarian	9
minecraft:point_of_interest_type	minecraft:lightning_rod	21
minecraft:point_of_interest_type	minecraft:lodestone	20
minecraft:point_of_interest_type	minecraft:mason	10
minecraft:point_of_interest_type	minecraft:meeting	16
minecraft:point_of_interest_type	minecraft:nether_portal	19
minecraft:point_of_interest_type	minecraft:nitwit	11
minecraft:point_of_interest_type	minecraft:shepherd	12
minecraft:point_of_interest_type	minecraft:toolsmith	13
minecraft:point_of_interest_type	minecraft:unemployed	0
minecraft:point_of_interest_type	minecraft:weaponsmith	14
minecraft:pos_rule_test	minecraft:always_true	0
minecraft:pos_rule_test	minecraft:axis_aligned_linear_pos	2
minecraft:pos_rule_test	minecraft:linear_pos	1
minecraft:position_source_type	minecraft:block	0
minecraft:position_source_type	minecraft:entity	1
minecraft:potion	minecraft:awkward	4
minecraft:potion	minecraft:empty	0
minecraft:potion	minecraft:fire_resistance	12
minecraft:potion	minecraft:harming	27
minecraft:potion	minecraft:healing	25
minecraft:potion	minecraft:invisibility	7
minecraft:potion	minecraft:leaping	9
minecraft:potion	minecraft:long_fire_resistance	13
minecraft:potion	minecraft:long_invisibility	8
minecraft:potion	minecraft:long_leaping	10
minecraft:potion	minecraft:long_night_vision	6
minecraft:potion	minecraft:long_poison	30
minecraft:potion	minecraft:long_regeneration	33
minecraft:potion	minecraft:long_slow_falling	42
minecraft:potion	minecraft:long_slowness	18
minecraft:potion	minecraft:long_strength	36
minecraft:potion	minecraft:long_swiftness	15
minecraft:potion	minecraft:long_turtle_master	21
minecraft:potion	minecraft:long_water_breathing	24
minecraft:potion	minecraft:long_weakness	39
minecraft:potion	minecraft:luck	40
minecraft:potion	minecraft:mundane	2
minecraft:potion	minecraft:night_vision	5
minecraft:potion	minecraft:poison	29
minecraft:potion	minecraft:regeneration	32
minecraft:potion	minecraft:slow_falling	41
minecraft:potion	minecraft:slowness	17
minecraft:potion	minecraft:strength	35
minecraft:potion	minecraft:strong_harming	28
minecraft:potion	minecraft:strong_healing	26
minecraft:potion	minecraft:strong_leaping	11
minecraft:potion	minecraft:strong_poison	31
minecraft:potion	minecraft:strong_regeneration	34
minecraft:potion	minecraft:strong_slowness	19
minecraft:potion	minecraft:strong_strength	37
minecraft:potion	minecraft:strong_swiftness	16
minecraft:potion	minecraft:strong_turtle_master	22
minecraft:potion	minecraft:swiftness	14
minecraft:potion	minecraft:thick	3
minecraft:potion	minecraft:turtle_master	20
minecraft:potion	minecraft:water	1
minecraft:potion	minecraft:water_breathing	23
minecraft:potion	minecraft:weakness	38
minecraft:recipe_serializer	minecraft:blasting	16
minecraft:recipe_serializer	minecraft:campfire_cooking	18
minecraft:recipe_serializer	minecraft:crafting_shaped	0
minecraft:recipe_serializer	minecraft:crafting_shapeless	1
minecraft:recipe_serializer	minecraft:crafting_special_armordye	2
minecraft:recipe_serializer	minecraft:crafting_special_bannerduplicate	10
minecraft:recipe_serializer	minecraft:crafting_special_bookcloning	3
minecraft:recipe_serializer	minecraft:crafting_special_firework_rocket	6
minecraft:recipe_serializer	minecraft:crafting_special_firework_star	7
minecraft:recipe_serializer	minecraft:crafting_special_firework_star_fade	8
minecraft:recipe_serializer	minecraft:crafting_special_mapcloning	4
minecraft:recipe_serializer	minecraft:crafting_special_mapextending	5
minecraft:recipe_serializer	minecraft:crafting_special_repairitem	14
minecraft:recipe_serializer	minecraft:crafting_special_shielddecoration	11
minecraft:recipe_serializer	minecraft:crafting_special_shulkerboxcoloring	12
minecraft:recipe_serializer	minecraft:crafting_special_suspiciousstew	13
minecraft:recipe_serializer	minecraft:crafting_special_tippedarrow	9
minecraft:recipe_serializer	minecraft:smelting	15
minecraft:recipe_serializer	minecraft:smithing	20
minecraft:recipe_serializer	minecraft:smoking	17
minecraft:recipe_serializer	minecraft:stonecutting	19
minecraft:recipe_type	minecraft:blasting	2
minecraft:recipe_type	minecraft:campfire_cooking	4
minecraft:recipe_type	minecraft:crafting	0
minecraft:recipe_type	minecraft:smelting	1
minecraft:recipe_type	minecraft:smithing	6
minecraft:recipe_type	minecraft:smoking	3
minecraft:recipe_type	minecraft:stonecutting	5
minecraft:rule_test	minecraft:always_true	0
minecraft:rule_test	minecraft:block_match	1
minecraft:rule_test	minecraft:blockstate_match	2
minecraft:rule_test	minecraft:random_block_match	4
minecraft:rule_test	minecraft:random_blockstate_match	5
minecraft:rule_test	minecraft:tag_match	3
minecraft:schedule	minecraft:empty	0
minecraft:schedule	minecraft:simple	1
minecraft:schedule	minecraft:villager_baby	2
minecraft:schedule	minecraft:villager_default	3
minecraft:sensor_type	minecraft:axolotl_attackables	14
minecraft:sensor_type	minecraft:axolotl_temptations	15
minecraft:sensor_type	minecraft:dummy	0
minecraft:sensor_type	minecraft:goat_temptations	16
minecraft:sensor_type	minecraft:golem_detected	9
minecraft:sensor_type	minecraft:hoglin_specific_sensor	12
minecraft:sensor_type	minecraft:hurt_by	5
minecraft:sensor_type	minecraft:nearest_adult	13
minecraft:sensor_type	minecraft:nearest_bed	4
minecraft:sensor_type	minecraft:nearest_items	1
minecraft:sensor_type	minecraft:nearest_living_entities	2
minecraft:sensor_type	minecraft:nearest_players	3
minecraft:sensor_type	minecraft:piglin_brute_specific_sensor	11
minecraft:sensor_type	minecraft:piglin_specific_sensor	10
minecraft:sensor_type	minecraft:secondary_pois	8
minecraft:sensor_type	minecraft:villager_babies	7
minecraft:sensor_type	minecraft:villager_hostiles	6
minecraft:sound_event	minecraft:ambient.basalt_deltas.additions	1
minecraft:sound_event	minecraft:ambient.basalt_deltas.loop	2
minecraft:sound_event	minecraft:ambient.basalt_deltas.mood	3
minecraft:sound_event	minecraft:ambient.cave	0
minecraft:sound_event	minecraft:ambient.crimson_forest.additions	4
minecraft:sound_event	minecraft:ambient.crimson_forest.loop	5
minecraft:sound_event	minecraft:ambient.crimson_forest.mood	6
minecraft:sound_event	minecraft:ambient.nether_wastes.additions	7
minecraft:sound_event	minecraft:ambient.nether_wastes.loop	8
minecraft:sound_event	minecraft:ambient.nether_wastes.mood	9
minecraft:sound_event	minecraft:ambient.soul_sand_valley.additions	10
minecraft:sound_event	minecraft:ambient.soul_sand_valley.loop	11
minecraft:sound_event	minecraft:ambient.soul_sand_valley.mood	12
minecraft:sound_event	minecraft:ambient.underwater.enter	16
minecraft:sound_event	minecraft:ambient.underwater.exit	17
minecraft:sound_event	minecraft:ambient.underwater.loop	18
minecraft:sound_event	minecraft:ambient.underwater.loop.additions	19
minecraft:sound_event	minecraft:ambient.underwater.loop.additions.rare	20
minecraft:sound_event	minecraft:ambient.underwater.loop.additions.ultra_rare	21
minecraft:sound_event	minecraft:ambient.warped_forest.additions	13
minecraft:sound_event	minecraft:ambient.warped_forest.loop	14
minecraft:sound_event	minecraft:ambient.warped_forest.mood	15
minecraft:sound_event	minecraft:block.amethyst_block.break	22
minecraft:sound_event	minecraft:block.amethyst_block.chime	23
minecraft:sound_event	minecraft:block.amethyst_block.fall	24
minecraft:sound_event	minecraft:block.amethyst_block.hit	25
minecraft:sound_event	minecraft:block.amethyst_block.place	26
minecraft:sound_event	minecraft:block.amethyst_block.step	27
minecraft:sound_event	minecraft:block.amethyst_cluster.break	28
minecraft:sound_event	minecraft:block.amethyst_cluster.fall	29
minecraft:sound_event	minecraft:block.amethyst_cluster.hit	30
minecraft:sound_event	minecraft:block.amethyst_cluster.place	31
minecraft:sound_event	minecraft:block.amethyst_cluster.step	32
minecraft:sound_event	minecraft:block.ancient_debris.break	33
minecraft:sound_event	minecraft:block.ancient_debris.fall	37
minecraft:sound_event	minecraft:block.ancient_debris.hit	36
minecraft:sound_event	minecraft:block.ancient_debris.place	35
minecraft:sound_event	minecraft:block.ancient_debris.step	34
minecraft:sound_event	minecraft:block.anvil.break	38
minecraft:sound_event	minecraft:block.anvil.destroy	39
minecraft:sound_event	minecraft:block.anvil.fall	40
minecraft:sound_event	minecraft:block.anvil.hit	41
minecraft:sound_event	minecraft:block.anvil.land	42
minecraft:sound_event	minecraft:block.anvil.place	43
minecraft:sound_event	minecraft:block.anvil.step	44
minecraft:sound_event	minecraft:block.anvil.use	45
minecraft:sound_event	minecraft:block.azalea.break	72
minecraft:sound_event	minecraft:block.azalea.fall	73
minecraft:sound_event	minecraft:block.azalea.hit	74
minecraft:sound_event	minecraft:block.azalea.place	75
minecraft:sound_event	minecraft:block.azalea.step	76
minecraft:sound_event	minecraft:block.azalea_leaves.break	77
minecraft:sound_event	minecraft:block.azalea_leaves.fall	78
minecraft:sound_event	minecraft:block.azalea_leaves.hit	79
minecraft:sound_event	minecraft:block.azalea_leaves.place	80
minecraft:sound_event	minecraft:block.azalea_leaves.step	81
minecraft:sound_event	minecraft:block.bamboo.break	82
minecraft:sound_event	minecraft:block.bamboo.fall	83
minecraft:sound_event	minecraft:block.bamboo.hit	84
minecraft:sound_event	minecraft:block.bamboo.place	85
minecraft:sound_event	minecraft:block.bamboo.step	86
minecraft:sound_event	minecraft:block.bamboo_sapling.break	87
minecraft:sound_event	minecraft:block.bamboo_sapling.hit	88
minecraft:sound_event	minecraft:block.bamboo_sapling.place	89
minecraft:sound_event	minecraft:block.barrel.close	90
minecraft:sound_event	minecraft:block.barrel.open	91
minecraft:sound_event	minecraft:block.basalt.break	92
minecraft:sound_event	minecraft:block.basalt.fall	96
minecraft:sound_event	minecraft:block.basalt.hit	95
minecraft:sound_event	minecraft:block.basalt.place	94
minecraft:sound_event	minecraft:block.basalt.step	93
minecraft:sound_event	minecraft:block.beacon.activate	102
minecraft:sound_event	minecraft:block.beacon.ambient	103
minecraft:sound_event	minecraft:block.beacon.deactivate	104
minecraft:sound_event	minecraft:block.beacon.power_select	105
minecraft:sound_event	minecraft:block.beehive.drip	112
minecraft:sound_event	minecraft:block.beehive.enter	113
minecraft:sound_event	minecraft:block.beehive.exit	114
minecraft:sound_event	minecraft:block.beehive.shear	115
minecraft:sound_event	minecraft:block.beehive.work	116
minecraft:sound_event	minecraft:block.bell.resonate	118
minecraft:sound_event	minecraft:block.bell.use	117
minecraft:sound_event	minecraft:block.big_dripleaf.break	119
minecraft:sound_event	minecraft:block.big_dripleaf.fall	120
minecraft:sound_event	minecraft:block.big_dripleaf.hit	121
minecraft:sound_event	minecraft:block.big_dripleaf.place	122
minecraft:sound_event	minecraft:block.big_dripleaf.step	123
minecraft:sound_event	minecraft:block.big_dripleaf.tilt_down	295
minecraft:sound_event	minecraft:block.big_dripleaf.tilt_up	296
minecraft:sound_event	minecraft:block.blastfurnace.fire_crackle	139
minecraft:sound_event	minecraft:block.bone_block.break	131
minecraft:sound_event	minecraft:block.bone_block.fall	132
minecraft:sound_event	minecraft:block.bone_block.hit	133
minecraft:sound_event	minecraft:block.bone_block.place	134
minecraft:sound_event	minecraft:block.bone_block.step	135
minecraft:sound_event	minecraft:block.brewing_stand.brew	143
minecraft:sound_event	minecraft:block.bubble_column.bubble_pop	144
minecraft:sound_event	minecraft:block.bubble_column.upwards_ambient	145
minecraft:sound_event	minecraft:block.bubble_column.upwards_inside	146
minecraft:sound_event	minecraft:block.bubble_column.whirlpool_ambient	147
minecraft:sound_event	minecraft:block.bubble_column.whirlpool_inside	148
minecraft:sound_event	minecraft:block.cake.add_candle	159
minecraft:sound_event	minecraft:block.calcite.break	160
minecraft:sound_event	minecraft:block.calcite.fall	164
minecraft:sound_event	minecraft:block.calcite.hit	163
minecraft:sound_event	minecraft:block.calcite.place	162
minecraft:sound_event	minecraft:block.calcite.step	161
minecraft:sound_event	minecraft:block.campfire.crackle	165
minecraft:sound_event	minecraft:block.candle.ambient	166
minecraft:sound_event	minecraft:block.candle.break	167
minecraft:sound_event	minecraft:block.candle.extinguish	168
minecraft:sound_event	minecraft:block.candle.fall	169
minecraft:sound_event	minecraft:block.candle.hit	170
minecraft:sound_event	minecraft:block.candle.place	171
minecraft:sound_event	minecraft:block.candle.step	172
minecraft:sound_event	minecraft:block.cave_vines.break	182
minecraft:sound_event	minecraft:block.cave_vines.fall	183
minecraft:sound_event	minecraft:block.cave_vines.hit	184
minecraft:sound_event	minecraft:block.cave_vines.pick_berries	187
minecraft:sound_event	minecraft:block.cave_vines.place	185
minecraft:sound_event	minecraft:block.cave_vines.step	186
minecraft:sound_event	minecraft:block.chain.break	188
minecraft:sound_event	minecraft:block.chain.fall	189
minecraft:sound_event	minecraft:block.chain.hit	190
minecraft:sound_event	minecraft:block.chain.place	191
minecraft:sound_event	minecraft:block.chain.step	192
minecraft:sound_event	minecraft:block.chest.close	193
minecraft:sound_event	minecraft:block.chest.locked	194
minecraft:sound_event	minecraft:block.chest.open	195
minecraft:sound_event	minecraft:block.chorus_flower.death	201
minecraft:sound_event	minecraft:block.chorus_flower.grow	202
minecraft:sound_event	minecraft:block.comparator.click	208
minecraft:sound_event	minecraft:block.composter.empty	209
minecraft:sound_event	minecraft:block.composter.fill	210
minecraft:sound_event	minecraft:block.composter.fill_success	211
minecraft:sound_event	minecraft:block.composter.ready	212
minecraft:sound_event	minecraft:block.conduit.activate	213
minecraft:sound_event	minecraft:block.conduit.ambient	214
minecraft:sound_event	minecraft:block.conduit.ambient.short	215
minecraft:sound_event	minecraft:block.conduit.attack.target	216
minecraft:sound_event	minecraft:block.conduit.deactivate	217
minecraft:sound_event	minecraft:block.copper.break	218
minecraft:sound_event	minecraft:block.copper.fall	222
minecraft:sound_event	minecraft:block.copper.hit	221
minecraft:sound_event	minecraft:block.copper.place	220
minecraft:sound_event	minecraft:block.copper.step	219
minecraft:sound_event	minecraft:block.coral_block.break	223
minecraft:sound_event	minecraft:block.coral_block.fall	224
minecraft:sound_event	minecraft:block.coral_block.hit	225
minecraft:sound_event	minecraft:block.coral_block.place	226
minecraft:sound_event	minecraft:block.coral_block.step	227
minecraft:sound_event	minecraft:block.crop.break	236
minecraft:sound_event	minecraft:block.deepslate.break	251
minecraft:sound_event	minecraft:block.deepslate.fall	252
minecraft:sound_event	minecraft:block.deepslate.hit	253
minecraft:sound_event	minecraft:block.deepslate.place	254
minecraft:sound_event	minecraft:block.deepslate.step	255
minecraft:sound_event	minecraft:block.deepslate_bricks.break	246
minecraft:sound_event	minecraft:block.deepslate_bricks.fall	247
minecraft:sound_event	minecraft:block.deepslate_bricks.hit	248
minecraft:sound_event	minecraft:block.deepslate_bricks.place	249
minecraft:sound_event	minecraft:block.deepslate_bricks.step	250
minecraft:sound_event	minecraft:block.deepslate_tiles.break	256
minecraft:sound_event	minecraft:block.deepslate_tiles.fall	257
minecraft:sound_event	minecraft:block.deepslate_tiles.hit	258
minecraft:sound_event	minecraft:block.deepslate_tiles.place	259
minecraft:sound_event	minecraft:block.deepslate_tiles.step	260
minecraft:sound_event	minecraft:block.dispenser.dispense	261
minecraft:sound_event	minecraft:block.dispenser.fail	262
minecraft:sound_event	minecraft:block.dispenser.launch	263
minecraft:sound_event	minecraft:block.dripstone_block.break	280
minecraft:sound_event	minecraft:block.dripstone_block.fall	284
minecraft:sound_event	minecraft:block.dripstone_block.hit	283
minecraft:sound_event	minecraft:block.dripstone_block.place	282
minecraft:sound_event	minecraft:block.dripstone_block.step	281
minecraft:sound_event	minecraft:block.enchantment_table.use	317
minecraft:sound_event	minecraft:block.end_gateway.spawn	340
minecraft:sound_event	minecraft:block.end_portal.spawn	342
minecraft:sound_event	minecraft:block.end_portal_frame.fill	341
minecraft:sound_event	minecraft:block.ender_chest.close	318
minecraft:sound_event	minecraft:block.ender_chest.open	319
minecraft:sound_event	minecraft:block.fence_gate.close	354
minecraft:sound_event	minecraft:block.fence_gate.open	355
minecraft:sound_event	minecraft:block.fire.ambient	365
minecraft:sound_event	minecraft:block.fire.extinguish	366
minecraft:sound_event	minecraft:block.flowering_azalea.break	372
minecraft:sound_event	minecraft:block.flowering_azalea.fall	373
minecraft:sound_event	minecraft:block.flowering_azalea.hit	374
minecraft:sound_event	minecraft:block.flowering_azalea.place	375
minecraft:sound_event	minecraft:block.flowering_azalea.step	376
minecraft:sound_event	minecraft:block.fungus.break	661
minecraft:sound_event	minecraft:block.fungus.fall	665
minecraft:sound_event	minecraft:block.fungus.hit	664
minecraft:sound_event	minecraft:block.fungus.place	663
minecraft:sound_event	minecraft:block.fungus.step	662
minecraft:sound_event	minecraft:block.furnace.fire_crackle	393
minecraft:sound_event	minecraft:block.gilded_blackstone.break	411
minecraft:sound_event	minecraft:block.gilded_blackstone.fall	412
minecraft:sound_event	minecraft:block.gilded_blackstone.hit	413
minecraft:sound_event	minecraft:block.gilded_blackstone.place	414
minecraft:sound_event	minecraft:block.gilded_blackstone.step	415
minecraft:sound_event	minecraft:block.glass.break	416
minecraft:sound_event	minecraft:block.glass.fall	417
minecraft:sound_event	minecraft:block.glass.hit	418
minecraft:sound_event	minecraft:block.glass.place	419
minecraft:sound_event	minecraft:block.glass.step	420
minecraft:sound_event	minecraft:block.grass.break	448
minecraft:sound_event	minecraft:block.grass.fall	449
minecraft:sound_event	minecraft:block.grass.hit	450
minecraft:sound_event	minecraft:block.grass.place	451
minecraft:sound_event	minecraft:block.grass.step	452
minecraft:sound_event	minecraft:block.gravel.break	453
minecraft:sound_event	minecraft:block.gravel.fall	454
minecraft:sound_event	minecraft:block.gravel.hit	455
minecraft:sound_event	minecraft:block.gravel.place	456
minecraft:sound_event	minecraft:block.gravel.step	457
minecraft:sound_event	minecraft:block.grindstone.use	458
minecraft:sound_event	minecraft:block.hanging_roots.break	467
minecraft:sound_event	minecraft:block.hanging_roots.fall	468
minecraft:sound_event	minecraft:block.hanging_roots.hit	469
minecraft:sound_event	minecraft:block.hanging_roots.place	470
minecraft:sound_event	minecraft:block.hanging_roots.step	471
minecraft:sound_event	minecraft:block.honey_block.break	481
minecraft:sound_event	minecraft:block.honey_block.fall	482
minecraft:sound_event	minecraft:block.honey_block.hit	483
minecraft:sound_event	minecraft:block.honey_block.place	484
minecraft:sound_event	minecraft:block.honey_block.slide	485
minecraft:sound_event	minecraft:block.honey_block.step	486
minecraft:sound_event	minecraft:block.iron_door.close	521
minecraft:sound_event	minecraft:block.iron_door.open	522
minecraft:sound_event	minecraft:block.iron_trapdoor.close	529
minecraft:sound_event	minecraft:block.iron_trapdoor.open	530
minecraft:sound_event	minecraft:block.ladder.break	538
minecraft:sound_event	minecraft:block.ladder.fall	539
minecraft:sound_event	minecraft:block.ladder.hit	540
minecraft:sound_event	minecraft:block.ladder.place	541
minecraft:sound_event	minecraft:block.ladder.step	542
minecraft:sound_event	minecraft:block.lantern.break	543
minecraft:sound_event	minecraft:block.lantern.fall	544
minecraft:sound_event	minecraft:block.lantern.hit	545
minecraft:sound_event	minecraft:block.lantern.place	546
minecraft:sound_event	minecraft:block.lantern.step	547
minecraft:sound_event	minecraft:block.large_amethyst_bud.break	548
minecraft:sound_event	minecraft:block.large_amethyst_bud.place	549
minecraft:sound_event	minecraft:block.lava.ambient	550
minecraft:sound_event	minecraft:block.lava.extinguish	551
minecraft:sound_event	minecraft:block.lava.pop	552
minecraft:sound_event	minecraft:block.lever.click	555
minecraft:sound_event	minecraft:block.lily_pad.place	1099
minecraft:sound_event	minecraft:block.lodestone.break	569
minecraft:sound_event	minecraft:block.lodestone.fall	573
minecraft:sound_event	minecraft:block.lodestone.hit	572
minecraft:sound_event	minecraft:block.lodestone.place	571
minecraft:sound_event	minecraft:block.lodestone.step	570
minecraft:sound_event	minecraft:block.medium_amethyst_bud.break	581
minecraft:sound_event	minecraft:block.medium_amethyst_bud.place	582
minecraft:sound_event	minecraft:block.metal.break	583
minecraft:sound_event	minecraft:block.metal.fall	584
minecraft:sound_event	minecraft:block.metal.hit	585
minecraft:sound_event	minecraft:block.metal.place	586
minecraft:sound_event	minecraft:block.metal.step	589
minecraft:sound_event	minecraft:block.metal_pressure_plate.click_off	587
minecraft:sound_event	minecraft:block.metal_pressure_plate.click_on	588
minecraft:sound_event	minecraft:block.moss.break	603
minecraft:sound_event	minecraft:block.moss.fall	604
minecraft:sound_event	minecraft:block.moss.hit	605
minecraft:sound_event	minecraft:block.moss.place	606
minecraft:sound_event	minecraft:block.moss.step	607
minecraft:sound_event	minecraft:block.moss_carpet.break	598
minecraft:sound_event	minecraft:block.moss_carpet.fall	599
minecraft:sound_event	minecraft:block.moss_carpet.hit	600
minecraft:sound_event	minecraft:block.moss_carpet.place	601
minecraft:sound_event	minecraft:block.moss_carpet.step	602
minecraft:sound_event	minecraft:block.nether_bricks.break	639
minecraft:sound_event	minecraft:block.nether_bricks.fall	643
minecraft:sound_event	minecraft:block.nether_bricks.hit	642
minecraft:sound_event	minecraft:block.nether_bricks.place	641
minecraft:sound_event	minecraft:block.nether_bricks.step	640
minecraft:sound_event	minecraft:block.nether_gold_ore.break	850
minecraft:sound_event	minecraft:block.nether_gold_ore.fall	851
minecraft:sound_event	minecraft:block.nether_gold_ore.hit	852
minecraft:sound_event	minecraft:block.nether_gold_ore.place	853
minecraft:sound_event	minecraft:block.nether_gold_ore.step	854
minecraft:sound_event	minecraft:block.nether_ore.break	855
minecraft:sound_event	minecraft:block.nether_ore.fall	856
minecraft:sound_event	minecraft:block.nether_ore.hit	857
minecraft:sound_event	minecraft:block.nether_ore.place	858
minecraft:sound_event	minecraft:block.nether_ore.step	859
minecraft:sound_event	minecraft:block.nether_sprouts.break	656
minecraft:sound_event	minecraft:block.nether_sprouts.fall	660
minecraft:sound_event	minecraft:block.nether_sprouts.hit	659
minecraft:sound_event	minecraft:block.nether_sprouts.place	658
minecraft:sound_event	minecraft:block.nether_sprouts.step	657
minecraft:sound_event	minecraft:block.nether_wart.break	644
minecraft:sound_event	minecraft:block.netherite_block.break	676
minecraft:sound_event	minecraft:block.netherite_block.fall	680
minecraft:sound_event	minecraft:block.netherite_block.hit	679
minecraft:sound_event	minecraft:block.netherite_block.place	678
minecraft:sound_event	minecraft:block.netherite_block.step	677
minecraft:sound_event	minecraft:block.netherrack.break	681
minecraft:sound_event	minecraft:block.netherrack.fall	685
minecraft:sound_event	minecraft:block.netherrack.hit	684
minecraft:sound_event	minecraft:block.netherrack.place	683
minecraft:sound_event	minecraft:block.netherrack.step	682
minecraft:sound_event	minecraft:block.note_block.banjo	701
minecraft:sound_event	minecraft:block.note_block.basedrum	686
minecraft:sound_event	minecraft:block.note_block.bass	687
minecraft:sound_event	minecraft:block.note_block.bell	688
minecraft:sound_event	minecraft:block.note_block.bit	700
minecraft:sound_event	minecraft:block.note_block.chime	689
minecraft:sound_event	minecraft:block.note_block.cow_bell	698
minecraft:sound_event	minecraft:block.note_block.didgeridoo	699
minecraft:sound_event	minecraft:block.note_block.flute	690
minecraft:sound_event	minecraft:block.note_block.guitar	691
minecraft:sound_event	minecraft:block.note_block.harp	692
minecraft:sound_event	minecraft:block.note_block.hat	693
minecraft:sound_event	minecraft:block.note_block.iron_xylophone	697
minecraft:sound_event	minecraft:block.note_block.pling	694
minecraft:sound_event	minecraft:block.note_block.snare	695
minecraft:sound_event	minecraft:block.note_block.xylophone	696
minecraft:sound_event	minecraft:block.nylium.break	651
minecraft:sound_event	minecraft:block.nylium.fall	655
minecraft:sound_event	minecraft:block.nylium.hit	654
minecraft:sound_event	minecraft:block.nylium.place	653
minecraft:sound_event	minecraft:block.nylium.step	652
minecraft:sound_event	minecraft:block.piston.contract	787
minecraft:sound_event	minecraft:block.piston.extend	788
minecraft:sound_event	minecraft:block.pointed_dripstone.break	285
minecraft:sound_event	minecraft:block.pointed_dripstone.drip_lava	291
minecraft:sound_event	minecraft:block.pointed_dripstone.drip_lava_into_cauldron	293
minecraft:sound_event	minecraft:block.pointed_dripstone.drip_water	292
minecraft:sound_event	minecraft:block.pointed_dripstone.drip_water_into_cauldron	294
minecraft:sound_event	minecraft:block.pointed_dripstone.fall	289
minecraft:sound_event	minecraft:block.pointed_dripstone.hit	288
minecraft:sound_event	minecraft:block.pointed_dripstone.land	290
minecraft:sound_event	minecraft:block.pointed_dripstone.place	287
minecraft:sound_event	minecraft:block.pointed_dripstone.step	286
minecraft:sound_event	minecraft:block.polished_deepslate.break	815
minecraft:sound_event	minecraft:block.polished_deepslate.fall	816
minecraft:sound_event	minecraft:block.polished_deepslate.hit	817
minecraft:sound_event	minecraft:block.polished_deepslate.place	818
minecraft:sound_event	minecraft:block.polished_deepslate.step	819
minecraft:sound_event	minecraft:block.portal.ambient	820
minecraft:sound_event	minecraft:block.portal.travel	821
minecraft:sound_event	minecraft:block.portal.trigger	822
minecraft:sound_event	minecraft:block.powder_snow.break	823
minecraft:sound_event	minecraft:block.powder_snow.fall	824
minecraft:sound_event	minecraft:block.powder_snow.hit	825
minecraft:sound_event	minecraft:block.powder_snow.place	826
minecraft:sound_event	minecraft:block.powder_snow.step	827
minecraft:sound_event	minecraft:block.pumpkin.carve	835
minecraft:sound_event	minecraft:block.redstone_torch.burnout	860
minecraft:sound_event	minecraft:block.respawn_anchor.ambient	861
minecraft:sound_event	minecraft:block.respawn_anchor.charge	862
minecraft:sound_event	minecraft:block.respawn_anchor.deplete	863
minecraft:sound_event	minecraft:block.respawn_anchor.set_spawn	864
minecraft:sound_event	minecraft:block.rooted_dirt.break	865
minecraft:sound_event	minecraft:block.rooted_dirt.fall	866
minecraft:sound_event	minecraft:block.rooted_dirt.hit	867
minecraft:sound_event	minecraft:block.rooted_dirt.place	868
minecraft:sound_event	minecraft:block.rooted_dirt.step	869
minecraft:sound_event	minecraft:block.roots.break	388
minecraft:sound_event	minecraft:block.roots.fall	392
minecraft:sound_event	minecraft:block.roots.hit	391
minecraft:sound_event	minecraft:block.roots.place	390
minecraft:sound_event	minecraft:block.roots.step	389
minecraft:sound_event	minecraft:block.sand.break	874
minecraft:sound_event	minecraft:block.sand.fall	875
minecraft:sound_event	minecraft:block.sand.hit	876
minecraft:sound_event	minecraft:block.sand.place	877
minecraft:sound_event	minecraft:block.sand.step	878
minecraft:sound_event	minecraft:block.scaffolding.break	879
minecraft:sound_event	minecraft:block.scaffolding.fall	880
minecraft:sound_event	minecraft:block.scaffolding.hit	881
minecraft:sound_event	minecraft:block.scaffolding.place	882
minecraft:sound_event	minecraft:block.scaffolding.step	883
minecraft:sound_event	minecraft:block.sculk_sensor.break	886
minecraft:sound_event	minecraft:block.sculk_sensor.clicking	884
minecraft:sound_event	minecraft:block.sculk_sensor.clicking_stop	885
minecraft:sound_event	minecraft:block.sculk_sensor.fall	887
minecraft:sound_event	minecraft:block.sculk_sensor.hit	888
minecraft:sound_event	minecraft:block.sculk_sensor.place	889
minecraft:sound_event	minecraft:block.sculk_sensor.step	890
minecraft:sound_event	minecraft:block.shroomlight.break	898
minecraft:sound_event	minecraft:block.shroomlight.fall	902
minecraft:sound_event	minecraft:block.shroomlight.hit	901
minecraft:sound_event	minecraft:block.shroomlight.place	900
minecraft:sound_event	minecraft:block.shroomlight.step	899
minecraft:sound_event	minecraft:block.shulker_box.close	905
minecraft:sound_event	minecraft:block.shulker_box.open	906
minecraft:sound_event	minecraft:block.slime_block.break	939
minecraft:sound_event	minecraft:block.slime_block.fall	940
minecraft:sound_event	minecraft:block.slime_block.hit	941
minecraft:sound_event	minecraft:block.slime_block.place	942
minecraft:sound_event	minecraft:block.slime_block.step	943
minecraft:sound_event	minecraft:block.small_amethyst_bud.break	944
minecraft:sound_event	minecraft:block.small_amethyst_bud.place	945
minecraft:sound_event	minecraft:block.small_dripleaf.break	946
minecraft:sound_event	minecraft:block.small_dripleaf.fall	947
minecraft:sound_event	minecraft:block.small_dripleaf.hit	948
minecraft:sound_event	minecraft:block.small_dripleaf.place	949
minecraft:sound_event	minecraft:block.small_dripleaf.step	950
minecraft:sound_event	minecraft:block.smithing_table.use	980
minecraft:sound_event	minecraft:block.smoker.smoke	981
minecraft:sound_event	minecraft:block.snow.break	983
minecraft:sound_event	minecraft:block.snow.fall	984
minecraft:sound_event	minecraft:block.snow.hit	990
minecraft:sound_event	minecraft:block.snow.place	991
minecraft:sound_event	minecraft:block.snow.step	992
minecraft:sound_event	minecraft:block.soul_sand.break	951
minecraft:sound_event	minecraft:block.soul_sand.fall	955
minecraft:sound_event	minecraft:block.soul_sand.hit	954
minecraft:sound_event	minecraft:block.soul_sand.place	953
minecraft:sound_event	minecraft:block.soul_sand.step	952
minecraft:sound_event	minecraft:block.soul_soil.break	956
minecraft:sound_event	minecraft:block.soul_soil.fall	960
minecraft:sound_event	minecraft:block.soul_soil.hit	959
minecraft:sound_event	minecraft:block.soul_soil.place	958
minecraft:sound_event	minecraft:block.soul_soil.step	957
minecraft:sound_event	minecraft:block.spore_blossom.break	962
minecraft:sound_event	minecraft:block.spore_blossom.fall	963
minecraft:sound_event	minecraft:block.spore_blossom.hit	964
minecraft:sound_event	minecraft:block.spore_blossom.place	965
minecraft:sound_event	minecraft:block.spore_blossom.step	966
minecraft:sound_event	minecraft:block.stem.break	646
minecraft:sound_event	minecraft:block.stem.fall	650
minecraft:sound_event	minecraft:block.stem.hit	649
minecraft:sound_event	minecraft:block.stem.place	648
minecraft:sound_event	minecraft:block.stem.step	647
minecraft:sound_event	minecraft:block.stone.break	1005
minecraft:sound_event	minecraft:block.stone.fall	1008
minecraft:sound_event	minecraft:block.stone.hit	1009
minecraft:sound_event	minecraft:block.stone.place	1010
minecraft:sound_event	minecraft:block.stone.step	1013
minecraft:sound_event	minecraft:block.stone_button.click_off	1006
minecraft:sound_event	minecraft:block.stone_button.click_on	1007
minecraft:sound_event	minecraft:block.stone_pressure_plate.click_off	1011
minecraft:sound_event	minecraft:block.stone_pressure_plate.click_on	1012
minecraft:sound_event	minecraft:block.sweet_berry_bush.break	1018
minecraft:sound_event	minecraft:block.sweet_berry_bush.pick_berries	1020
minecraft:sound_event	minecraft:block.sweet_berry_bush.place	1019
minecraft:sound_event	minecraft:block.tripwire.attach	1032
minecraft:sound_event	minecraft:block.tripwire.click_off	1033
minecraft:sound_event	minecraft:block.tripwire.click_on	1034
minecraft:sound_event	minecraft:block.tripwire.detach	1035
minecraft:sound_event	minecraft:block.tuff.break	1040
minecraft:sound_event	minecraft:block.tuff.fall	1044
minecraft:sound_event	minecraft:block.tuff.hit	1043
minecraft:sound_event	minecraft:block.tuff.place	1042
minecraft:sound_event	minecraft:block.tuff.step	1041
minecraft:sound_event	minecraft:block.vine.break	1094
minecraft:sound_event	minecraft:block.vine.fall	1095
minecraft:sound_event	minecraft:block.vine.hit	1096
minecraft:sound_event	minecraft:block.vine.place	1097
minecraft:sound_event	minecraft:block.vine.step	1098
minecraft:sound_event	minecraft:block.wart_block.break	671
minecraft:sound_event	minecraft:block.wart_block.fall	675
minecraft:sound_event	minecraft:block.wart_block.hit	674
minecraft:sound_event	minecraft:block.wart_block.place	673
minecraft:sound_event	minecraft:block.wart_block.step	672
minecraft:sound_event	minecraft:block.water.ambient	1110
minecraft:sound_event	minecraft:block.weeping_vines.break	666
minecraft:sound_event	minecraft:block.weeping_vines.fall	670
minecraft:sound_event	minecraft:block.weeping_vines.hit	669
minecraft:sound_event	minecraft:block.weeping_vines.place	668
minecraft:sound_event	minecraft:block.weeping_vines.step	667
minecraft:sound_event	minecraft:block.wet_grass.break	1113
minecraft:sound_event	minecraft:block.wet_grass.fall	1114
minecraft:sound_event	minecraft:block.wet_grass.hit	1115
minecraft:sound_event	minecraft:block.wet_grass.place	1116
minecraft:sound_event	minecraft:block.wet_grass.step	1117
minecraft:sound_event	minecraft:block.wood.break	1147
minecraft:sound_event	minecraft:block.wood.fall	1150
minecraft:sound_event	minecraft:block.wood.hit	1151
minecraft:sound_event	minecraft:block.wood.place	1152
minecraft:sound_event	minecraft:block.wood.step	1155
minecraft:sound_event	minecraft:block.wooden_button.click_off	1148
minecraft:sound_event	minecraft:block.wooden_button.click_on	1149
minecraft:sound_event	minecraft:block.wooden_door.close	1143
minecraft:sound_event	minecraft:block.wooden_door.open	1144
minecraft:sound_event	minecraft:block.wooden_pressure_plate.click_off	1153
minecraft:sound_event	minecraft:block.wooden_pressure_plate.click_on	1154
minecraft:sound_event	minecraft:block.wooden_trapdoor.close	1145
minecraft:sound_event	minecraft:block.wooden_trapdoor.open	1146
minecraft:sound_event	minecraft:block.wool.break	1156
minecraft:sound_event	minecraft:block.wool.fall	1157
minecraft:sound_event	minecraft:block.wool.hit	1158
minecraft:sound_event	minecraft:block.wool.place	1159
minecraft:sound_event	minecraft:block.wool.step	1160
minecraft:sound_event	minecraft:enchant.thorns.hit	1021
minecraft:sound_event	minecraft:entity.armor_stand.break	55
minecraft:sound_event	minecraft:entity.armor_stand.fall	56
minecraft:sound_event	minecraft:entity.armor_stand.hit	57
minecraft:sound_event	minecraft:entity.armor_stand.place	58
minecraft:sound_event	minecraft:entity.arrow.hit	59
minecraft:sound_event	minecraft:entity.arrow.hit_player	60
minecraft:sound_event	minecraft:entity.arrow.shoot	61
minecraft:sound_event	minecraft:entity.axolotl.attack	65
minecraft:sound_event	minecraft:entity.axolotl.death	66
minecraft:sound_event	minecraft:entity.axolotl.hurt	67
minecraft:sound_event	minecraft:entity.axolotl.idle_air	68
minecraft:sound_event	minecraft:entity.axolotl.idle_water	69
minecraft:sound_event	minecraft:entity.axolotl.splash	70
minecraft:sound_event	minecraft:entity.axolotl.swim	71
minecraft:sound_event	minecraft:entity.bat.ambient	97
minecraft:sound_event	minecraft:entity.bat.death	98
minecraft:sound_event	minecraft:entity.bat.hurt	99
minecraft:sound_event	minecraft:entity.bat.loop	100
minecraft:sound_event	minecraft:entity.bat.takeoff	101
minecraft:sound_event	minecraft:entity.bee.death	106
minecraft:sound_event	minecraft:entity.bee.hurt	107
minecraft:sound_event	minecraft:entity.bee.loop	109
minecraft:sound_event	minecraft:entity.bee.loop_aggressive	108
minecraft:sound_event	minecraft:entity.bee.pollinate	111
minecraft:sound_event	minecraft:entity.bee.sting	110
minecraft:sound_event	minecraft:entity.blaze.ambient	124
minecraft:sound_event	minecraft:entity.blaze.burn	125
minecraft:sound_event	minecraft:entity.blaze.death	126
minecraft:sound_event	minecraft:entity.blaze.hurt	127
minecraft:sound_event	minecraft:entity.blaze.shoot	128
minecraft:sound_event	minecraft:entity.boat.paddle_land	129
minecraft:sound_event	minecraft:entity.boat.paddle_water	130
minecraft:sound_event	minecraft:entity.cat.ambient	173
minecraft:sound_event	minecraft:entity.cat.beg_for_food	178
minecraft:sound_event	minecraft:entity.cat.death	175
minecraft:sound_event	minecraft:entity.cat.eat	176
minecraft:sound_event	minecraft:entity.cat.hiss	177
minecraft:sound_event	minecraft:entity.cat.hurt	179
minecraft:sound_event	minecraft:entity.cat.purr	180
minecraft:sound_event	minecraft:entity.cat.purreow	181
minecraft:sound_event	minecraft:entity.cat.stray_ambient	174
minecraft:sound_event	minecraft:entity.chicken.ambient	196
minecraft:sound_event	minecraft:entity.chicken.death	197
minecraft:sound_event	minecraft:entity.chicken.egg	198
minecraft:sound_event	minecraft:entity.chicken.hurt	199
minecraft:sound_event	minecraft:entity.chicken.step	200
minecraft:sound_event	minecraft:entity.cod.ambient	204
minecraft:sound_event	minecraft:entity.cod.death	205
minecraft:sound_event	minecraft:entity.cod.flop	206
minecraft:sound_event	minecraft:entity.cod.hurt	207
minecraft:sound_event	minecraft:entity.cow.ambient	228
minecraft:sound_event	minecraft:entity.cow.death	229
minecraft:sound_event	minecraft:entity.cow.hurt	230
minecraft:sound_event	minecraft:entity.cow.milk	231
minecraft:sound_event	minecraft:entity.cow.step	232
minecraft:sound_event	minecraft:entity.creeper.death	233
minecraft:sound_event	minecraft:entity.creeper.hurt	234
minecraft:sound_event	minecraft:entity.creeper.primed	235
minecraft:sound_event	minecraft:entity.dolphin.ambient	264
minecraft:sound_event	minecraft:entity.dolphin.ambient_water	265
minecraft:sound_event	minecraft:entity.dolphin.attack	266
minecraft:sound_event	minecraft:entity.dolphin.death	267
minecraft:sound_event	minecraft:entity.dolphin.eat	268
minecraft:sound_event	minecraft:entity.dolphin.hurt	269
minecraft:sound_event	minecraft:entity.dolphin.jump	270
minecraft:sound_event	minecraft:entity.dolphin.play	271
minecraft:sound_event	minecraft:entity.dolphin.splash	272
minecraft:sound_event	minecraft:entity.dolphin.swim	273
minecraft:sound_event	minecraft:entity.donkey.ambient	274
minecraft:sound_event	minecraft:entity.donkey.angry	275
minecraft:sound_event	minecraft:entity.donkey.chest	276
minecraft:sound_event	minecraft:entity.donkey.death	277
minecraft:sound_event	minecraft:entity.donkey.eat	278
minecraft:sound_event	minecraft:entity.donkey.hurt	279
minecraft:sound_event	minecraft:entity.dragon_fireball.explode	322
minecraft:sound_event	minecraft:entity.drowned.ambient	297
minecraft:sound_event	minecraft:entity.drowned.ambient_water	298
minecraft:sound_event	minecraft:entity.drowned.death	299
minecraft:sound_event	minecraft:entity.drowned.death_water	300
minecraft:sound_event	minecraft:entity.drowned.hurt	301
minecraft:sound_event	minecraft:entity.drowned.hurt_water	302
minecraft:sound_event	minecraft:entity.drowned.shoot	303
minecraft:sound_event	minecraft:entity.drowned.step	304
minecraft:sound_event	minecraft:entity.drowned.swim	305
minecraft:sound_event	minecraft:entity.egg.throw	307
minecraft:sound_event	minecraft:entity.elder_guardian.ambient	308
minecraft:sound_event	minecraft:entity.elder_guardian.ambient_land	309
minecraft:sound_event	minecraft:entity.elder_guardian.curse	310
minecraft:sound_event	minecraft:entity.elder_guardian.death	311
minecraft:sound_event	minecraft:entity.elder_guardian.death_land	312
minecraft:sound_event	minecraft:entity.elder_guardian.flop	313
minecraft:sound_event	minecraft:entity.elder_guardian.hurt	314
minecraft:sound_event	minecraft:entity.elder_guardian.hurt_land	315
minecraft:sound_event	minecraft:entity.ender_dragon.ambient	320
minecraft:sound_event	minecraft:entity.ender_dragon.death	321
minecraft:sound_event	minecraft:entity.ender_dragon.flap	323
minecraft:sound_event	minecraft:entity.ender_dragon.growl	324
minecraft:sound_event	minecraft:entity.ender_dragon.hurt	325
minecraft:sound_event	minecraft:entity.ender_dragon.shoot	326
minecraft:sound_event	minecraft:entity.ender_eye.death	327
minecraft:sound_event	minecraft:entity.ender_eye.launch	328
minecraft:sound_event	minecraft:entity.ender_pearl.throw	339
minecraft:sound_event	minecraft:entity.enderman.ambient	329
minecraft:sound_event	minecraft:entity.enderman.death	330
minecraft:sound_event	minecraft:entity.enderman.hurt	331
minecraft:sound_event	minecraft:entity.enderman.scream	332
minecraft:sound_event	minecraft:entity.enderman.stare	333
minecraft:sound_event	minecraft:entity.enderman.teleport	334
minecraft:sound_event	minecraft:entity.endermite.ambient	335
minecraft:sound_event	minecraft:entity.endermite.death	336
minecraft:sound_event	minecraft:entity.endermite.hurt	337
minecraft:sound_event	minecraft:entity.endermite.step	338
minecraft:sound_event	minecraft:entity.evoker.ambient	343
minecraft:sound_event	minecraft:entity.evoker.cast_spell	344
minecraft:sound_event	minecraft:entity.evoker.celebrate	345
minecraft:sound_event	minecraft:entity.evoker.death	346
minecraft:sound_event	minecraft:entity.evoker.hurt	348
minecraft:sound_event	minecraft:entity.evoker.prepare_attack	349
minecraft:sound_event	minecraft:entity.evoker.prepare_summon	350
minecraft:sound_event	minecraft:entity.evoker.prepare_wololo	351
minecraft:sound_event	minecraft:entity.evoker_fangs.attack	347
minecraft:sound_event	minecraft:entity.experience_bottle.throw	352
minecraft:sound_event	minecraft:entity.experience_orb.pickup	353
minecraft:sound_event	minecraft:entity.firework_rocket.blast	357
minecraft:sound_event	minecraft:entity.firework_rocket.blast_far	358
minecraft:sound_event	minecraft:entity.firework_rocket.large_blast	359
minecraft:sound_event	minecraft:entity.firework_rocket.large_blast_far	360
minecraft:sound_event	minecraft:entity.firework_rocket.launch	361
minecraft:sound_event	minecraft:entity.firework_rocket.shoot	362
minecraft:sound_event	minecraft:entity.firework_rocket.twinkle	363
minecraft:sound_event	minecraft:entity.firework_rocket.twinkle_far	364
minecraft:sound_event	minecraft:entity.fish.swim	367
minecraft:sound_event	minecraft:entity.fishing_bobber.retrieve	368
minecraft:sound_event	minecraft:entity.fishing_bobber.splash	369
minecraft:sound_event	minecraft:entity.fishing_bobber.throw	370
minecraft:sound_event	minecraft:entity.fox.aggro	377
minecraft:sound_event	minecraft:entity.fox.ambient	378
minecraft:sound_event	minecraft:entity.fox.bite	379
minecraft:sound_event	minecraft:entity.fox.death	380
minecraft:sound_event	minecraft:entity.fox.eat	381
minecraft:sound_event	minecraft:entity.fox.hurt	382
minecraft:sound_event	minecraft:entity.fox.screech	383
minecraft:sound_event	minecraft:entity.fox.sleep	384
minecraft:sound_event	minecraft:entity.fox.sniff	385
minecraft:sound_event	minecraft:entity.fox.spit	386
minecraft:sound_event	minecraft:entity.fox.teleport	387
minecraft:sound_event	minecraft:entity.generic.big_fall	394
minecraft:sound_event	minecraft:entity.generic.burn	395
minecraft:sound_event	minecraft:entity.generic.death	396
minecraft:sound_event	minecraft:entity.generic.drink	397
minecraft:sound_event	minecraft:entity.generic.eat	398
minecraft:sound_event	minecraft:entity.generic.explode	399
minecraft:sound_event	minecraft:entity.generic.extinguish_fire	400
minecraft:sound_event	minecraft:entity.generic.hurt	401
minecraft:sound_event	minecraft:entity.generic.small_fall	402
minecraft:sound_event	minecraft:entity.generic.splash	403
minecraft:sound_event	minecraft:entity.generic.swim	404
minecraft:sound_event	minecraft:entity.ghast.ambient	405
minecraft:sound_event	minecraft:entity.ghast.death	406
minecraft:sound_event	minecraft:entity.ghast.hurt	407
minecraft:sound_event	minecraft:entity.ghast.scream	408
minecraft:sound_event	minecraft:entity.ghast.shoot	409
minecraft:sound_event	minecraft:entity.ghast.warn	410
minecraft:sound_event	minecraft:entity.glow_item_frame.add_item	422
minecraft:sound_event	minecraft:entity.glow_item_frame.break	423
minecraft:sound_event	minecraft:entity.glow_item_frame.place	424
minecraft:sound_event	minecraft:entity.glow_item_frame.remove_item	425
minecraft:sound_event	minecraft:entity.glow_item_frame.rotate_item	426
minecraft:sound_event	minecraft:entity.glow_squid.ambient	427
minecraft:sound_event	minecraft:entity.glow_squid.death	428
minecraft:sound_event	minecraft:entity.glow_squid.hurt	429
minecraft:sound_event	minecraft:entity.glow_squid.squirt	430
minecraft:sound_event	minecraft:entity.goat.ambient	431
minecraft:sound_event	minecraft:entity.goat.death	432
minecraft:sound_event	minecraft:entity.goat.eat	433
minecraft:sound_event	minecraft:entity.goat.hurt	434
minecraft:sound_event	minecraft:entity.goat.long_jump	435
minecraft:sound_event	minecraft:entity.goat.milk	436
minecraft:sound_event	minecraft:entity.goat.prepare_ram	437
minecraft:sound_event	minecraft:entity.goat.ram_impact	438
minecraft:sound_event	minecraft:entity.goat.screaming.ambient	439
minecraft:sound_event	minecraft:entity.goat.screaming.death	440
minecraft:sound_event	minecraft:entity.goat.screaming.eat	441
minecraft:sound_event	minecraft:entity.goat.screaming.hurt	442
minecraft:sound_event	minecraft:entity.goat.screaming.long_jump	443
minecraft:sound_event	minecraft:entity.goat.screaming.milk	444
minecraft:sound_event	minecraft:entity.goat.screaming.prepare_ram	445
minecraft:sound_event	minecraft:entity.goat.screaming.ram_impact	446
minecraft:sound_event	minecraft:entity.goat.step	447
minecraft:sound_event	minecraft:entity.guardian.ambient	459
minecraft:sound_event	minecraft:entity.guardian.ambient_land	460
minecraft:sound_event	minecraft:entity.guardian.attack	461
minecraft:sound_event	minecraft:entity.guardian.death	462
minecraft:sound_event	minecraft:entity.guardian.death_land	463
minecraft:sound_event	minecraft:entity.guardian.flop	464
minecraft:sound_event	minecraft:entity.guardian.hurt	465
minecraft:sound_event	minecraft:entity.guardian.hurt_land	466
minecraft:sound_event	minecraft:entity.hoglin.ambient	473
minecraft:sound_event	minecraft:entity.hoglin.angry	474
minecraft:sound_event	minecraft:entity.hoglin.attack	475
minecraft:sound_event	minecraft:entity.hoglin.converted_to_zombified	476
minecraft:sound_event	minecraft:entity.hoglin.death	477
minecraft:sound_event	minecraft:entity.hoglin.hurt	478
minecraft:sound_event	minecraft:entity.hoglin.retreat	479
minecraft:sound_event	minecraft:entity.hoglin.step	480
minecraft:sound_event	minecraft:entity.horse.ambient	489
minecraft:sound_event	minecraft:entity.horse.angry	490
minecraft:sound_event	minecraft:entity.horse.armor	491
minecraft:sound_event	minecraft:entity.horse.breathe	492
minecraft:sound_event	minecraft:entity.horse.death	493
minecraft:sound_event	minecraft:entity.horse.eat	494
minecraft:sound_event	minecraft:entity.horse.gallop	495
minecraft:sound_event	minecraft:entity.horse.hurt	496
minecraft:sound_event	minecraft:entity.horse.jump	497
minecraft:sound_event	minecraft:entity.horse.land	498
minecraft:sound_event	minecraft:entity.horse.saddle	499
minecraft:sound_event	minecraft:entity.horse.step	500
minecraft:sound_event	minecraft:entity.horse.step_wood	501
minecraft:sound_event	minecraft:entity.hostile.big_fall	502
minecraft:sound_event	minecraft:entity.hostile.death	503
minecraft:sound_event	minecraft:entity.hostile.hurt	504
minecraft:sound_event	minecraft:entity.hostile.small_fall	505
minecraft:sound_event	minecraft:entity.hostile.splash	506
minecraft:sound_event	minecraft:entity.hostile.swim	507
minecraft:sound_event	minecraft:entity.husk.ambient	508
minecraft:sound_event	minecraft:entity.husk.converted_to_zombie	509
minecraft:sound_event	minecraft:entity.husk.death	510
minecraft:sound_event	minecraft:entity.husk.hurt	511
minecraft:sound_event	minecraft:entity.husk.step	512
minecraft:sound_event	minecraft:entity.illusioner.ambient	513
minecraft:sound_event	minecraft:entity.illusioner.cast_spell	514
minecraft:sound_event	minecraft:entity.illusioner.death	515
minecraft:sound_event	minecraft:entity.illusioner.hurt	516
minecraft:sound_event	minecraft:entity.illusioner.mirror_move	517
minecraft:sound_event	minecraft:entity.illusioner.prepare_blindness	518
minecraft:sound_event	minecraft:entity.illusioner.prepare_mirror	519
minecraft:sound_event	minecraft:entity.iron_golem.attack	523
minecraft:sound_event	minecraft:entity.iron_golem.damage	524
minecraft:sound_event	minecraft:entity.iron_golem.death	525
minecraft:sound_event	minecraft:entity.iron_golem.hurt	526
minecraft:sound_event	minecraft:entity.iron_golem.repair	527
minecraft:sound_event	minecraft:entity.iron_golem.step	528
minecraft:sound_event	minecraft:entity.item.break	536
minecraft:sound_event	minecraft:entity.item.pickup	537
minecraft:sound_event	minecraft:entity.item_frame.add_item	531
minecraft:sound_event	minecraft:entity.item_frame.break	532
minecraft:sound_event	minecraft:entity.item_frame.place	533
minecraft:sound_event	minecraft:entity.item_frame.remove_item	534
minecraft:sound_event	minecraft:entity.item_frame.rotate_item	535
minecraft:sound_event	minecraft:entity.leash_knot.break	553
minecraft:sound_event	minecraft:entity.leash_knot.place	554
minecraft:sound_event	minecraft:entity.lightning_bolt.impact	556
minecraft:sound_event	minecraft:entity.lightning_bolt.thunder	557
minecraft:sound_event	minecraft:entity.lingering_potion.throw	558
minecraft:sound_event	minecraft:entity.llama.ambient	559
minecraft:sound_event	minecraft:entity.llama.angry	560
minecraft:sound_event	minecraft:entity.llama.chest	561
minecraft:sound_event	minecraft:entity.llama.death	562
minecraft:sound_event	minecraft:entity.llama.eat	563
minecraft:sound_event	minecraft:entity.llama.hurt	564
minecraft:sound_event	minecraft:entity.llama.spit	565
minecraft:sound_event	minecraft:entity.llama.step	566
minecraft:sound_event	minecraft:entity.llama.swag	567
minecraft:sound_event	minecraft:entity.magma_cube.death	575
minecraft:sound_event	minecraft:entity.magma_cube.death_small	568
minecraft:sound_event	minecraft:entity.magma_cube.hurt	576
minecraft:sound_event	minecraft:entity.magma_cube.hurt_small	577
minecraft:sound_event	minecraft:entity.magma_cube.jump	578
minecraft:sound_event	minecraft:entity.magma_cube.squish	579
minecraft:sound_event	minecraft:entity.magma_cube.squish_small	580
minecraft:sound_event	minecraft:entity.minecart.inside	591
minecraft:sound_event	minecraft:entity.minecart.inside.underwater	590
minecraft:sound_event	minecraft:entity.minecart.riding	592
minecraft:sound_event	minecraft:entity.mooshroom.convert	593
minecraft:sound_event	minecraft:entity.mooshroom.eat	594
minecraft:sound_event	minecraft:entity.mooshroom.milk	595
minecraft:sound_event	minecraft:entity.mooshroom.shear	597
minecraft:sound_event	minecraft:entity.mooshroom.suspicious_milk	596
minecraft:sound_event	minecraft:entity.mule.ambient	608
minecraft:sound_event	minecraft:entity.mule.angry	609
minecraft:sound_event	minecraft:entity.mule.chest	610
minecraft:sound_event	minecraft:entity.mule.death	611
minecraft:sound_event	minecraft:entity.mule.eat	612
minecraft:sound_event	minecraft:entity.mule.hurt	613
minecraft:sound_event	minecraft:entity.ocelot.ambient	703
minecraft:sound_event	minecraft:entity.ocelot.death	704
minecraft:sound_event	minecraft:entity.ocelot.hurt	702
minecraft:sound_event	minecraft:entity.painting.break	705
minecraft:sound_event	minecraft:entity.painting.place	706
minecraft:sound_event	minecraft:entity.panda.aggressive_ambient	714
minecraft:sound_event	minecraft:entity.panda.ambient	709
minecraft:sound_event	minecraft:entity.panda.bite	717
minecraft:sound_event	minecraft:entity.panda.cant_breed	713
minecraft:sound_event	minecraft:entity.panda.death	710
minecraft:sound_event	minecraft:entity.panda.eat	711
minecraft:sound_event	minecraft:entity.panda.hurt	716
minecraft:sound_event	minecraft:entity.panda.pre_sneeze	707
minecraft:sound_event	minecraft:entity.panda.sneeze	708
minecraft:sound_event	minecraft:entity.panda.step	712
minecraft:sound_event	minecraft:entity.panda.worried_ambient	715
minecraft:sound_event	minecraft:entity.parrot.ambient	718
minecraft:sound_event	minecraft:entity.parrot.death	719
minecraft:sound_event	minecraft:entity.parrot.eat	720
minecraft:sound_event	minecraft:entity.parrot.fly	721
minecraft:sound_event	minecraft:entity.parrot.hurt	722
minecraft:sound_event	minecraft:entity.parrot.imitate.blaze	723
minecraft:sound_event	minecraft:entity.parrot.imitate.creeper	724
minecraft:sound_event	minecraft:entity.parrot.imitate.drowned	725
minecraft:sound_event	minecraft:entity.parrot.imitate.elder_guardian	726
minecraft:sound_event	minecraft:entity.parrot.imitate.ender_dragon	727
minecraft:sound_event	minecraft:entity.parrot.imitate.endermite	728
minecraft:sound_event	minecraft:entity.parrot.imitate.evoker	729
minecraft:sound_event	minecraft:entity.parrot.imitate.ghast	730
minecraft:sound_event	minecraft:entity.parrot.imitate.guardian	731
minecraft:sound_event	minecraft:entity.parrot.imitate.hoglin	732
minecraft:sound_event	minecraft:entity.parrot.imitate.husk	733
minecraft:sound_event	minecraft:entity.parrot.imitate.illusioner	734
minecraft:sound_event	minecraft:entity.parrot.imitate.magma_cube	735
minecraft:sound_event	minecraft:entity.parrot.imitate.phantom	736
minecraft:sound_event	minecraft:entity.parrot.imitate.piglin	737
minecraft:sound_event	minecraft:entity.parrot.imitate.piglin_brute	738
minecraft:sound_event	minecraft:entity.parrot.imitate.pillager	739
minecraft:sound_event	minecraft:entity.parrot.imitate.ravager	740
minecraft:sound_event	minecraft:entity.parrot.imitate.shulker	741
minecraft:sound_event	minecraft:entity.parrot.imitate.silverfish	742
minecraft:sound_event	minecraft:entity.parrot.imitate.skeleton	743
minecraft:sound_event	minecraft:entity.parrot.imitate.slime	744
minecraft:sound_event	minecraft:entity.parrot.imitate.spider	745
minecraft:sound_event	minecraft:entity.parrot.imitate.stray	746
minecraft:sound_event	minecraft:entity.parrot.imitate.vex	747
minecraft:sound_event	minecraft:entity.parrot.imitate.vindicator	748
minecraft:sound_event	minecraft:entity.parrot.imitate.witch	749
minecraft:sound_event	minecraft:entity.parrot.imitate.wither	750
minecraft:sound_event	minecraft:entity.parrot.imitate.wither_skeleton	751
minecraft:sound_event	minecraft:entity.parrot.imitate.zoglin	752
minecraft:sound_event	minecraft:entity.parrot.imitate.zombie	753
minecraft:sound_event	minecraft:entity.parrot.imitate.zombie_villager	754
minecraft:sound_event	minecraft:entity.parrot.step	755
minecraft:sound_event	minecraft:entity.phantom.ambient	756
minecraft:sound_event	minecraft:entity.phantom.bite	757
minecraft:sound_event	minecraft:entity.phantom.death	758
minecraft:sound_event	minecraft:entity.phantom.flap	759
minecraft:sound_event	minecraft:entity.phantom.hurt	760
minecraft:sound_event	minecraft:entity.phantom.swoop	761
minecraft:sound_event	minecraft:entity.pig.ambient	762
minecraft:sound_event	minecraft:entity.pig.death	763
minecraft:sound_event	minecraft:entity.pig.hurt	764
minecraft:sound_event	minecraft:entity.pig.saddle	765
minecraft:sound_event	minecraft:entity.pig.step	766
minecraft:sound_event	minecraft:entity.piglin.admiring_item	767
minecraft:sound_event	minecraft:entity.piglin.ambient	768
minecraft:sound_event	minecraft:entity.piglin.angry	769
minecraft:sound_event	minecraft:entity.piglin.celebrate	770
minecraft:sound_event	minecraft:entity.piglin.converted_to_zombified	776
minecraft:sound_event	minecraft:entity.piglin.death	771
minecraft:sound_event	minecraft:entity.piglin.hurt	773
minecraft:sound_event	minecraft:entity.piglin.jealous	772
minecraft:sound_event	minecraft:entity.piglin.retreat	774
minecraft:sound_event	minecraft:entity.piglin.step	775
minecraft:sound_event	minecraft:entity.piglin_brute.ambient	777
minecraft:sound_event	minecraft:entity.piglin_brute.angry	778
minecraft:sound_event	minecraft:entity.piglin_brute.converted_to_zombified	782
minecraft:sound_event	minecraft:entity.piglin_brute.death	779
minecraft:sound_event	minecraft:entity.piglin_brute.hurt	780
minecraft:sound_event	minecraft:entity.piglin_brute.step	781
minecraft:sound_event	minecraft:entity.pillager.ambient	783
minecraft:sound_event	minecraft:entity.pillager.celebrate	784
minecraft:sound_event	minecraft:entity.pillager.death	785
minecraft:sound_event	minecraft:entity.pillager.hurt	786
minecraft:sound_event	minecraft:entity.player.attack.crit	789
minecraft:sound_event	minecraft:entity.player.attack.knockback	790
minecraft:sound_event	minecraft:entity.player.attack.nodamage	791
minecraft:sound_event	minecraft:entity.player.attack.strong	792
minecraft:sound_event	minecraft:entity.player.attack.sweep	793
minecraft:sound_event	minecraft:entity.player.attack.weak	794
minecraft:sound_event	minecraft:entity.player.big_fall	795
minecraft:sound_event	minecraft:entity.player.breath	796
minecraft:sound_event	minecraft:entity.player.burp	797
minecraft:sound_event	minecraft:entity.player.death	798
minecraft:sound_event	minecraft:entity.player.hurt	799
minecraft:sound_event	minecraft:entity.player.hurt_drown	800
minecraft:sound_event	minecraft:entity.player.hurt_freeze	801
minecraft:sound_event	minecraft:entity.player.hurt_on_fire	802
minecraft:sound_event	minecraft:entity.player.hurt_sweet_berry_bush	803
minecraft:sound_event	minecraft:entity.player.levelup	804
minecraft:sound_event	minecraft:entity.player.small_fall	805
minecraft:sound_event	minecraft:entity.player.splash	806
minecraft:sound_event	minecraft:entity.player.splash.high_speed	807
minecraft:sound_event	minecraft:entity.player.swim	808
minecraft:sound_event	minecraft:entity.polar_bear.ambient	809
minecraft:sound_event	minecraft:entity.polar_bear.ambient_baby	810
minecraft:sound_event	minecraft:entity.polar_bear.death	811
minecraft:sound_event	minecraft:entity.polar_bear.hurt	812
minecraft:sound_event	minecraft:entity.polar_bear.step	813
minecraft:sound_event	minecraft:entity.polar_bear.warning	814
minecraft:sound_event	minecraft:entity.puffer_fish.ambient	828
minecraft:sound_event	minecraft:entity.puffer_fish.blow_out	829
minecraft:sound_event	minecraft:entity.puffer_fish.blow_up	830
minecraft:sound_event	minecraft:entity.puffer_fish.death	831
minecraft:sound_event	minecraft:entity.puffer_fish.flop	832
minecraft:sound_event	minecraft:entity.puffer_fish.hurt	833
minecraft:sound_event	minecraft:entity.puffer_fish.sting	834
minecraft:sound_event	minecraft:entity.rabbit.ambient	836
minecraft:sound_event	minecraft:entity.rabbit.attack	837
minecraft:sound_event	minecraft:entity.rabbit.death	838
minecraft:sound_event	minecraft:entity.rabbit.hurt	839
minecraft:sound_event	minecraft:entity.rabbit.jump	840
minecraft:sound_event	minecraft:entity.ravager.ambient	842
minecraft:sound_event	minecraft:entity.ravager.attack	843
minecraft:sound_event	minecraft:entity.ravager.celebrate	844
minecraft:sound_event	minecraft:entity.ravager.death	845
minecraft:sound_event	minecraft:entity.ravager.hurt	846
minecraft:sound_event	minecraft:entity.ravager.roar	849
minecraft:sound_event	minecraft:entity.ravager.step	847
minecraft:sound_event	minecraft:entity.ravager.stunned	848
minecraft:sound_event	minecraft:entity.salmon.ambient	870
minecraft:sound_event	minecraft:entity.salmon.death	871
minecraft:sound_event	minecraft:entity.salmon.flop	872
minecraft:sound_event	minecraft:entity.salmon.hurt	873
minecraft:sound_event	minecraft:entity.sheep.ambient	891
minecraft:sound_event	minecraft:entity.sheep.death	892
minecraft:sound_event	minecraft:entity.sheep.hurt	893
minecraft:sound_event	minecraft:entity.sheep.shear	894
minecraft:sound_event	minecraft:entity.sheep.step	895
minecraft:sound_event	minecraft:entity.shulker.ambient	904
minecraft:sound_event	minecraft:entity.shulker.close	909
minecraft:sound_event	minecraft:entity.shulker.death	910
minecraft:sound_event	minecraft:entity.shulker.hurt	911
minecraft:sound_event	minecraft:entity.shulker.hurt_closed	912
minecraft:sound_event	minecraft:entity.shulker.open	913
minecraft:sound_event	minecraft:entity.shulker.shoot	914
minecraft:sound_event	minecraft:entity.shulker.teleport	915
minecraft:sound_event	minecraft:entity.shulker_bullet.hit	907
minecraft:sound_event	minecraft:entity.shulker_bullet.hurt	908
minecraft:sound_event	minecraft:entity.silverfish.ambient	916
minecraft:sound_event	minecraft:entity.silverfish.death	917
minecraft:sound_event	minecraft:entity.silverfish.hurt	918
minecraft:sound_event	minecraft:entity.silverfish.step	919
minecraft:sound_event	minecraft:entity.skeleton.ambient	920
minecraft:sound_event	minecraft:entity.skeleton.converted_to_stray	921
minecraft:sound_event	minecraft:entity.skeleton.death	922
minecraft:sound_event	minecraft:entity.skeleton.hurt	931
minecraft:sound_event	minecraft:entity.skeleton.shoot	932
minecraft:sound_event	minecraft:entity.skeleton.step	933
minecraft:sound_event	minecraft:entity.skeleton_horse.ambient	923
minecraft:sound_event	minecraft:entity.skeleton_horse.ambient_water	927
minecraft:sound_event	minecraft:entity.skeleton_horse.death	924
minecraft:sound_event	minecraft:entity.skeleton_horse.gallop_water	928
minecraft:sound_event	minecraft:entity.skeleton_horse.hurt	925
minecraft:sound_event	minecraft:entity.skeleton_horse.jump_water	929
minecraft:sound_event	minecraft:entity.skeleton_horse.step_water	930
minecraft:sound_event	minecraft:entity.skeleton_horse.swim	926
minecraft:sound_event	minecraft:entity.slime.attack	934
minecraft:sound_event	minecraft:entity.slime.death	935
minecraft:sound_event	minecraft:entity.slime.death_small	976
minecraft:sound_event	minecraft:entity.slime.hurt	936
minecraft:sound_event	minecraft:entity.slime.hurt_small	977
minecraft:sound_event	minecraft:entity.slime.jump	937
minecraft:sound_event	minecraft:entity.slime.jump_small	978
minecraft:sound_event	minecraft:entity.slime.squish	938
minecraft:sound_event	minecraft:entity.slime.squish_small	979
minecraft:sound_event	minecraft:entity.snow_golem.ambient	985
minecraft:sound_event	minecraft:entity.snow_golem.death	986
minecraft:sound_event	minecraft:entity.snow_golem.hurt	987
minecraft:sound_event	minecraft:entity.snow_golem.shear	989
minecraft:sound_event	minecraft:entity.snow_golem.shoot	988
minecraft:sound_event	minecraft:entity.snowball.throw	982
minecraft:sound_event	minecraft:entity.spider.ambient	993
minecraft:sound_event	minecraft:entity.spider.death	994
minecraft:sound_event	minecraft:entity.spider.hurt	995
minecraft:sound_event	minecraft:entity.spider.step	996
minecraft:sound_event	minecraft:entity.splash_potion.break	997
minecraft:sound_event	minecraft:entity.splash_potion.throw	998
minecraft:sound_event	minecraft:entity.squid.ambient	1001
minecraft:sound_event	minecraft:entity.squid.death	1002
minecraft:sound_event	minecraft:entity.squid.hurt	1003
minecraft:sound_event	minecraft:entity.squid.squirt	1004
minecraft:sound_event	minecraft:entity.stray.ambient	1014
minecraft:sound_event	minecraft:entity.stray.death	1015
minecraft:sound_event	minecraft:entity.stray.hurt	1016
minecraft:sound_event	minecraft:entity.stray.step	1017
minecraft:sound_event	minecraft:entity.strider.ambient	967
minecraft:sound_event	minecraft:entity.strider.death	970
minecraft:sound_event	minecraft:entity.strider.eat	974
minecraft:sound_event	minecraft:entity.strider.happy	968
minecraft:sound_event	minecraft:entity.strider.hurt	971
minecraft:sound_event	minecraft:entity.strider.retreat	969
minecraft:sound_event	minecraft:entity.strider.saddle	975
minecraft:sound_event	minecraft:entity.strider.step	972
minecraft:sound_event	minecraft:entity.strider.step_lava	973
minecraft:sound_event	minecraft:entity.tnt.primed	1022
minecraft:sound_event	minecraft:entity.tropical_fish.ambient	1036
minecraft:sound_event	minecraft:entity.tropical_fish.death	1037
minecraft:sound_event	minecraft:entity.tropical_fish.flop	1038
minecraft:sound_event	minecraft:entity.tropical_fish.hurt	1039
minecraft:sound_event	minecraft:entity.turtle.ambient_land	1045
minecraft:sound_event	minecraft:entity.turtle.death	1046
minecraft:sound_event	minecraft:entity.turtle.death_baby	1047
minecraft:sound_event	minecraft:entity.turtle.egg_break	1048
minecraft:sound_event	minecraft:entity.turtle.egg_crack	1049
minecraft:sound_event	minecraft:entity.turtle.egg_hatch	1050
minecraft:sound_event	minecraft:entity.turtle.hurt	1051
minecraft:sound_event	minecraft:entity.turtle.hurt_baby	1052
minecraft:sound_event	minecraft:entity.turtle.lay_egg	1053
minecraft:sound_event	minecraft:entity.turtle.shamble	1054
minecraft:sound_event	minecraft:entity.turtle.shamble_baby	1055
minecraft:sound_event	minecraft:entity.turtle.swim	1056
minecraft:sound_event	minecraft:entity.vex.ambient	1066
minecraft:sound_event	minecraft:entity.vex.charge	1067
minecraft:sound_event	minecraft:entity.vex.death	1068
minecraft:sound_event	minecraft:entity.vex.hurt	1069
minecraft:sound_event	minecraft:entity.villager.ambient	1070
minecraft:sound_event	minecraft:entity.villager.celebrate	1071
minecraft:sound_event	minecraft:entity.villager.death	1072
minecraft:sound_event	minecraft:entity.villager.hurt	1073
minecraft:sound_event	minecraft:entity.villager.no	1074
minecraft:sound_event	minecraft:entity.villager.trade	1075
minecraft:sound_event	minecraft:entity.villager.work_armorer	1077
minecraft:sound_event	minecraft:entity.villager.work_butcher	1078
minecraft:sound_event	minecraft:entity.villager.work_cartographer	1079
minecraft:sound_event	minecraft:entity.villager.work_cleric	1080
minecraft:sound_event	minecraft:entity.villager.work_farmer	1081
minecraft:sound_event	minecraft:entity.villager.work_fisherman	1082
minecraft:sound_event	minecraft:entity.villager.work_fletcher	1083
minecraft:sound_event	minecraft:entity.villager.work_leatherworker	1084
minecraft:sound_event	minecraft:entity.villager.work_librarian	1085
minecraft:sound_event	minecraft:entity.villager.work_mason	1086
minecraft:sound_event	minecraft:entity.villager.work_shepherd	1087
minecraft:sound_event	minecraft:entity.villager.work_toolsmith	1088
minecraft:sound_event	minecraft:entity.villager.work_weaponsmith	1089
minecraft:sound_event	minecraft:entity.villager.yes	1076
minecraft:sound_event	minecraft:entity.vindicator.ambient	1090
minecraft:sound_event	minecraft:entity.vindicator.celebrate	1091
minecraft:sound_event	minecraft:entity.vindicator.death	1092
minecraft:sound_event	minecraft:entity.vindicator.hurt	1093
minecraft:sound_event	minecraft:entity.wandering_trader.ambient	1100
minecraft:sound_event	minecraft:entity.wandering_trader.death	1101
minecraft:sound_event	minecraft:entity.wandering_trader.disappeared	1102
minecraft:sound_event	minecraft:entity.wandering_trader.drink_milk	1103
minecraft:sound_event	minecraft:entity.wandering_trader.drink_potion	1104
minecraft:sound_event	minecraft:entity.wandering_trader.hurt	1105
minecraft:sound_event	minecraft:entity.wandering_trader.no	1106
minecraft:sound_event	minecraft:entity.wandering_trader.reappeared	1107
minecraft:sound_event	minecraft:entity.wandering_trader.trade	1108
minecraft:sound_event	minecraft:entity.wandering_trader.yes	1109
minecraft:sound_event	minecraft:entity.witch.ambient	1118
minecraft:sound_event	minecraft:entity.witch.celebrate	1119
minecraft:sound_event	minecraft:entity.witch.death	1120
minecraft:sound_event	minecraft:entity.witch.drink	1121
minecraft:sound_event	minecraft:entity.witch.hurt	1122
minecraft:sound_event	minecraft:entity.witch.throw	1123
minecraft:sound_event	minecraft:entity.wither.ambient	1124
minecraft:sound_event	minecraft:entity.wither.break_block	1125
minecraft:sound_event	minecraft:entity.wither.death	1126
minecraft:sound_event	minecraft:entity.wither.hurt	1127
minecraft:sound_event	minecraft:entity.wither.shoot	1128
minecraft:sound_event	minecraft:entity.wither.spawn	1133
minecraft:sound_event	minecraft:entity.wither_skeleton.ambient	1129
minecraft:sound_event	minecraft:entity.wither_skeleton.death	1130
minecraft:sound_event	minecraft:entity.wither_skeleton.hurt	1131
minecraft:sound_event	minecraft:entity.wither_skeleton.step	1132
minecraft:sound_event	minecraft:entity.wolf.ambient	1134
minecraft:sound_event	minecraft:entity.wolf.death	1135
minecraft:sound_event	minecraft:entity.wolf.growl	1136
minecraft:sound_event	minecraft:entity.wolf.howl	1137
minecraft:sound_event	minecraft:entity.wolf.hurt	1138
minecraft:sound_event	minecraft:entity.wolf.pant	1139
minecraft:sound_event	minecraft:entity.wolf.shake	1140
minecraft:sound_event	minecraft:entity.wolf.step	1141
minecraft:sound_event	minecraft:entity.wolf.whine	1142
minecraft:sound_event	minecraft:entity.zoglin.ambient	1161
minecraft:sound_event	minecraft:entity.zoglin.angry	1162
minecraft:sound_event	minecraft:entity.zoglin.attack	1163
minecraft:sound_event	minecraft:entity.zoglin.death	1164
minecraft:sound_event	minecraft:entity.zoglin.hurt	1165
minecraft:sound_event	minecraft:entity.zoglin.step	1166
minecraft:sound_event	minecraft:entity.zombie.ambient	1167
minecraft:sound_event	minecraft:entity.zombie.attack_iron_door	1169
minecraft:sound_event	minecraft:entity.zombie.attack_wooden_door	1168
minecraft:sound_event	minecraft:entity.zombie.break_wooden_door	1170
minecraft:sound_event	minecraft:entity.zombie.converted_to_drowned	1171
minecraft:sound_event	minecraft:entity.zombie.death	1172
minecraft:sound_event	minecraft:entity.zombie.destroy_egg	1173
minecraft:sound_event	minecraft:entity.zombie.hurt	1177
minecraft:sound_event	minecraft:entity.zombie.infect	1178
minecraft:sound_event	minecraft:entity.zombie.step	1183
minecraft:sound_event	minecraft:entity.zombie_horse.ambient	1174
minecraft:sound_event	minecraft:entity.zombie_horse.death	1175
minecraft:sound_event	minecraft:entity.zombie_horse.hurt	1176
minecraft:sound_event	minecraft:entity.zombie_villager.ambient	1184
minecraft:sound_event	minecraft:entity.zombie_villager.converted	1185
minecraft:sound_event	minecraft:entity.zombie_villager.cure	1186
minecraft:sound_event	minecraft:entity.zombie_villager.death	1187
minecraft:sound_event	minecraft:entity.zombie_villager.hurt	1188
minecraft:sound_event	minecraft:entity.zombie_villager.step	1189
minecraft:sound_event	minecraft:entity.zombified_piglin.ambient	1179
minecraft:sound_event	minecraft:entity.zombified_piglin.angry	1180
minecraft:sound_event	minecraft:entity.zombified_piglin.death	1181
minecraft:sound_event	minecraft:entity.zombified_piglin.hurt	1182
minecraft:sound_event	minecraft:event.raid.horn	841
minecraft:sound_event	minecraft:item.armor.equip_chain	46
minecraft:sound_event	minecraft:item.armor.equip_diamond	47
minecraft:sound_event	minecraft:item.armor.equip_elytra	48
minecraft:sound_event	minecraft:item.armor.equip_generic	49
minecraft:sound_event	minecraft:item.armor.equip_gold	50
minecraft:sound_event	minecraft:item.armor.equip_iron	51
minecraft:sound_event	minecraft:item.armor.equip_leather	52
minecraft:sound_event	minecraft:item.armor.equip_netherite	53
minecraft:sound_event	minecraft:item.armor.equip_turtle	54
minecraft:sound_event	minecraft:item.axe.scrape	63
minecraft:sound_event	minecraft:item.axe.strip	62
minecraft:sound_event	minecraft:item.axe.wax_off	64
minecraft:sound_event	minecraft:item.bone_meal.use	136
minecraft:sound_event	minecraft:item.book.page_turn	137
minecraft:sound_event	minecraft:item.book.put	138
minecraft:sound_event	minecraft:item.bottle.empty	140
minecraft:sound_event	minecraft:item.bottle.fill	141
minecraft:sound_event	minecraft:item.bottle.fill_dragonbreath	142
minecraft:sound_event	minecraft:item.bucket.empty	149
minecraft:sound_event	minecraft:item.bucket.empty_axolotl	150
minecraft:sound_event	minecraft:item.bucket.empty_fish	151
minecraft:sound_event	minecraft:item.bucket.empty_lava	152
minecraft:sound_event	minecraft:item.bucket.empty_powder_snow	153
minecraft:sound_event	minecraft:item.bucket.fill	154
minecraft:sound_event	minecraft:item.bucket.fill_axolotl	155
minecraft:sound_event	minecraft:item.bucket.fill_fish	156
minecraft:sound_event	minecraft:item.bucket.fill_lava	157
minecraft:sound_event	minecraft:item.bucket.fill_powder_snow	158
minecraft:sound_event	minecraft:item.chorus_fruit.teleport	203
minecraft:sound_event	minecraft:item.crop.plant	237
minecraft:sound_event	minecraft:item.crossbow.hit	238
minecraft:sound_event	minecraft:item.crossbow.loading_end	239
minecraft:sound_event	minecraft:item.crossbow.loading_middle	240
minecraft:sound_event	minecraft:item.crossbow.loading_start	241
minecraft:sound_event	minecraft:item.crossbow.quick_charge_1	242
minecraft:sound_event	minecraft:item.crossbow.quick_charge_2	243
minecraft:sound_event	minecraft:item.crossbow.quick_charge_3	244
minecraft:sound_event	minecraft:item.crossbow.shoot	245
minecraft:sound_event	minecraft:item.dye.use	306
minecraft:sound_event	minecraft:item.elytra.flying	316
minecraft:sound_event	minecraft:item.firecharge.use	356
minecraft:sound_event	minecraft:item.flintandsteel.use	371
minecraft:sound_event	minecraft:item.glow_ink_sac.use	421
minecraft:sound_event	minecraft:item.hoe.till	472
minecraft:sound_event	minecraft:item.honey_bottle.drink	488
minecraft:sound_event	minecraft:item.honeycomb.wax_on	487
minecraft:sound_event	minecraft:item.ink_sac.use	520
minecraft:sound_event	minecraft:item.lodestone_compass.lock	574
minecraft:sound_event	minecraft:item.nether_wart.plant	645
minecraft:sound_event	minecraft:item.shield.block	896
minecraft:sound_event	minecraft:item.shield.break	897
minecraft:sound_event	minecraft:item.shovel.flatten	903
minecraft:sound_event	minecraft:item.spyglass.stop_using	1000
minecraft:sound_event	minecraft:item.spyglass.use	999
minecraft:sound_event	minecraft:item.totem.use	1023
minecraft:sound_event	minecraft:item.trident.hit	1024
minecraft:sound_event	minecraft:item.trident.hit_ground	1025
minecraft:sound_event	minecraft:item.trident.return	1026
minecraft:sound_event	minecraft:item.trident.riptide_1	1027
minecraft:sound_event	minecraft:item.trident.riptide_2	1028
minecraft:sound_event	minecraft:item.trident.riptide_3	1029
minecraft:sound_event	minecraft:item.trident.throw	1030
minecraft:sound_event	minecraft:item.trident.thunder	1031
minecraft:sound_event	minecraft:music.creative	614
minecraft:sound_event	minecraft:music.credits	615
minecraft:sound_event	minecraft:music.dragon	629
minecraft:sound_event	minecraft:music.end	630
minecraft:sound_event	minecraft:music.game	631
minecraft:sound_event	minecraft:music.menu	632
minecraft:sound_event	minecraft:music.nether.basalt_deltas	633
minecraft:sound_event	minecraft:music.nether.crimson_forest	636
minecraft:sound_event	minecraft:music.nether.nether_wastes	634
minecraft:sound_event	minecraft:music.nether.soul_sand_valley	635
minecraft:sound_event	minecraft:music.nether.warped_forest	637
minecraft:sound_event	minecraft:music.under_water	638
minecraft:sound_event	minecraft:music_disc.11	616
minecraft:sound_event	minecraft:music_disc.13	617
minecraft:sound_event	minecraft:music_disc.blocks	618
minecraft:sound_event	minecraft:music_disc.cat	619
minecraft:sound_event	minecraft:music_disc.chirp	620
minecraft:sound_event	minecraft:music_disc.far	621
minecraft:sound_event	minecraft:music_disc.mall	622
minecraft:sound_event	minecraft:music_disc.mellohi	623
minecraft:sound_event	minecraft:music_disc.pigstep	624
minecraft:sound_event	minecraft:music_disc.stal	625
minecraft:sound_event	minecraft:music_disc.strad	626
minecraft:sound_event	minecraft:music_disc.wait	627
minecraft:sound_event	minecraft:music_disc.ward	628
minecraft:sound_event	minecraft:particle.soul_escape	961
minecraft:sound_event	minecraft:ui.button.click	1057
minecraft:sound_event	minecraft:ui.cartography_table.take_result	1060
minecraft:sound_event	minecraft:ui.loom.select_pattern	1058
minecraft:sound_event	minecraft:ui.loom.take_result	1059
minecraft:sound_event	minecraft:ui.stonecutter.select_recipe	1062
minecraft:sound_event	minecraft:ui.stonecutter.take_result	1061
minecraft:sound_event	minecraft:ui.toast.challenge_complete	1063
minecraft:sound_event	minecraft:ui.toast.in	1064
minecraft:sound_event	minecraft:ui.toast.out	1065
minecraft:sound_event	minecraft:weather.rain	1111
minecraft:sound_event	minecraft:weather.rain.above	1112
minecraft:stat_type	minecraft:broken	3
minecraft:stat_type	minecraft:crafted	1
minecraft:stat_type	minecraft:custom	8
minecraft:stat_type	minecraft:dropped	5
minecraft:stat_type	minecraft:killed	6
minecraft:stat_type	minecraft:killed_by	7
minecraft:stat_type	minecraft:mined	0
minecraft:stat_type	minecraft:picked_up	4
minecraft:stat_type	minecraft:used	2
minecraft:villager_profession	minecraft:armorer	1
minecraft:villager_profession	minecraft:butcher	2
minecraft:villager_profession	minecraft:cartographer	3
minecraft:villager_profession	minecraft:cleric	4
minecraft:villager_profession	minecraft:farmer	5
minecraft:villager_profession	minecraft:fisherman	6
minecraft:villager_profession	minecraft:fletcher	7
minecraft:villager_profession	minecraft:leatherworker	8
minecraft:villager_profession	minecraft:librarian	9
minecraft:villager_profession	minecraft:mason	10
minecraft:villager_profession	minecraft:nitwit	11
minecraft:villager_profession	minecraft:none	0
minecraft:villager_profession	minecraft:shepherd	12
minecraft:villager_profession	minecraft:toolsmith	13
minecraft:villager_profession	minecraft:weaponsmith	14
minecraft:villager_type	minecraft:desert	0
minecraft:villager_type	minecraft:jungle	1
minecraft:villager_type	minecraft:plains	2
minecraft:villager_type	minecraft:savanna	3
minecraft:villager_type	minecraft:snow	4
minecraft:villager_type	minecraft:swamp	5
minecraft:villager_type	minecraft:taiga	6
minecraft:worldgen/biome_source	minecraft:checkerboard	2
minecraft:worldgen/biome_source	minecraft:fixed	0
minecraft:worldgen/biome_source	minecraft:multi_noise	1
minecraft:worldgen/biome_source	minecraft:the_end	4
minecraft:worldgen/biome_source	minecraft:vanilla_layered	3
minecraft:worldgen/block_placer_type	minecraft:column_placer	2
minecraft:worldgen/block_placer_type	minecraft:double_plant_placer	1
minecraft:worldgen/block_placer_type	minecraft:simple_block_placer	0
minecraft:worldgen/block_state_provider_type	minecraft:forest_flower_provider	3
minecraft:worldgen/block_state_provider_type	minecraft:plain_flower_provider	2
minecraft:worldgen/block_state_provider_type	minecraft:randomized_int_state_provider	5
minecraft:worldgen/block_state_provider_type	minecraft:rotated_block_provider	4
minecraft:worldgen/block_state_provider_type	minecraft:simple_state_provider	0
minecraft:worldgen/block_state_provider_type	minecraft:weighted_state_provider	1
minecraft:worldgen/carver	minecraft:canyon	2
minecraft:worldgen/carver	minecraft:cave	0
minecraft:worldgen/carver	minecraft:nether_cave	1
minecraft:worldgen/carver	minecraft:underwater_canyon	3
minecraft:worldgen/carver	minecraft:underwater_cave	4
minecraft:worldgen/chunk_generator	minecraft:debug	2
minecraft:worldgen/chunk_generator	minecraft:flat	1
minecraft:worldgen/chunk_generator	minecraft:noise	0
minecraft:worldgen/decorator	minecraft:carving_mask	2
minecraft:worldgen/decorator	minecraft:cave_surface	16
minecraft:worldgen/decorator	minecraft:chance	7
minecraft:worldgen/decorator	minecraft:count	8
minecraft:worldgen/decorator	minecraft:count_extra	11
minecraft:worldgen/decorator	minecraft:count_multilayer	3
minecraft:worldgen/decorator	minecraft:count_noise	9
minecraft:worldgen/decorator	minecraft:count_noise_biased	10
minecraft:worldgen/decorator	minecraft:dark_oak_tree	5
minecraft:worldgen/decorator	minecraft:decorated	1
minecraft:worldgen/decorator	minecraft:end_gateway	19
minecraft:worldgen/decorator	minecraft:heightmap	13
minecraft:worldgen/decorator	minecraft:heightmap_spread_double	14
minecraft:worldgen/decorator	minecraft:iceberg	6
minecraft:worldgen/decorator	minecraft:lava_lake	12
minecraft:worldgen/decorator	minecraft:nope	0
minecraft:worldgen/decorator	minecraft:range	17
minecraft:worldgen/decorator	minecraft:spread_32_above	18
minecraft:worldgen/decorator	minecraft:square	4
minecraft:worldgen/decorator	minecraft:water_depth_threshold	15
minecraft:worldgen/feature	minecraft:bamboo	42
minecraft:worldgen/feature	minecraft:basalt_columns	47
minecraft:worldgen/feature	minecraft:basalt_pillar	52
minecraft:worldgen/feature	minecraft:block_pile	5
minecraft:worldgen/feature	minecraft:blue_ice	25
minecraft:worldgen/feature	minecraft:bonus_chest	51
minecraft:worldgen/feature	minecraft:chorus_plant	7
minecraft:worldgen/feature	minecraft:coral_claw	39
minecraft:worldgen/feature	minecraft:coral_mushroom	38
minecraft:worldgen/feature	minecraft:coral_tree	37
minecraft:worldgen/feature	minecraft:decorated	57
minecraft:worldgen/feature	minecraft:delta_feature	48
minecraft:worldgen/feature	minecraft:desert_well	10
minecraft:worldgen/feature	minecraft:disk	28
minecraft:worldgen/feature	minecraft:dripstone_cluster	59
minecraft:worldgen/feature	minecraft:end_gateway	34
minecraft:worldgen/feature	minecraft:end_island	33
minecraft:worldgen/feature	minecraft:end_spike	32
minecraft:worldgen/feature	minecraft:fill_layer	50
minecraft:worldgen/feature	minecraft:flower	2
minecraft:worldgen/feature	minecraft:forest_rock	27
minecraft:worldgen/feature	minecraft:fossil	11
minecraft:worldgen/feature	minecraft:freeze_top_layer	16
minecraft:worldgen/feature	minecraft:geode	58
minecraft:worldgen/feature	minecraft:glow_lichen	22
minecraft:worldgen/feature	minecraft:glowstone_blob	15
minecraft:worldgen/feature	minecraft:growing_plant	18
minecraft:worldgen/feature	minecraft:huge_brown_mushroom	13
minecraft:worldgen/feature	minecraft:huge_fungus	43
minecraft:worldgen/feature	minecraft:huge_red_mushroom	12
minecraft:worldgen/feature	minecraft:ice_patch	29
minecraft:worldgen/feature	minecraft:ice_spike	14
minecraft:worldgen/feature	minecraft:iceberg	26
minecraft:worldgen/feature	minecraft:kelp	36
minecraft:worldgen/feature	minecraft:lake	30
minecraft:worldgen/feature	minecraft:large_dripstone	60
minecraft:worldgen/feature	minecraft:monster_room	24
minecraft:worldgen/feature	minecraft:nether_forest_vegetation	44
minecraft:worldgen/feature	minecraft:netherrack_replace_blobs	49
minecraft:worldgen/feature	minecraft:no_bonemeal_flower	3
minecraft:worldgen/feature	minecraft:no_op	0
minecraft:worldgen/feature	minecraft:ore	31
minecraft:worldgen/feature	minecraft:random_boolean_selector	56
minecraft:worldgen/feature	minecraft:random_patch	4
minecraft:worldgen/feature	minecraft:random_selector	54
minecraft:worldgen/feature	minecraft:replace_single_block	8
minecraft:worldgen/feature	minecraft:root_system	21
minecraft:worldgen/feature	minecraft:scattered_ore	53
minecraft:worldgen/feature	minecraft:sea_pickle	40
minecraft:worldgen/feature	minecraft:seagrass	35
minecraft:worldgen/feature	minecraft:simple_block	41
minecraft:worldgen/feature	minecraft:simple_random_selector	55
minecraft:worldgen/feature	minecraft:small_dripstone	61
minecraft:worldgen/feature	minecraft:spring_feature	6
minecraft:worldgen/feature	minecraft:tree	1
minecraft:worldgen/feature	minecraft:twisting_vines	46
minecraft:worldgen/feature	minecraft:underwater_magma	23
minecraft:worldgen/feature	minecraft:vegetation_patch	19
minecraft:worldgen/feature	minecraft:vines	17
minecraft:worldgen/feature	minecraft:void_start_platform	9
minecraft:worldgen/feature	minecraft:waterlogged_vegetation_patch	20
minecraft:worldgen/feature	minecraft:weeping_vines	45
minecraft:worldgen/feature_size_type	minecraft:three_layers_feature_size	1
minecraft:worldgen/feature_size_type	minecraft:two_layers_feature_size	0
minecraft:worldgen/foliage_placer_type	minecraft:acacia_foliage_placer	3
minecraft:worldgen/foliage_placer_type	minecraft:blob_foliage_placer	0
minecraft:worldgen/foliage_placer_type	minecraft:bush_foliage_placer	4
minecraft:worldgen/foliage_placer_type	minecraft:dark_oak_foliage_placer	8
minecraft:worldgen/foliage_placer_type	minecraft:fancy_foliage_placer	5
minecraft:worldgen/foliage_placer_type	minecraft:jungle_foliage_placer	6
minecraft:worldgen/foliage_placer_type	minecraft:mega_pine_foliage_placer	7
minecraft:worldgen/foliage_placer_type	minecraft:pine_foliage_placer	2
minecraft:worldgen/foliage_placer_type	minecraft:random_spread_foliage_placer	9
minecraft:worldgen/foliage_placer_type	minecraft:spruce_foliage_placer	1
minecraft:worldgen/structure_feature	minecraft:bastion_remnant	17
minecraft:worldgen/structure_feature	minecraft:buried_treasure	14
minecraft:worldgen/structure_feature	minecraft:desert_pyramid	4
minecraft:worldgen/structure_feature	minecraft:endcity	13
minecraft:worldgen/structure_feature	minecraft:fortress	12
minecraft:worldgen/structure_feature	minecraft:igloo	5
minecraft:worldgen/structure_feature	minecraft:jungle_pyramid	3
minecraft:worldgen/structure_feature	minecraft:mansion	2
minecraft:worldgen/structure_feature	minecraft:mineshaft	1
minecraft:worldgen/structure_feature	minecraft:monument	10
minecraft:worldgen/structure_feature	minecraft:nether_fossil	16
minecraft:worldgen/structure_feature	minecraft:ocean_ruin	11
minecraft:worldgen/structure_feature	minecraft:pillager_outpost	0
minecraft:worldgen/structure_feature	minecraft:ruined_portal	6
minecraft:worldgen/structure_feature	minecraft:shipwreck	7
minecraft:worldgen/structure_feature	minecraft:stronghold	9
minecraft:worldgen/structure_feature	minecraft:swamp_hut	8
minecraft:worldgen/structure_feature	minecraft:village	15
minecraft:worldgen/structure_piece	minecraft:btp	52
minecraft:worldgen/structure_piece	minecraft:ecp	50
minecraft:worldgen/structure_piece	minecraft:iglu	34
minecraft:worldgen/structure_piece	minecraft:jigsaw	55
minecraft:worldgen/structure_piece	minecraft:mscorridor	0
minecraft:worldgen/structure_piece	minecraft:mscrossing	1
minecraft:worldgen/structure_piece	minecraft:msroom	2
minecraft:worldgen/structure_piece	minecraft:msstairs	3
minecraft:worldgen/structure_piece	minecraft:nebcr	4
minecraft:worldgen/structure_piece	minecraft:nebef	5
minecraft:worldgen/structure_piece	minecraft:nebs	6
minecraft:worldgen/structure_piece	minecraft:neccs	7
minecraft:worldgen/structure_piece	minecraft:nece	9
minecraft:worldgen/structure_piece	minecraft:necsr	14
minecraft:worldgen/structure_piece	minecraft:nectb	8
minecraft:worldgen/structure_piece	minecraft:nefos	54
minecraft:worldgen/structure_piece	minecraft:nemt	15
minecraft:worldgen/structure_piece	minecraft:nerc	16
minecraft:worldgen/structure_piece	minecraft:nesc	12
minecraft:worldgen/structure_piece	minecraft:nesclt	11
minecraft:worldgen/structure_piece	minecraft:nescrt	13
minecraft:worldgen/structure_piece	minecraft:nescsc	10
minecraft:worldgen/structure_piece	minecraft:nesr	17
minecraft:worldgen/structure_piece	minecraft:nestart	18
minecraft:worldgen/structure_piece	minecraft:omb	38
minecraft:worldgen/structure_piece	minecraft:omcr	39
minecraft:worldgen/structure_piece	minecraft:omdxr	40
minecraft:worldgen/structure_piece	minecraft:omdxyr	41
minecraft:worldgen/structure_piece	minecraft:omdyr	42
minecraft:worldgen/structure_piece	minecraft:omdyzr	43
minecraft:worldgen/structure_piece	minecraft:omdzr	44
minecraft:worldgen/structure_piece	minecraft:omentry	45
minecraft:worldgen/structure_piece	minecraft:ompenthouse	46
minecraft:worldgen/structure_piece	minecraft:omsimple	47
minecraft:worldgen/structure_piece	minecraft:omsimplet	48
minecraft:worldgen/structure_piece	minecraft:omwr	49
minecraft:worldgen/structure_piece	minecraft:orp	33
minecraft:worldgen/structure_piece	minecraft:rupo	35
minecraft:worldgen/structure_piece	minecraft:sh5c	21
minecraft:worldgen/structure_piece	minecraft:shcc	19
minecraft:worldgen/structure_piece	minecraft:shfc	20
minecraft:worldgen/structure_piece	minecraft:shipwreck	53
minecraft:worldgen/structure_piece	minecraft:shli	23
minecraft:worldgen/structure_piece	minecraft:shlt	22
minecraft:worldgen/structure_piece	minecraft:shph	25
minecraft:worldgen/structure_piece	minecraft:shpr	24
minecraft:worldgen/structure_piece	minecraft:shrc	27
minecraft:worldgen/structure_piece	minecraft:shrt	26
minecraft:worldgen/structure_piece	minecraft:shs	30
minecraft:worldgen/structure_piece	minecraft:shsd	28
minecraft:worldgen/structure_piece	minecraft:shssd	31
minecraft:worldgen/structure_piece	minecraft:shstart	29
minecraft:worldgen/structure_piece	minecraft:tedp	37
minecraft:worldgen/structure_piece	minecraft:tejp	32
minecraft:worldgen/structure_piece	minecraft:tesh	36
minecraft:worldgen/structure_piece	minecraft:wmp	51
minecraft:worldgen/structure_pool_element	minecraft:empty_pool_element	3
minecraft:worldgen/structure_pool_element	minecraft:feature_pool_element	2
minecraft:worldgen/structure_pool_element	minecraft:legacy_single_pool_element	4
minecraft:worldgen/structure_pool_element	minecraft:list_pool_element	1
minecraft:worldgen/structure_pool_element	minecraft:single_pool_element	0
minecraft:worldgen/structure_processor	minecraft:blackstone_replace	7
minecraft:worldgen/structure_processor	minecraft:block_age	6
minecraft:worldgen/structure_processor	minecraft:block_ignore	0
minecraft:worldgen/structure_processor	minecraft:block_rot	1
minecraft:worldgen/structure_processor	minecraft:gravity	2
minecraft:worldgen/structure_processor	minecraft:jigsaw_replacement	3
minecraft:worldgen/structure_processor	minecraft:lava_submerged_block	8
minecraft:worldgen/structure_processor	minecraft:nop	5
minecraft:worldgen/structure_processor	minecraft:protected_blocks	9
minecraft:worldgen/structure_processor	minecraft:rule	4
minecraft:worldgen/surface_builder	minecraft:badlands	6
minecraft:worldgen/surface_builder	minecraft:basalt_deltas	13
minecraft:worldgen/surface_builder	minecraft:default	0
minecraft:worldgen/surface_builder	minecraft:eroded_badlands	8
minecraft:worldgen/surface_builder	minecraft:frozen_ocean	9
minecraft:worldgen/surface_builder	minecraft:giant_tree_taiga	4
minecraft:worldgen/surface_builder	minecraft:gravelly_mountain	3
minecraft:worldgen/surface_builder	minecraft:mountain	1
minecraft:worldgen/surface_builder	minecraft:nether	10
minecraft:worldgen/surface_builder	minecraft:nether_forest	11
minecraft:worldgen/surface_builder	minecraft:nope	14
minecraft:worldgen/surface_builder	minecraft:shattered_savanna	2
minecraft:worldgen/surface_builder	minecraft:soul_sand_valley	12
minecraft:worldgen/surface_builder	minecraft:swamp	5
minecraft:worldgen/surface_builder	minecraft:wooded_badlands	7
minecraft:worldgen/tree_decorator_type	minecraft:alter_ground	4
minecraft:worldgen/tree_decorator_type	minecraft:beehive	3
minecraft:worldgen/tree_decorator_type	minecraft:cocoa	2
minecraft:worldgen/tree_decorator_type	minecraft:leave_vine	1
minecraft:worldgen/tree_decorator_type	minecraft:trunk_vine	0
minecraft:worldgen/trunk_placer_type	minecraft:bending_trunk_placer	6
minecraft:worldgen/trunk_placer_type	minecraft:dark_oak_trunk_placer	4
minecraft:worldgen/trunk_placer_type	minecraft:fancy_trunk_placer	5
minecraft:worldgen/trunk_placer_type	minecraft:forking_trunk_placer	1
minecraft:worldgen/trunk_placer_type	minecraft:giant_trunk_placer	2
minecraft:worldgen/trunk_placer_type	minecraft:mega_jungle_trunk_placer	3
minecraft:worldgen/trunk_placer_type	minecraft:straight_trunk_placer	0
