registry_id	entry_id	entry_protocol_id
minecraft:activity	minecraft:admire_item	12
minecraft:activity	minecraft:avoid	13
minecraft:activity	minecraft:celebrate	11
minecraft:activity	minecraft:core	0
minecraft:activity	minecraft:dig	25
minecraft:activity	minecraft:emerge	24
minecraft:activity	minecraft:fight	10
minecraft:activity	minecraft:hide	9
minecraft:activity	minecraft:idle	1
minecraft:activity	minecraft:investigate	22
minecraft:activity	minecraft:lay_spawn	20
minecraft:activity	minecraft:long_jump	16
minecraft:activity	minecraft:meet	5
minecraft:activity	minecraft:panic	6
minecraft:activity	minecraft:play	3
minecraft:activity	minecraft:play_dead	15
minecraft:activity	minecraft:pre_raid	8
minecraft:activity	minecraft:raid	7
minecraft:activity	minecraft:ram	17
minecraft:activity	minecraft:rest	4
minecraft:activity	minecraft:ride	14
minecraft:activity	minecraft:roar	23
minecraft:activity	minecraft:sniff	21
minecraft:activity	minecraft:swim	19
minecraft:activity	minecraft:tongue	18
minecraft:activity	minecraft:work	2
minecraft:attribute	minecraft:generic.armor	8
minecraft:attribute	minecraft:generic.armor_toughness	9
minecraft:attribute	minecraft:generic.attack_damage	5
minecraft:attribute	minecraft:generic.attack_knockback	6
minecraft:attribute	minecraft:generic.attack_speed	7
minecraft:attribute	minecraft:generic.flying_speed	4
minecraft:attribute	minecraft:generic.follow_range	1
minecraft:attribute	minecraft:generic.knockback_resistance	2
minecraft:attribute	minecraft:generic.luck	10
minecraft:attribute	minecraft:generic.max_health	0
minecraft:attribute	minecraft:generic.movement_speed	3
minecraft:attribute	minecraft:horse.jump_strength	12
minecraft:attribute	minecraft:zombie.spawn_reinforcements	11
minecraft:banner_pattern	minecraft:base	0
minecraft:banner_pattern	minecraft:border	30
minecraft:banner_pattern	minecraft:bricks	34
minecraft:banner_pattern	minecraft:circle	24
minecraft:banner_pattern	minecraft:creeper	36
minecraft:banner_pattern	minecraft:cross	14
minecraft:banner_pattern	minecraft:curly_border	31
minecraft:banner_pattern	minecraft:diagonal_left	20
minecraft:banner_pattern	minecraft:diagonal_right	23
minecraft:banner_pattern	minecraft:diagonal_up_left	22
minecraft:banner_pattern	minecraft:diagonal_up_right	21
minecraft:banner_pattern	minecraft:flower	38
minecraft:banner_pattern	minecraft:globe	35
minecraft:banner_pattern	minecraft:gradient	32
minecraft:banner_pattern	minecraft:gradient_up	33
minecraft:banner_pattern	minecraft:half_horizontal	27
minecraft:banner_pattern	minecraft:half_horizontal_bottom	29
minecraft:banner_pattern	minecraft:half_vertical	26
minecraft:banner_pattern	minecraft:half_vertical_right	28
minecraft:banner_pattern	minecraft:mojang	39
minecraft:banner_pattern	minecraft:piglin	40
minecraft:banner_pattern	minecraft:rhombus	25
minecraft:banner_pattern	minecraft:skull	37
minecraft:banner_pattern	minecraft:small_stripes	13
minecraft:banner_pattern	minecraft:square_bottom_left	1
minecraft:banner_pattern	minecraft:square_bottom_right	2
minecraft:banner_pattern	minecraft:square_top_left	3
minecraft:banner_pattern	minecraft:square_top_right	4
minecraft:banner_pattern	minecraft:straight_cross	15
minecraft:banner_pattern	minecraft:stripe_bottom	5
minecraft:banner_pattern	minecraft:stripe_center	9
minecraft:banner_pattern	minecraft:stripe_downleft	12
minecraft:banner_pattern	minecraft:stripe_downright	11
minecraft:banner_pattern	minecraft:stripe_left	7
minecraft:banner_pattern	minecraft:stripe_middle	10
minecraft:banner_pattern	minecraft:stripe_right	8
minecraft:banner_pattern	minecraft:stripe_top	6
minecraft:banner_pattern	minecraft:triangle_bottom	16
minecraft:banner_pattern	minecraft:triangle_top	17
minecraft:banner_pattern	minecraft:triangles_bottom	18
minecraft:banner_pattern	minecraft:triangles_top	19
minecraft:block	minecraft:acacia_button	342
minecraft:block	minecraft:acacia_door	525
minecraft:block	minecraft:acacia_fence	519
minecraft:block	minecraft:acacia_fence_gate	513
minecraft:block	minecraft:acacia_leaves	74
minecraft:block	minecraft:acacia_log	44
minecraft:block	minecraft:acacia_planks	17
minecraft:block	minecraft:acacia_pressure_plate	196
minecraft:block	minecraft:acacia_sapling	24
minecraft:block	minecraft:acacia_sign	174
minecraft:block	minecraft:acacia_slab	489
minecraft:block	minecraft:acacia_stairs	406
minecraft:block	minecraft:acacia_trapdoor	246
minecraft:block	minecraft:acacia_wall_sign	185
minecraft:block	minecraft:acacia_wood	60
minecraft:block	minecraft:activator_rail	372
minecraft:block	minecraft:air	0
minecraft:block	minecraft:allium	137
minecraft:block	minecraft:amethyst_block	836
minecraft:block	minecraft:amethyst_cluster	838
minecraft:block	minecraft:ancient_debris	774
minecraft:block	minecraft:andesite	6
minecraft:block	minecraft:andesite_slab	688
minecraft:block	minecraft:andesite_stairs	675
minecraft:block	minecraft:andesite_wall	700
minecraft:block	minecraft:anvil	357
minecraft:block	minecraft:attached_melon_stem	269
minecraft:block	minecraft:attached_pumpkin_stem	268
minecraft:block	minecraft:azalea	891
minecraft:block	minecraft:azalea_leaves	77
minecraft:block	minecraft:azure_bluet	138
minecraft:block	minecraft:bamboo	660
minecraft:block	minecraft:bamboo_sapling	659
minecraft:block	minecraft:barrel	707
minecraft:block	minecraft:barrier	410
minecraft:block	minecraft:basalt	216
minecraft:block	minecraft:beacon	307
minecraft:block	minecraft:bedrock	27
minecraft:block	minecraft:bee_nest	769
minecraft:block	minecraft:beehive	770
minecraft:block	minecraft:beetroots	535
minecraft:block	minecraft:bell	716
minecraft:block	minecraft:big_dripleaf	895
minecraft:block	minecraft:big_dripleaf_stem	896
minecraft:block	minecraft:birch_button	340
minecraft:block	minecraft:birch_door	523
minecraft:block	minecraft:birch_fence	517
minecraft:block	minecraft:birch_fence_gate	511
minecraft:block	minecraft:birch_leaves	72
minecraft:block	minecraft:birch_log	42
minecraft:block	minecraft:birch_planks	15
minecraft:block	minecraft:birch_pressure_plate	194
minecraft:block	minecraft:birch_sapling	22
minecraft:block	minecraft:birch_sign	173
minecraft:block	minecraft:birch_slab	487
minecraft:block	minecraft:birch_stairs	304
minecraft:block	minecraft:birch_trapdoor	244
minecraft:block	minecraft:birch_wall_sign	184
minecraft:block	minecraft:birch_wood	58
minecraft:block	minecraft:black_banner	464
minecraft:block	minecraft:black_bed	105
minecraft:block	minecraft:black_candle	818
minecraft:block	minecraft:black_candle_cake	835
minecraft:block	minecraft:black_carpet	439
minecraft:block	minecraft:black_concrete	595
minecraft:block	minecraft:black_concrete_powder	611
minecraft:block	minecraft:black_glazed_terracotta	579
minecraft:block	minecraft:black_shulker_box	563
minecraft:block	minecraft:black_stained_glass	241
minecraft:block	minecraft:black_stained_glass_pane	405
minecraft:block	minecraft:black_terracotta	389
minecraft:block	minecraft:black_wall_banner	480
minecraft:block	minecraft:black_wool	132
minecraft:block	minecraft:blackstone	782
minecraft:block	minecraft:blackstone_slab	785
minecraft:block	minecraft:blackstone_stairs	783
minecraft:block	minecraft:blackstone_wall	784
minecraft:block	minecraft:blast_furnace	709
minecraft:block	minecraft:blue_banner	460
minecraft:block	minecraft:blue_bed	101
minecraft:block	minecraft:blue_candle	814
minecraft:block	minecraft:blue_candle_cake	831
minecraft:block	minecraft:blue_carpet	435
minecraft:block	minecraft:blue_concrete	591
minecraft:block	minecraft:blue_concrete_powder	607
minecraft:block	minecraft:blue_glazed_terracotta	575
minecraft:block	minecraft:blue_ice	657
minecraft:block	minecraft:blue_orchid	136
minecraft:block	minecraft:blue_shulker_box	559
minecraft:block	minecraft:blue_stained_glass	237
minecraft:block	minecraft:blue_stained_glass_pane	401
minecraft:block	minecraft:blue_terracotta	385
minecraft:block	minecraft:blue_wall_banner	476
minecraft:block	minecraft:blue_wool	128
minecraft:block	minecraft:bone_block	544
minecraft:block	minecraft:bookshelf	153
minecraft:block	minecraft:brain_coral	632
minecraft:block	minecraft:brain_coral_block	622
minecraft:block	minecraft:brain_coral_fan	642
minecraft:block	minecraft:brain_coral_wall_fan	652
minecraft:block	minecraft:brewing_stand	285
minecraft:block	minecraft:brick_slab	498
minecraft:block	minecraft:brick_stairs	275
minecraft:block	minecraft:brick_wall	692
minecraft:block	minecraft:bricks	151
minecraft:block	minecraft:brown_banner	461
minecraft:block	minecraft:brown_bed	102
minecraft:block	minecraft:brown_candle	815
minecraft:block	minecraft:brown_candle_cake	832
minecraft:block	minecraft:brown_carpet	436
minecraft:block	minecraft:brown_concrete	592
minecraft:block	minecraft:brown_concrete_powder	608
minecraft:block	minecraft:brown_glazed_terracotta	576
minecraft:block	minecraft:brown_mushroom	147
minecraft:block	minecraft:brown_mushroom_block	261
minecraft:block	minecraft:brown_shulker_box	560
minecraft:block	minecraft:brown_stained_glass	238
minecraft:block	minecraft:brown_stained_glass_pane	402
minecraft:block	minecraft:brown_terracotta	386
minecraft:block	minecraft:brown_wall_banner	477
minecraft:block	minecraft:brown_wool	129
minecraft:block	minecraft:bubble_column	664
minecraft:block	minecraft:bubble_coral	633
minecraft:block	minecraft:bubble_coral_block	623
minecraft:block	minecraft:bubble_coral_fan	643
minecraft:block	minecraft:bubble_coral_wall_fan	653
minecraft:block	minecraft:budding_amethyst	837
minecraft:block	minecraft:cactus	207
minecraft:block	minecraft:cake	224
minecraft:block	minecraft:calcite	843
minecraft:block	minecraft:campfire	719
minecraft:block	minecraft:candle	802
minecraft:block	minecraft:candle_cake	819
minecraft:block	minecraft:carrots	336
minecraft:block	minecraft:cartography_table	710
minecraft:block	minecraft:carved_pumpkin	222
minecraft:block	minecraft:cauldron	286
minecraft:block	minecraft:cave_air	663
minecraft:block	minecraft:cave_vines	888
minecraft:block	minecraft:cave_vines_plant	889
minecraft:block	minecraft:chain	265
minecraft:block	minecraft:chain_command_block	539
minecraft:block	minecraft:chest	162
minecraft:block	minecraft:chipped_anvil	358
minecraft:block	minecraft:chiseled_deepslate	918
minecraft:block	minecraft:chiseled_nether_bricks	799
minecraft:block	minecraft:chiseled_polished_blackstone	789
minecraft:block	minecraft:chiseled_quartz_block	369
minecraft:block	minecraft:chiseled_red_sandstone	482
minecraft:block	minecraft:chiseled_sandstone	87
minecraft:block	minecraft:chiseled_stone_bricks	252
minecraft:block	minecraft:chorus_flower	530
minecraft:block	minecraft:chorus_plant	529
minecraft:block	minecraft:clay	208
minecraft:block	minecraft:coal_block	441
minecraft:block	minecraft:coal_ore	37
minecraft:block	minecraft:coarse_dirt	10
minecraft:block	minecraft:cobbled_deepslate	902
minecraft:block	minecraft:cobbled_deepslate_slab	904
minecraft:block	minecraft:cobbled_deepslate_stairs	903
minecraft:block	minecraft:cobbled_deepslate_wall	905
minecraft:block	minecraft:cobblestone	12
minecraft:block	minecraft:cobblestone_slab	497
minecraft:block	minecraft:cobblestone_stairs	181
minecraft:block	minecraft:cobblestone_wall	308
minecraft:block	minecraft:cobweb	109
minecraft:block	minecraft:cocoa	295
minecraft:block	minecraft:command_block	306
minecraft:block	minecraft:comparator	363
minecraft:block	minecraft:composter	767
minecraft:block	minecraft:conduit	658
minecraft:block	minecraft:copper_block	854
minecraft:block	minecraft:copper_ore	855
minecraft:block	minecraft:cornflower	144
minecraft:block	minecraft:cracked_deepslate_bricks	919
minecraft:block	minecraft:cracked_deepslate_tiles	920
minecraft:block	minecraft:cracked_nether_bricks	800
minecraft:block	minecraft:cracked_polished_blackstone_bricks	788
minecraft:block	minecraft:cracked_stone_bricks	251
minecraft:block	minecraft:crafting_table	167
minecraft:block	minecraft:creeper_head	353
minecraft:block	minecraft:creeper_wall_head	354
minecraft:block	minecraft:crimson_button	757
minecraft:block	minecraft:crimson_door	759
minecraft:block	minecraft:crimson_fence	749
minecraft:block	minecraft:crimson_fence_gate	753
minecraft:block	minecraft:crimson_fungus	736
minecraft:block	minecraft:crimson_hyphae	733
minecraft:block	minecraft:crimson_nylium	735
minecraft:block	minecraft:crimson_planks	743
minecraft:block	minecraft:crimson_pressure_plate	747
minecraft:block	minecraft:crimson_roots	742
minecraft:block	minecraft:crimson_sign	761
minecraft:block	minecraft:crimson_slab	745
minecraft:block	minecraft:crimson_stairs	755
minecraft:block	minecraft:crimson_stem	731
minecraft:block	minecraft:crimson_trapdoor	751
minecraft:block	minecraft:crimson_wall_sign	763
minecraft:block	minecraft:crying_obsidian	775
minecraft:block	minecraft:cut_copper	860
minecraft:block	minecraft:cut_copper_slab	868
minecraft:block	minecraft:cut_copper_stairs	864
minecraft:block	minecraft:cut_red_sandstone	483
minecraft:block	minecraft:cut_red_sandstone_slab	504
minecraft:block	minecraft:cut_sandstone	88
minecraft:block	minecraft:cut_sandstone_slab	495
minecraft:block	minecraft:cyan_banner	458
minecraft:block	minecraft:cyan_bed	99
minecraft:block	minecraft:cyan_candle	812
minecraft:block	minecraft:cyan_candle_cake	829
minecraft:block	minecraft:cyan_carpet	433
minecraft:block	minecraft:cyan_concrete	589
minecraft:block	minecraft:cyan_concrete_powder	605
minecraft:block	minecraft:cyan_glazed_terracotta	573
minecraft:block	minecraft:cyan_shulker_box	557
minecraft:block	minecraft:cyan_stained_glass	235
minecraft:block	minecraft:cyan_stained_glass_pane	399
minecraft:block	minecraft:cyan_terracotta	383
minecraft:block	minecraft:cyan_wall_banner	474
minecraft:block	minecraft:cyan_wool	126
minecraft:block	minecraft:damaged_anvil	359
minecraft:block	minecraft:dandelion	134
minecraft:block	minecraft:dark_oak_button	343
minecraft:block	minecraft:dark_oak_door	526
minecraft:block	minecraft:dark_oak_fence	520
minecraft:block	minecraft:dark_oak_fence_gate	514
minecraft:block	minecraft:dark_oak_leaves	75
minecraft:block	minecraft:dark_oak_log	45
minecraft:block	minecraft:dark_oak_planks	18
minecraft:block	minecraft:dark_oak_pressure_plate	197
minecraft:block	minecraft:dark_oak_sapling	25
minecraft:block	minecraft:dark_oak_sign	176
minecraft:block	minecraft:dark_oak_slab	490
minecraft:block	minecraft:dark_oak_stairs	407
minecraft:block	minecraft:dark_oak_trapdoor	247
minecraft:block	minecraft:dark_oak_wall_sign	187
minecraft:block	minecraft:dark_oak_wood	61
minecraft:block	minecraft:dark_prismarine	415
minecraft:block	minecraft:dark_prismarine_slab	421
minecraft:block	minecraft:dark_prismarine_stairs	418
minecraft:block	minecraft:daylight_detector	364
minecraft:block	minecraft:dead_brain_coral	627
minecraft:block	minecraft:dead_brain_coral_block	617
minecraft:block	minecraft:dead_brain_coral_fan	637
minecraft:block	minecraft:dead_brain_coral_wall_fan	647
minecraft:block	minecraft:dead_bubble_coral	628
minecraft:block	minecraft:dead_bubble_coral_block	618
minecraft:block	minecraft:dead_bubble_coral_fan	638
minecraft:block	minecraft:dead_bubble_coral_wall_fan	648
minecraft:block	minecraft:dead_bush	112
minecraft:block	minecraft:dead_fire_coral	629
minecraft:block	minecraft:dead_fire_coral_block	619
minecraft:block	minecraft:dead_fire_coral_fan	639
minecraft:block	minecraft:dead_fire_coral_wall_fan	649
minecraft:block	minecraft:dead_horn_coral	630
minecraft:block	minecraft:dead_horn_coral_block	620
minecraft:block	minecraft:dead_horn_coral_fan	640
minecraft:block	minecraft:dead_horn_coral_wall_fan	650
minecraft:block	minecraft:dead_tube_coral	626
minecraft:block	minecraft:dead_tube_coral_block	616
minecraft:block	minecraft:dead_tube_coral_fan	636
minecraft:block	minecraft:dead_tube_coral_wall_fan	646
minecraft:block	minecraft:deepslate	901
minecraft:block	minecraft:deepslate_brick_slab	916
minecraft:block	minecraft:deepslate_brick_stairs	915
minecraft:block	minecraft:deepslate_brick_wall	917
minecraft:block	minecraft:deepslate_bricks	914
minecraft:block	minecraft:deepslate_coal_ore	38
minecraft:block	minecraft:deepslate_copper_ore	856
minecraft:block	minecraft:deepslate_diamond_ore	165
minecraft:block	minecraft:deepslate_emerald_ore	298
minecraft:block	minecraft:deepslate_gold_ore	34
minecraft:block	minecraft:deepslate_iron_ore	36
minecraft:block	minecraft:deepslate_lapis_ore	83
minecraft:block	minecraft:deepslate_redstone_ore	200
minecraft:block	minecraft:deepslate_tile_slab	912
minecraft:block	minecraft:deepslate_tile_stairs	911
minecraft:block	minecraft:deepslate_tile_wall	913
minecraft:block	minecraft:deepslate_tiles	910
minecraft:block	minecraft:detector_rail	107
minecraft:block	minecraft:diamond_block	166
minecraft:block	minecraft:diamond_ore	164
minecraft:block	minecraft:diorite	4
minecraft:block	minecraft:diorite_slab	691
minecraft:block	minecraft:diorite_stairs	678
minecraft:block	minecraft:diorite_wall	704
minecraft:block	minecraft:dirt	9
minecraft:block	minecraft:dirt_path	536
minecraft:block	minecraft:dispenser	85
minecraft:block	minecraft:dragon_egg	293
minecraft:block	minecraft:dragon_head	355
minecraft:block	minecraft:dragon_wall_head	356
minecraft:block	minecraft:dried_kelp_block	614
minecraft:block	minecraft:dripstone_block	887
minecraft:block	minecraft:dropper	373
minecraft:block	minecraft:emerald_block	302
minecraft:block	minecraft:emerald_ore	297
minecraft:block	minecraft:enchanting_table	284
minecraft:block	minecraft:end_gateway	537
minecraft:block	minecraft:end_portal	290
minecraft:block	minecraft:end_portal_frame	291
minecraft:block	minecraft:end_rod	528
minecraft:block	minecraft:end_stone	292
minecraft:block	minecraft:end_stone_brick_slab	684
minecraft:block	minecraft:end_stone_brick_stairs	670
minecraft:block	minecraft:end_stone_brick_wall	703
minecraft:block	minecraft:end_stone_bricks	534
minecraft:block	minecraft:ender_chest	299
minecraft:block	minecraft:exposed_copper	853
minecraft:block	minecraft:exposed_cut_copper	859
minecraft:block	minecraft:exposed_cut_copper_slab	867
minecraft:block	minecraft:exposed_cut_copper_stairs	863
minecraft:block	minecraft:farmland	169
minecraft:block	minecraft:fern	111
minecraft:block	minecraft:fire	158
minecraft:block	minecraft:fire_coral	634
minecraft:block	minecraft:fire_coral_block	624
minecraft:block	minecraft:fire_coral_fan	644
minecraft:block	minecraft:fire_coral_wall_fan	654
minecraft:block	minecraft:fletching_table	711
minecraft:block	minecraft:flower_pot	310
minecraft:block	minecraft:flowering_azalea	892
minecraft:block	minecraft:flowering_azalea_leaves	78
minecraft:block	minecraft:frogspawn	931
minecraft:block	minecraft:frosted_ice	540
minecraft:block	minecraft:furnace	170
minecraft:block	minecraft:gilded_blackstone	793
minecraft:block	minecraft:glass	81
minecraft:block	minecraft:glass_pane	266
minecraft:block	minecraft:glow_lichen	273
minecraft:block	minecraft:glowstone	220
minecraft:block	minecraft:gold_block	149
minecraft:block	minecraft:gold_ore	33
minecraft:block	minecraft:granite	2
minecraft:block	minecraft:granite_slab	687
minecraft:block	minecraft:granite_stairs	674
minecraft:block	minecraft:granite_wall	696
minecraft:block	minecraft:grass	110
minecraft:block	minecraft:grass_block	8
minecraft:block	minecraft:gravel	32
minecraft:block	minecraft:gray_banner	456
minecraft:block	minecraft:gray_bed	97
minecraft:block	minecraft:gray_candle	810
minecraft:block	minecraft:gray_candle_cake	827
minecraft:block	minecraft:gray_carpet	431
minecraft:block	minecraft:gray_concrete	587
minecraft:block	minecraft:gray_concrete_powder	603
minecraft:block	minecraft:gray_glazed_terracotta	571
minecraft:block	minecraft:gray_shulker_box	555
minecraft:block	minecraft:gray_stained_glass	233
minecraft:block	minecraft:gray_stained_glass_pane	397
minecraft:block	minecraft:gray_terracotta	381
minecraft:block	minecraft:gray_wall_banner	472
minecraft:block	minecraft:gray_wool	124
minecraft:block	minecraft:green_banner	462
minecraft:block	minecraft:green_bed	103
minecraft:block	minecraft:green_candle	816
minecraft:block	minecraft:green_candle_cake	833
minecraft:block	minecraft:green_carpet	437
minecraft:block	minecraft:green_concrete	593
minecraft:block	minecraft:green_concrete_powder	609
minecraft:block	minecraft:green_glazed_terracotta	577
minecraft:block	minecraft:green_shulker_box	561
minecraft:block	minecraft:green_stained_glass	239
minecraft:block	minecraft:green_stained_glass_pane	403
minecraft:block	minecraft:green_terracotta	387
minecraft:block	minecraft:green_wall_banner	478
minecraft:block	minecraft:green_wool	130
minecraft:block	minecraft:grindstone	712
minecraft:block	minecraft:hanging_roots	898
minecraft:block	minecraft:hay_block	423
minecraft:block	minecraft:heavy_weighted_pressure_plate	362
minecraft:block	minecraft:honey_block	771
minecraft:block	minecraft:honeycomb_block	772
minecraft:block	minecraft:hopper	367
minecraft:block	minecraft:horn_coral	635
minecraft:block	minecraft:horn_coral_block	625
minecraft:block	minecraft:horn_coral_fan	645
minecraft:block	minecraft:horn_coral_wall_fan	655
minecraft:block	minecraft:ice	205
minecraft:block	minecraft:infested_chiseled_stone_bricks	260
minecraft:block	minecraft:infested_cobblestone	256
minecraft:block	minecraft:infested_cracked_stone_bricks	259
minecraft:block	minecraft:infested_deepslate	921
minecraft:block	minecraft:infested_mossy_stone_bricks	258
minecraft:block	minecraft:infested_stone	255
minecraft:block	minecraft:infested_stone_bricks	257
minecraft:block	minecraft:iron_bars	264
minecraft:block	minecraft:iron_block	150
minecraft:block	minecraft:iron_door	191
minecraft:block	minecraft:iron_ore	35
minecraft:block	minecraft:iron_trapdoor	412
minecraft:block	minecraft:jack_o_lantern	223
minecraft:block	minecraft:jigsaw	766
minecraft:block	minecraft:jukebox	210
minecraft:block	minecraft:jungle_button	341
minecraft:block	minecraft:jungle_door	524
minecraft:block	minecraft:jungle_fence	518
minecraft:block	minecraft:jungle_fence_gate	512
minecraft:block	minecraft:jungle_leaves	73
minecraft:block	minecraft:jungle_log	43
minecraft:block	minecraft:jungle_planks	16
minecraft:block	minecraft:jungle_pressure_plate	195
minecraft:block	minecraft:jungle_sapling	23
minecraft:block	minecraft:jungle_sign	175
minecraft:block	minecraft:jungle_slab	488
minecraft:block	minecraft:jungle_stairs	305
minecraft:block	minecraft:jungle_trapdoor	245
minecraft:block	minecraft:jungle_wall_sign	186
minecraft:block	minecraft:jungle_wood	59
minecraft:block	minecraft:kelp	612
minecraft:block	minecraft:kelp_plant	613
minecraft:block	minecraft:ladder	179
minecraft:block	minecraft:lantern	717
minecraft:block	minecraft:lapis_block	84
minecraft:block	minecraft:lapis_ore	82
minecraft:block	minecraft:large_amethyst_bud	839
minecraft:block	minecraft:large_fern	448
minecraft:block	minecraft:lava	29
minecraft:block	minecraft:lava_cauldron	288
minecraft:block	minecraft:lectern	713
minecraft:block	minecraft:lever	189
minecraft:block	minecraft:light	411
minecraft:block	minecraft:light_blue_banner	452
minecraft:block	minecraft:light_blue_bed	93
minecraft:block	minecraft:light_blue_candle	806
minecraft:block	minecraft:light_blue_candle_cake	823
minecraft:block	minecraft:light_blue_carpet	427
minecraft:block	minecraft:light_blue_concrete	583
minecraft:block	minecraft:light_blue_concrete_powder	599
minecraft:block	minecraft:light_blue_glazed_terracotta	567
minecraft:block	minecraft:light_blue_shulker_box	551
minecraft:block	minecraft:light_blue_stained_glass	229
minecraft:block	minecraft:light_blue_stained_glass_pane	393
minecraft:block	minecraft:light_blue_terracotta	377
minecraft:block	minecraft:light_blue_wall_banner	468
minecraft:block	minecraft:light_blue_wool	120
minecraft:block	minecraft:light_gray_banner	457
minecraft:block	minecraft:light_gray_bed	98
minecraft:block	minecraft:light_gray_candle	811
minecraft:block	minecraft:light_gray_candle_cake	828
minecraft:block	minecraft:light_gray_carpet	432
minecraft:block	minecraft:light_gray_concrete	588
minecraft:block	minecraft:light_gray_concrete_powder	604
minecraft:block	minecraft:light_gray_glazed_terracotta	572
minecraft:block	minecraft:light_gray_shulker_box	556
minecraft:block	minecraft:light_gray_stained_glass	234
minecraft:block	minecraft:light_gray_stained_glass_pane	398
minecraft:block	minecraft:light_gray_terracotta	382
minecraft:block	minecraft:light_gray_wall_banner	473
minecraft:block	minecraft:light_gray_wool	125
minecraft:block	minecraft:light_weighted_pressure_plate	361
minecraft:block	minecraft:lightning_rod	885
minecraft:block	minecraft:lilac	444
minecraft:block	minecraft:lily_of_the_valley	146
minecraft:block	minecraft:lily_pad	279
minecraft:block	minecraft:lime_banner	454
minecraft:block	minecraft:lime_bed	95
minecraft:block	minecraft:lime_candle	808
minecraft:block	minecraft:lime_candle_cake	825
minecraft:block	minecraft:lime_carpet	429
minecraft:block	minecraft:lime_concrete	585
minecraft:block	minecraft:lime_concrete_powder	601
minecraft:block	minecraft:lime_glazed_terracotta	569
minecraft:block	minecraft:lime_shulker_box	553
minecraft:block	minecraft:lime_stained_glass	231
minecraft:block	minecraft:lime_stained_glass_pane	395
minecraft:block	minecraft:lime_terracotta	379
minecraft:block	minecraft:lime_wall_banner	470
minecraft:block	minecraft:lime_wool	122
minecraft:block	minecraft:lodestone	781
minecraft:block	minecraft:loom	706
minecraft:block	minecraft:magenta_banner	451
minecraft:block	minecraft:magenta_bed	92
minecraft:block	minecraft:magenta_candle	805
minecraft:block	minecraft:magenta_candle_cake	822
minecraft:block	minecraft:magenta_carpet	426
minecraft:block	minecraft:magenta_concrete	582
minecraft:block	minecraft:magenta_concrete_powder	598
minecraft:block	minecraft:magenta_glazed_terracotta	566
minecraft:block	minecraft:magenta_shulker_box	550
minecraft:block	minecraft:magenta_stained_glass	228
minecraft:block	minecraft:magenta_stained_glass_pane	392
minecraft:block	minecraft:magenta_terracotta	376
minecraft:block	minecraft:magenta_wall_banner	467
minecraft:block	minecraft:magenta_wool	119
minecraft:block	minecraft:magma_block	541
minecraft:block	minecraft:mangrove_button	344
minecraft:block	minecraft:mangrove_door	527
minecraft:block	minecraft:mangrove_fence	521
minecraft:block	minecraft:mangrove_fence_gate	515
minecraft:block	minecraft:mangrove_leaves	76
minecraft:block	minecraft:mangrove_log	46
minecraft:block	minecraft:mangrove_planks	19
minecraft:block	minecraft:mangrove_pressure_plate	198
minecraft:block	minecraft:mangrove_propagule	26
minecraft:block	minecraft:mangrove_roots	47
minecraft:block	minecraft:mangrove_sign	177
minecraft:block	minecraft:mangrove_slab	491
minecraft:block	minecraft:mangrove_stairs	408
minecraft:block	minecraft:mangrove_trapdoor	248
minecraft:block	minecraft:mangrove_wall_sign	188
minecraft:block	minecraft:mangrove_wood	62
minecraft:block	minecraft:medium_amethyst_bud	840
minecraft:block	minecraft:melon	267
minecraft:block	minecraft:melon_stem	271
minecraft:block	minecraft:moss_block	894
minecraft:block	minecraft:moss_carpet	893
minecraft:block	minecraft:mossy_cobblestone	154
minecraft:block	minecraft:mossy_cobblestone_slab	683
minecraft:block	minecraft:mossy_cobblestone_stairs	669
minecraft:block	minecraft:mossy_cobblestone_wall	309
minecraft:block	minecraft:mossy_stone_brick_slab	681
minecraft:block	minecraft:mossy_stone_brick_stairs	667
minecraft:block	minecraft:mossy_stone_brick_wall	695
minecraft:block	minecraft:mossy_stone_bricks	250
minecraft:block	minecraft:moving_piston	133
minecraft:block	minecraft:mud	900
minecraft:block	minecraft:mud_brick_slab	500
minecraft:block	minecraft:mud_brick_stairs	277
minecraft:block	minecraft:mud_brick_wall	698
minecraft:block	minecraft:mud_bricks	254
minecraft:block	minecraft:muddy_mangrove_roots	48
minecraft:block	minecraft:mushroom_stem	263
minecraft:block	minecraft:mycelium	278
minecraft:block	minecraft:nether_brick_fence	281
minecraft:block	minecraft:nether_brick_slab	501
minecraft:block	minecraft:nether_brick_stairs	282
minecraft:block	minecraft:nether_brick_wall	699
minecraft:block	minecraft:nether_bricks	280
minecraft:block	minecraft:nether_gold_ore	39
minecraft:block	minecraft:nether_portal	221
minecraft:block	minecraft:nether_quartz_ore	366
minecraft:block	minecraft:nether_sprouts	730
minecraft:block	minecraft:nether_wart	283
minecraft:block	minecraft:nether_wart_block	542
minecraft:block	minecraft:netherite_block	773
minecraft:block	minecraft:netherrack	213
minecraft:block	minecraft:note_block	89
minecraft:block	minecraft:oak_button	338
minecraft:block	minecraft:oak_door	178
minecraft:block	minecraft:oak_fence	211
minecraft:block	minecraft:oak_fence_gate	274
minecraft:block	minecraft:oak_leaves	70
minecraft:block	minecraft:oak_log	40
minecraft:block	minecraft:oak_planks	13
minecraft:block	minecraft:oak_pressure_plate	192
minecraft:block	minecraft:oak_sapling	20
minecraft:block	minecraft:oak_sign	171
minecraft:block	minecraft:oak_slab	485
minecraft:block	minecraft:oak_stairs	161
minecraft:block	minecraft:oak_trapdoor	242
minecraft:block	minecraft:oak_wall_sign	182
minecraft:block	minecraft:oak_wood	56
minecraft:block	minecraft:observer	546
minecraft:block	minecraft:obsidian	155
minecraft:block	minecraft:ochre_froglight	928
minecraft:block	minecraft:orange_banner	450
minecraft:block	minecraft:orange_bed	91
minecraft:block	minecraft:orange_candle	804
minecraft:block	minecraft:orange_candle_cake	821
minecraft:block	minecraft:orange_carpet	425
minecraft:block	minecraft:orange_concrete	581
minecraft:block	minecraft:orange_concrete_powder	597
minecraft:block	minecraft:orange_glazed_terracotta	565
minecraft:block	minecraft:orange_shulker_box	549
minecraft:block	minecraft:orange_stained_glass	227
minecraft:block	minecraft:orange_stained_glass_pane	391
minecraft:block	minecraft:orange_terracotta	375
minecraft:block	minecraft:orange_tulip	140
minecraft:block	minecraft:orange_wall_banner	466
minecraft:block	minecraft:orange_wool	118
minecraft:block	minecraft:oxeye_daisy	143
minecraft:block	minecraft:oxidized_copper	851
minecraft:block	minecraft:oxidized_cut_copper	857
minecraft:block	minecraft:oxidized_cut_copper_slab	865
minecraft:block	minecraft:oxidized_cut_copper_stairs	861
minecraft:block	minecraft:packed_ice	442
minecraft:block	minecraft:packed_mud	253
minecraft:block	minecraft:pearlescent_froglight	930
minecraft:block	minecraft:peony	446
minecraft:block	minecraft:petrified_oak_slab	496
minecraft:block	minecraft:pink_banner	455
minecraft:block	minecraft:pink_bed	96
minecraft:block	minecraft:pink_candle	809
minecraft:block	minecraft:pink_candle_cake	826
minecraft:block	minecraft:pink_carpet	430
minecraft:block	minecraft:pink_concrete	586
minecraft:block	minecraft:pink_concrete_powder	602
minecraft:block	minecraft:pink_glazed_terracotta	570
minecraft:block	minecraft:pink_shulker_box	554
minecraft:block	minecraft:pink_stained_glass	232
minecraft:block	minecraft:pink_stained_glass_pane	396
minecraft:block	minecraft:pink_terracotta	380
minecraft:block	minecraft:pink_tulip	142
minecraft:block	minecraft:pink_wall_banner	471
minecraft:block	minecraft:pink_wool	123
minecraft:block	minecraft:piston	115
minecraft:block	minecraft:piston_head	116
minecraft:block	minecraft:player_head	351
minecraft:block	minecraft:player_wall_head	352
minecraft:block	minecraft:podzol	11
minecraft:block	minecraft:pointed_dripstone	886
minecraft:block	minecraft:polished_andesite	7
minecraft:block	minecraft:polished_andesite_slab	690
minecraft:block	minecraft:polished_andesite_stairs	677
minecraft:block	minecraft:polished_basalt	217
minecraft:block	minecraft:polished_blackstone	786
minecraft:block	minecraft:polished_blackstone_brick_slab	790
minecraft:block	minecraft:polished_blackstone_brick_stairs	791
minecraft:block	minecraft:polished_blackstone_brick_wall	792
minecraft:block	minecraft:polished_blackstone_bricks	787
minecraft:block	minecraft:polished_blackstone_button	797
minecraft:block	minecraft:polished_blackstone_pressure_plate	796
minecraft:block	minecraft:polished_blackstone_slab	795
minecraft:block	minecraft:polished_blackstone_stairs	794
minecraft:block	minecraft:polished_blackstone_wall	798
minecraft:block	minecraft:polished_deepslate	906
minecraft:block	minecraft:polished_deepslate_slab	908
minecraft:block	minecraft:polished_deepslate_stairs	907
minecraft:block	minecraft:polished_deepslate_wall	909
minecraft:block	minecraft:polished_diorite	5
minecraft:block	minecraft:polished_diorite_slab	682
minecraft:block	minecraft:polished_diorite_stairs	668
minecraft:block	minecraft:polished_granite	3
minecraft:block	minecraft:polished_granite_slab	679
minecraft:block	minecraft:polished_granite_stairs	665
minecraft:block	minecraft:poppy	135
minecraft:block	minecraft:potatoes	337
minecraft:block	minecraft:potted_acacia_sapling	315
minecraft:block	minecraft:potted_allium	322
minecraft:block	minecraft:potted_azalea_bush	926
minecraft:block	minecraft:potted_azure_bluet	323
minecraft:block	minecraft:potted_bamboo	661
minecraft:block	minecraft:potted_birch_sapling	313
minecraft:block	minecraft:potted_blue_orchid	321
minecraft:block	minecraft:potted_brown_mushroom	333
minecraft:block	minecraft:potted_cactus	335
minecraft:block	minecraft:potted_cornflower	329
minecraft:block	minecraft:potted_crimson_fungus	777
minecraft:block	minecraft:potted_crimson_roots	779
minecraft:block	minecraft:potted_dandelion	319
minecraft:block	minecraft:potted_dark_oak_sapling	316
minecraft:block	minecraft:potted_dead_bush	334
minecraft:block	minecraft:potted_fern	318
minecraft:block	minecraft:potted_flowering_azalea_bush	927
minecraft:block	minecraft:potted_jungle_sapling	314
minecraft:block	minecraft:potted_lily_of_the_valley	330
minecraft:block	minecraft:potted_mangrove_propagule	317
minecraft:block	minecraft:potted_oak_sapling	311
minecraft:block	minecraft:potted_orange_tulip	325
minecraft:block	minecraft:potted_oxeye_daisy	328
minecraft:block	minecraft:potted_pink_tulip	327
minecraft:block	minecraft:potted_poppy	320
minecraft:block	minecraft:potted_red_mushroom	332
minecraft:block	minecraft:potted_red_tulip	324
minecraft:block	minecraft:potted_spruce_sapling	312
minecraft:block	minecraft:potted_warped_fungus	778
minecraft:block	minecraft:potted_warped_roots	780
minecraft:block	minecraft:potted_white_tulip	326
minecraft:block	minecraft:potted_wither_rose	331
minecraft:block	minecraft:powder_snow	845
minecraft:block	minecraft:powder_snow_cauldron	289
minecraft:block	minecraft:powered_rail	106
minecraft:block	minecraft:prismarine	413
minecraft:block	minecraft:prismarine_brick_slab	420
minecraft:block	minecraft:prismarine_brick_stairs	417
minecraft:block	minecraft:prismarine_bricks	414
minecraft:block	minecraft:prismarine_slab	419
minecraft:block	minecraft:prismarine_stairs	416
minecraft:block	minecraft:prismarine_wall	693
minecraft:block	minecraft:pumpkin	212
minecraft:block	minecraft:pumpkin_stem	270
minecraft:block	minecraft:purple_banner	459
minecraft:block	minecraft:purple_bed	100
minecraft:block	minecraft:purple_candle	813
minecraft:block	minecraft:purple_candle_cake	830
minecraft:block	minecraft:purple_carpet	434
minecraft:block	minecraft:purple_concrete	590
minecraft:block	minecraft:purple_concrete_powder	606
minecraft:block	minecraft:purple_glazed_terracotta	574
minecraft:block	minecraft:purple_shulker_box	558
minecraft:block	minecraft:purple_stained_glass	236
minecraft:block	minecraft:purple_stained_glass_pane	400
minecraft:block	minecraft:purple_terracotta	384
minecraft:block	minecraft:purple_wall_banner	475
minecraft:block	minecraft:purple_wool	127
minecraft:block	minecraft:purpur_block	531
minecraft:block	minecraft:purpur_pillar	532
minecraft:block	minecraft:purpur_slab	505
minecraft:block	minecraft:purpur_stairs	533
minecraft:block	minecraft:quartz_block	368
minecraft:block	minecraft:quartz_bricks	801
minecraft:block	minecraft:quartz_pillar	370
minecraft:block	minecraft:quartz_slab	502
minecraft:block	minecraft:quartz_stairs	371
minecraft:block	minecraft:rail	180
minecraft:block	minecraft:raw_copper_block	924
minecraft:block	minecraft:raw_gold_block	925
minecraft:block	minecraft:raw_iron_block	923
minecraft:block	minecraft:red_banner	463
minecraft:block	minecraft:red_bed	104
minecraft:block	minecraft:red_candle	817
minecraft:block	minecraft:red_candle_cake	834
minecraft:block	minecraft:red_carpet	438
minecraft:block	minecraft:red_concrete	594
minecraft:block	minecraft:red_concrete_powder	610
minecraft:block	minecraft:red_glazed_terracotta	578
minecraft:block	minecraft:red_mushroom	148
minecraft:block	minecraft:red_mushroom_block	262
minecraft:block	minecraft:red_nether_brick_slab	689
minecraft:block	minecraft:red_nether_brick_stairs	676
minecraft:block	minecraft:red_nether_brick_wall	701
minecraft:block	minecraft:red_nether_bricks	543
minecraft:block	minecraft:red_sand	31
minecraft:block	minecraft:red_sandstone	481
minecraft:block	minecraft:red_sandstone_slab	503
minecraft:block	minecraft:red_sandstone_stairs	484
minecraft:block	minecraft:red_sandstone_wall	694
minecraft:block	minecraft:red_shulker_box	562
minecraft:block	minecraft:red_stained_glass	240
minecraft:block	minecraft:red_stained_glass_pane	404
minecraft:block	minecraft:red_terracotta	388
minecraft:block	minecraft:red_tulip	139
minecraft:block	minecraft:red_wall_banner	479
minecraft:block	minecraft:red_wool	131
minecraft:block	minecraft:redstone_block	365
minecraft:block	minecraft:redstone_lamp	294
minecraft:block	minecraft:redstone_ore	199
minecraft:block	minecraft:redstone_torch	201
minecraft:block	minecraft:redstone_wall_torch	202
minecraft:block	minecraft:redstone_wire	163
minecraft:block	minecraft:reinforced_deepslate	932
minecraft:block	minecraft:repeater	225
minecraft:block	minecraft:repeating_command_block	538
minecraft:block	minecraft:respawn_anchor	776
minecraft:block	minecraft:rooted_dirt	899
minecraft:block	minecraft:rose_bush	445
minecraft:block	minecraft:sand	30
minecraft:block	minecraft:sandstone	86
minecraft:block	minecraft:sandstone_slab	494
minecraft:block	minecraft:sandstone_stairs	296
minecraft:block	minecraft:sandstone_wall	702
minecraft:block	minecraft:scaffolding	705
minecraft:block	minecraft:sculk	847
minecraft:block	minecraft:sculk_catalyst	849
minecraft:block	minecraft:sculk_sensor	846
minecraft:block	minecraft:sculk_shrieker	850
minecraft:block	minecraft:sculk_vein	848
minecraft:block	minecraft:sea_lantern	422
minecraft:block	minecraft:sea_pickle	656
minecraft:block	minecraft:seagrass	113
minecraft:block	minecraft:shroomlight	737
minecraft:block	minecraft:shulker_box	547
minecraft:block	minecraft:skeleton_skull	345
minecraft:block	minecraft:skeleton_wall_skull	346
minecraft:block	minecraft:slime_block	409
minecraft:block	minecraft:small_amethyst_bud	841
minecraft:block	minecraft:small_dripleaf	897
minecraft:block	minecraft:smithing_table	714
minecraft:block	minecraft:smoker	708
minecraft:block	minecraft:smooth_basalt	922
minecraft:block	minecraft:smooth_quartz	508
minecraft:block	minecraft:smooth_quartz_slab	686
minecraft:block	minecraft:smooth_quartz_stairs	673
minecraft:block	minecraft:smooth_red_sandstone	509
minecraft:block	minecraft:smooth_red_sandstone_slab	680
minecraft:block	minecraft:smooth_red_sandstone_stairs	666
minecraft:block	minecraft:smooth_sandstone	507
minecraft:block	minecraft:smooth_sandstone_slab	685
minecraft:block	minecraft:smooth_sandstone_stairs	672
minecraft:block	minecraft:smooth_stone	506
minecraft:block	minecraft:smooth_stone_slab	493
minecraft:block	minecraft:snow	204
minecraft:block	minecraft:snow_block	206
minecraft:block	minecraft:soul_campfire	720
minecraft:block	minecraft:soul_fire	159
minecraft:block	minecraft:soul_lantern	718
minecraft:block	minecraft:soul_sand	214
minecraft:block	minecraft:soul_soil	215
minecraft:block	minecraft:soul_torch	218
minecraft:block	minecraft:soul_wall_torch	219
minecraft:block	minecraft:spawner	160
minecraft:block	minecraft:sponge	79
minecraft:block	minecraft:spore_blossom	890
minecraft:block	minecraft:spruce_button	339
minecraft:block	minecraft:spruce_door	522
minecraft:block	minecraft:spruce_fence	516
minecraft:block	minecraft:spruce_fence_gate	510
minecraft:block	minecraft:spruce_leaves	71
minecraft:block	minecraft:spruce_log	41
minecraft:block	minecraft:spruce_planks	14
minecraft:block	minecraft:spruce_pressure_plate	193
minecraft:block	minecraft:spruce_sapling	21
minecraft:block	minecraft:spruce_sign	172
minecraft:block	minecraft:spruce_slab	486
minecraft:block	minecraft:spruce_stairs	303
minecraft:block	minecraft:spruce_trapdoor	243
minecraft:block	minecraft:spruce_wall_sign	183
minecraft:block	minecraft:spruce_wood	57
minecraft:block	minecraft:sticky_piston	108
minecraft:block	minecraft:stone	1
minecraft:block	minecraft:stone_brick_slab	499
minecraft:block	minecraft:stone_brick_stairs	276
minecraft:block	minecraft:stone_brick_wall	697
minecraft:block	minecraft:stone_bricks	249
minecraft:block	minecraft:stone_button	203
minecraft:block	minecraft:stone_pressure_plate	190
minecraft:block	minecraft:stone_slab	492
minecraft:block	minecraft:stone_stairs	671
minecraft:block	minecraft:stonecutter	715
minecraft:block	minecraft:stripped_acacia_log	52
minecraft:block	minecraft:stripped_acacia_wood	67
minecraft:block	minecraft:stripped_birch_log	50
minecraft:block	minecraft:stripped_birch_wood	65
minecraft:block	minecraft:stripped_crimson_hyphae	734
minecraft:block	minecraft:stripped_crimson_stem	732
minecraft:block	minecraft:stripped_dark_oak_log	53
minecraft:block	minecraft:stripped_dark_oak_wood	68
minecraft:block	minecraft:stripped_jungle_log	51
minecraft:block	minecraft:stripped_jungle_wood	66
minecraft:block	minecraft:stripped_mangrove_log	55
minecraft:block	minecraft:stripped_mangrove_wood	69
minecraft:block	minecraft:stripped_oak_log	54
minecraft:block	minecraft:stripped_oak_wood	63
minecraft:block	minecraft:stripped_spruce_log	49
minecraft:block	minecraft:stripped_spruce_wood	64
minecraft:block	minecraft:stripped_warped_hyphae	725
minecraft:block	minecraft:stripped_warped_stem	723
minecraft:block	minecraft:structure_block	765
minecraft:block	minecraft:structure_void	545
minecraft:block	minecraft:sugar_cane	209
minecraft:block	minecraft:sunflower	443
minecraft:block	minecraft:sweet_berry_bush	721
minecraft:block	minecraft:tall_grass	447
minecraft:block	minecraft:tall_seagrass	114
minecraft:block	minecraft:target	768
minecraft:block	minecraft:terracotta	440
minecraft:block	minecraft:tinted_glass	844
minecraft:block	minecraft:tnt	152
minecraft:block	minecraft:torch	156
minecraft:block	minecraft:trapped_chest	360
minecraft:block	minecraft:tripwire	301
minecraft:block	minecraft:tripwire_hook	300
minecraft:block	minecraft:tube_coral	631
minecraft:block	minecraft:tube_coral_block	621
minecraft:block	minecraft:tube_coral_fan	641
minecraft:block	minecraft:tube_coral_wall_fan	651
minecraft:block	minecraft:tuff	842
minecraft:block	minecraft:turtle_egg	615
minecraft:block	minecraft:twisting_vines	740
minecraft:block	minecraft:twisting_vines_plant	741
minecraft:block	minecraft:verdant_froglight	929
minecraft:block	minecraft:vine	272
minecraft:block	minecraft:void_air	662
minecraft:block	minecraft:wall_torch	157
minecraft:block	minecraft:warped_button	758
minecraft:block	minecraft:warped_door	760
minecraft:block	minecraft:warped_fence	750
minecraft:block	minecraft:warped_fence_gate	754
minecraft:block	minecraft:warped_fungus	727
minecraft:block	minecraft:warped_hyphae	724
minecraft:block	minecraft:warped_nylium	726
minecraft:block	minecraft:warped_planks	744
minecraft:block	minecraft:warped_pressure_plate	748
minecraft:block	minecraft:warped_roots	729
minecraft:block	minecraft:warped_sign	762
minecraft:block	minecraft:warped_slab	746
minecraft:block	minecraft:warped_stairs	756
minecraft:block	minecraft:warped_stem	722
minecraft:block	minecraft:warped_trapdoor	752
minecraft:block	minecraft:warped_wall_sign	764
minecraft:block	minecraft:warped_wart_block	728
minecraft:block	minecraft:water	28
minecraft:block	minecraft:water_cauldron	287
minecraft:block	minecraft:waxed_copper_block	869
minecraft:block	minecraft:waxed_cut_copper	876
minecraft:block	minecraft:waxed_cut_copper_slab	884
minecraft:block	minecraft:waxed_cut_copper_stairs	880
minecraft:block	minecraft:waxed_exposed_copper	871
minecraft:block	minecraft:waxed_exposed_cut_copper	875
minecraft:block	minecraft:waxed_exposed_cut_copper_slab	883
minecraft:block	minecraft:waxed_exposed_cut_copper_stairs	879
minecraft:block	minecraft:waxed_oxidized_copper	872
minecraft:block	minecraft:waxed_oxidized_cut_copper	873
minecraft:block	minecraft:waxed_oxidized_cut_copper_slab	881
minecraft:block	minecraft:waxed_oxidized_cut_copper_stairs	877
minecraft:block	minecraft:waxed_weathered_copper	870
minecraft:block	minecraft:waxed_weathered_cut_copper	874
minecraft:block	minecraft:waxed_weathered_cut_copper_slab	882
minecraft:block	minecraft:waxed_weathered_cut_copper_stairs	878
minecraft:block	minecraft:weathered_copper	852
minecraft:block	minecraft:weathered_cut_copper	858
minecraft:block	minecraft:weathered_cut_copper_slab	866
minecraft:block	minecraft:weathered_cut_copper_stairs	862
minecraft:block	minecraft:weeping_vines	738
minecraft:block	minecraft:weeping_vines_plant	739
minecraft:block	minecraft:wet_sponge	80
minecraft:block	minecraft:wheat	168
minecraft:block	minecraft:white_banner	449
minecraft:block	minecraft:white_bed	90
minecraft:block	minecraft:white_candle	803
minecraft:block	minecraft:white_candle_cake	820
minecraft:block	minecraft:white_carpet	424
minecraft:block	minecraft:white_concrete	580
minecraft:block	minecraft:white_concrete_powder	596
minecraft:block	minecraft:white_glazed_terracotta	564
minecraft:block	minecraft:white_shulker_box	548
minecraft:block	minecraft:white_stained_glass	226
minecraft:block	minecraft:white_stained_glass_pane	390
minecraft:block	minecraft:white_terracotta	374
minecraft:block	minecraft:white_tulip	141
minecraft:block	minecraft:white_wall_banner	465
minecraft:block	minecraft:white_wool	117
minecraft:block	minecraft:wither_rose	145
minecraft:block	minecraft:wither_skeleton_skull	347
minecraft:block	minecraft:wither_skeleton_wall_skull	348
minecraft:block	minecraft:yellow_banner	453
minecraft:block	minecraft:yellow_bed	94
minecraft:block	minecraft:yellow_candle	807
minecraft:block	minecraft:yellow_candle_cake	824
minecraft:block	minecraft:yellow_carpet	428
minecraft:block	minecraft:yellow_concrete	584
minecraft:block	minecraft:yellow_concrete_powder	600
minecraft:block	minecraft:yellow_glazed_terracotta	568
minecraft:block	minecraft:yellow_shulker_box	552
minecraft:block	minecraft:yellow_stained_glass	230
minecraft:block	minecraft:yellow_stained_glass_pane	394
minecraft:block	minecraft:yellow_terracotta	378
minecraft:block	minecraft:yellow_wall_banner	469
minecraft:block	minecraft:yellow_wool	121
minecraft:block	minecraft:zombie_head	349
minecraft:block	minecraft:zombie_wall_head	350
minecraft:block_entity_type	minecraft:banner	18
minecraft:block_entity_type	minecraft:barrel	25
minecraft:block_entity_type	minecraft:beacon	13
minecraft:block_entity_type	minecraft:bed	23
minecraft:block_entity_type	minecraft:beehive	32
minecraft:block_entity_type	minecraft:bell	29
minecraft:block_entity_type	minecraft:blast_furnace	27
minecraft:block_entity_type	minecraft:brewing_stand	10
minecraft:block_entity_type	minecraft:campfire	31
minecraft:block_entity_type	minecraft:chest	1
minecraft:block_entity_type	minecraft:command_block	21
minecraft:block_entity_type	minecraft:comparator	17
minecraft:block_entity_type	minecraft:conduit	24
minecraft:block_entity_type	minecraft:daylight_detector	15
minecraft:block_entity_type	minecraft:dispenser	5
minecraft:block_entity_type	minecraft:dropper	6
minecraft:block_entity_type	minecraft:enchanting_table	11
minecraft:block_entity_type	minecraft:end_gateway	20
minecraft:block_entity_type	minecraft:end_portal	12
minecraft:block_entity_type	minecraft:ender_chest	3
minecraft:block_entity_type	minecraft:furnace	0
minecraft:block_entity_type	minecraft:hopper	16
minecraft:block_entity_type	minecraft:jigsaw	30
minecraft:block_entity_type	minecraft:jukebox	4
minecraft:block_entity_type	minecraft:lectern	28
minecraft:block_entity_type	minecraft:mob_spawner	8
minecraft:block_entity_type	minecraft:piston	9
minecraft:block_entity_type	minecraft:sculk_catalyst	34
minecraft:block_entity_type	minecraft:sculk_sensor	33
minecraft:block_entity_type	minecraft:sculk_shrieker	35
minecraft:block_entity_type	minecraft:shulker_box	22
minecraft:block_entity_type	minecraft:sign	7
minecraft:block_entity_type	minecraft:skull	14
minecraft:block_entity_type	minecraft:smoker	26
minecraft:block_entity_type	minecraft:structure_block	19
minecraft:block_entity_type	minecraft:trapped_chest	2
minecraft:block_predicate_type	minecraft:all_of	9
minecraft:block_predicate_type	minecraft:any_of	8
minecraft:block_predicate_type	minecraft:has_sturdy_face	3
minecraft:block_predicate_type	minecraft:inside_world_bounds	7
minecraft:block_predicate_type	minecraft:matching_block_tag	1
minecraft:block_predicate_type	minecraft:matching_blocks	0
minecraft:block_predicate_type	minecraft:matching_fluids	2
minecraft:block_predicate_type	minecraft:not	10
minecraft:block_predicate_type	minecraft:replaceable	5
minecraft:block_predicate_type	minecraft:solid	4
minecraft:block_predicate_type	minecraft:true	11
minecraft:block_predicate_type	minecraft:would_survive	6
minecraft:cat_variant	minecraft:all_black	10
minecraft:cat_variant	minecraft:black	1
minecraft:cat_variant	minecraft:british_shorthair	4
minecraft:cat_variant	minecraft:calico	5
minecraft:cat_variant	minecraft:jellie	9
minecraft:cat_variant	minecraft:persian	6
minecraft:cat_variant	minecraft:ragdoll	7
minecraft:cat_variant	minecraft:red	2
minecraft:cat_variant	minecraft:siamese	3
minecraft:cat_variant	minecraft:tabby	0
minecraft:cat_variant	minecraft:white	8
minecraft:chunk_status	minecraft:biomes	3
minecraft:chunk_status	minecraft:carvers	6
minecraft:chunk_status	minecraft:empty	0
minecraft:chunk_status	minecraft:features	8
minecraft:chunk_status	minecraft:full	12
minecraft:chunk_status	minecraft:heightmaps	11
minecraft:chunk_status	minecraft:light	9
minecraft:chunk_status	minecraft:liquid_carvers	7
minecraft:chunk_status	minecraft:noise	4
minecraft:chunk_status	minecraft:spawn	10
minecraft:chunk_status	minecraft:structure_references	2
minecraft:chunk_status	minecraft:structure_starts	1
minecraft:chunk_status	minecraft:surface	5
minecraft:command_argument_type	brigadier:bool	0
minecraft:command_argument_type	brigadier:double	2
minecraft:command_argument_type	brigadier:float	1
minecraft:command_argument_type	brigadier:integer	3
minecraft:command_argument_type	brigadier:long	4
minecraft:command_argument_type	brigadier:string	5
minecraft:command_argument_type	minecraft:angle	26
minecraft:command_argument_type	minecraft:block_pos	8
minecraft:command_argument_type	minecraft:block_predicate	13
minecraft:command_argument_type	minecraft:block_state	12
minecraft:command_argument_type	minecraft:color	16
minecraft:command_argument_type	minecraft:column_pos	9
minecraft:command_argument_type	minecraft:component	17
minecraft:command_argument_type	minecraft:dimension	41
minecraft:command_argument_type	minecraft:entity	6
minecraft:command_argument_type	minecraft:entity_anchor	36
minecraft:command_argument_type	minecraft:entity_summon	40
minecraft:command_argument_type	minecraft:float_range	38
minecraft:command_argument_type	minecraft:function	35
minecraft:command_argument_type	minecraft:game_profile	7
minecraft:command_argument_type	minecraft:int_range	37
minecraft:command_argument_type	minecraft:item_enchantment	39
minecraft:command_argument_type	minecraft:item_predicate	15
minecraft:command_argument_type	minecraft:item_slot	32
minecraft:command_argument_type	minecraft:item_stack	14
minecraft:command_argument_type	minecraft:message	18
minecraft:command_argument_type	minecraft:mob_effect	34
minecraft:command_argument_type	minecraft:nbt_compound_tag	19
minecraft:command_argument_type	minecraft:nbt_path	21
minecraft:command_argument_type	minecraft:nbt_tag	20
minecraft:command_argument_type	minecraft:objective	22
minecraft:command_argument_type	minecraft:objective_criteria	23
minecraft:command_argument_type	minecraft:operation	24
minecraft:command_argument_type	minecraft:particle	25
minecraft:command_argument_type	minecraft:resource	44
minecraft:command_argument_type	minecraft:resource_location	33
minecraft:command_argument_type	minecraft:resource_or_tag	43
minecraft:command_argument_type	minecraft:rotation	27
minecraft:command_argument_type	minecraft:score_holder	29
minecraft:command_argument_type	minecraft:scoreboard_slot	28
minecraft:command_argument_type	minecraft:swizzle	30
minecraft:command_argument_type	minecraft:team	31
minecraft:command_argument_type	minecraft:template_mirror	45
minecraft:command_argument_type	minecraft:template_rotation	46
minecraft:command_argument_type	minecraft:time	42
minecraft:command_argument_type	minecraft:uuid	47
minecraft:command_argument_type	minecraft:vec2	11
minecraft:command_argument_type	minecraft:vec3	10
minecraft:custom_stat	minecraft:animals_bred	32
minecraft:custom_stat	minecraft:aviate_one_cm	18
minecraft:custom_stat	minecraft:bell_ring	68
minecraft:custom_stat	minecraft:boat_one_cm	15
minecraft:custom_stat	minecraft:clean_armor	40
minecraft:custom_stat	minecraft:clean_banner	41
minecraft:custom_stat	minecraft:clean_shulker_box	42
minecraft:custom_stat	minecraft:climb_one_cm	11
minecraft:custom_stat	minecraft:crouch_one_cm	7
minecraft:custom_stat	minecraft:damage_absorbed	28
minecraft:custom_stat	minecraft:damage_blocked_by_shield	27
minecraft:custom_stat	minecraft:damage_dealt	23
minecraft:custom_stat	minecraft:damage_dealt_absorbed	24
minecraft:custom_stat	minecraft:damage_dealt_resisted	25
minecraft:custom_stat	minecraft:damage_resisted	29
minecraft:custom_stat	minecraft:damage_taken	26
minecraft:custom_stat	minecraft:deaths	30
minecraft:custom_stat	minecraft:drop	22
minecraft:custom_stat	minecraft:eat_cake_slice	37
minecraft:custom_stat	minecraft:enchant_item	53
minecraft:custom_stat	minecraft:fall_one_cm	10
minecraft:custom_stat	minecraft:fill_cauldron	38
minecraft:custom_stat	minecraft:fish_caught	34
minecraft:custom_stat	minecraft:fly_one_cm	12
minecraft:custom_stat	minecraft:horse_one_cm	17
minecraft:custom_stat	minecraft:inspect_dispenser	47
minecraft:custom_stat	minecraft:inspect_dropper	45
minecraft:custom_stat	minecraft:inspect_hopper	46
minecraft:custom_stat	minecraft:interact_with_anvil	71
minecraft:custom_stat	minecraft:interact_with_beacon	44
minecraft:custom_stat	minecraft:interact_with_blast_furnace	61
minecraft:custom_stat	minecraft:interact_with_brewingstand	43
minecraft:custom_stat	minecraft:interact_with_campfire	64
minecraft:custom_stat	minecraft:interact_with_cartography_table	65
minecraft:custom_stat	minecraft:interact_with_crafting_table	56
minecraft:custom_stat	minecraft:interact_with_furnace	55
minecraft:custom_stat	minecraft:interact_with_grindstone	72
minecraft:custom_stat	minecraft:interact_with_lectern	63
minecraft:custom_stat	minecraft:interact_with_loom	66
minecraft:custom_stat	minecraft:interact_with_smithing_table	74
minecraft:custom_stat	minecraft:interact_with_smoker	62
minecraft:custom_stat	minecraft:interact_with_stonecutter	67
minecraft:custom_stat	minecraft:jump	21
minecraft:custom_stat	minecraft:leave_game	0
minecraft:custom_stat	minecraft:minecart_one_cm	14
minecraft:custom_stat	minecraft:mob_kills	31
minecraft:custom_stat	minecraft:open_barrel	60
minecraft:custom_stat	minecraft:open_chest	57
minecraft:custom_stat	minecraft:open_enderchest	52
minecraft:custom_stat	minecraft:open_shulker_box	59
minecraft:custom_stat	minecraft:pig_one_cm	16
minecraft:custom_stat	minecraft:play_noteblock	48
minecraft:custom_stat	minecraft:play_record	54
minecraft:custom_stat	minecraft:play_time	1
minecraft:custom_stat	minecraft:player_kills	33
minecraft:custom_stat	minecraft:pot_flower	50
minecraft:custom_stat	minecraft:raid_trigger	69
minecraft:custom_stat	minecraft:raid_win	70
minecraft:custom_stat	minecraft:sleep_in_bed	58
minecraft:custom_stat	minecraft:sneak_time	5
minecraft:custom_stat	minecraft:sprint_one_cm	8
minecraft:custom_stat	minecraft:strider_one_cm	20
minecraft:custom_stat	minecraft:swim_one_cm	19
minecraft:custom_stat	minecraft:talked_to_villager	35
minecraft:custom_stat	minecraft:target_hit	73
minecraft:custom_stat	minecraft:time_since_death	3
minecraft:custom_stat	minecraft:time_since_rest	4
minecraft:custom_stat	minecraft:total_world_time	2
minecraft:custom_stat	minecraft:traded_with_villager	36
minecraft:custom_stat	minecraft:trigger_trapped_chest	51
minecraft:custom_stat	minecraft:tune_noteblock	49
minecraft:custom_stat	minecraft:use_cauldron	39
minecraft:custom_stat	minecraft:walk_on_water_one_cm	9
minecraft:custom_stat	minecraft:walk_one_cm	6
minecraft:custom_stat	minecraft:walk_under_water_one_cm	13
minecraft:enchantment	minecraft:aqua_affinity	6
minecraft:enchantment	minecraft:bane_of_arthropods	15
minecraft:enchantment	minecraft:binding_curse	10
minecraft:enchantment	minecraft:blast_protection	3
minecraft:enchantment	minecraft:channeling	33
minecraft:enchantment	minecraft:depth_strider	8
minecraft:enchantment	minecraft:efficiency	20
minecraft:enchantment	minecraft:feather_falling	2
minecraft:enchantment	minecraft:fire_aspect	17
minecraft:enchantment	minecraft:fire_protection	1
minecraft:enchantment	minecraft:flame	26
minecraft:enchantment	minecraft:fortune	23
minecraft:enchantment	minecraft:frost_walker	9
minecraft:enchantment	minecraft:impaling	31
minecraft:enchantment	minecraft:infinity	27
minecraft:enchantment	minecraft:knockback	16
minecraft:enchantment	minecraft:looting	18
minecraft:enchantment	minecraft:loyalty	30
minecraft:enchantment	minecraft:luck_of_the_sea	28
minecraft:enchantment	minecraft:lure	29
minecraft:enchantment	minecraft:mending	37
minecraft:enchantment	minecraft:multishot	34
minecraft:enchantment	minecraft:piercing	36
minecraft:enchantment	minecraft:power	24
minecraft:enchantment	minecraft:projectile_protection	4
minecraft:enchantment	minecraft:protection	0
minecraft:enchantment	minecraft:punch	25
minecraft:enchantment	minecraft:quick_charge	35
minecraft:enchantment	minecraft:respiration	5
minecraft:enchantment	minecraft:riptide	32
minecraft:enchantment	minecraft:sharpness	13
minecraft:enchantment	minecraft:silk_touch	21
minecraft:enchantment	minecraft:smite	14
minecraft:enchantment	minecraft:soul_speed	11
minecraft:enchantment	minecraft:sweeping	19
minecraft:enchantment	minecraft:swift_sneak	12
minecraft:enchantment	minecraft:thorns	7
minecraft:enchantment	minecraft:unbreaking	22
minecraft:enchantment	minecraft:vanishing_curse	38
minecraft:entity_type	minecraft:allay	0
minecraft:entity_type	minecraft:area_effect_cloud	1
minecraft:entity_type	minecraft:armor_stand	2
minecraft:entity_type	minecraft:arrow	3
minecraft:entity_type	minecraft:axolotl	4
minecraft:entity_type	minecraft:bat	5
minecraft:entity_type	minecraft:bee	6
minecraft:entity_type	minecraft:blaze	7
minecraft:entity_type	minecraft:boat	8
minecraft:entity_type	minecraft:cat	10
minecraft:entity_type	minecraft:cave_spider	11
minecraft:entity_type	minecraft:chest_boat	9
minecraft:entity_type	minecraft:chest_minecart	54
minecraft:entity_type	minecraft:chicken	12
minecraft:entity_type	minecraft:cod	13
minecraft:entity_type	minecraft:command_block_minecart	55
minecraft:entity_type	minecraft:cow	14
minecraft:entity_type	minecraft:creeper	15
minecraft:entity_type	minecraft:dolphin	16
minecraft:entity_type	minecraft:donkey	17
minecraft:entity_type	minecraft:dragon_fireball	18
minecraft:entity_type	minecraft:drowned	19
minecraft:entity_type	minecraft:egg	93
minecraft:entity_type	minecraft:elder_guardian	20
minecraft:entity_type	minecraft:end_crystal	21
minecraft:entity_type	minecraft:ender_dragon	22
minecraft:entity_type	minecraft:ender_pearl	94
minecraft:entity_type	minecraft:enderman	23
minecraft:entity_type	minecraft:endermite	24
minecraft:entity_type	minecraft:evoker	25
minecraft:entity_type	minecraft:evoker_fangs	26
minecraft:entity_type	minecraft:experience_bottle	95
minecraft:entity_type	minecraft:experience_orb	27
minecraft:entity_type	minecraft:eye_of_ender	28
minecraft:entity_type	minecraft:falling_block	29
minecraft:entity_type	minecraft:fireball	46
minecraft:entity_type	minecraft:firework_rocket	30
minecraft:entity_type	minecraft:fishing_bobber	117
minecraft:entity_type	minecraft:fox	31
minecraft:entity_type	minecraft:frog	32
minecraft:entity_type	minecraft:furnace_minecart	56
minecraft:entity_type	minecraft:ghast	33
minecraft:entity_type	minecraft:giant	34
minecraft:entity_type	minecraft:glow_item_frame	35
minecraft:entity_type	minecraft:glow_squid	36
minecraft:entity_type	minecraft:goat	37
minecraft:entity_type	minecraft:guardian	38
minecraft:entity_type	minecraft:hoglin	39
minecraft:entity_type	minecraft:hopper_minecart	57
minecraft:entity_type	minecraft:horse	40
minecraft:entity_type	minecraft:husk	41
minecraft:entity_type	minecraft:illusioner	42
minecraft:entity_type	minecraft:iron_golem	43
minecraft:entity_type	minecraft:item	44
minecraft:entity_type	minecraft:item_frame	45
minecraft:entity_type	minecraft:leash_knot	47
minecraft:entity_type	minecraft:lightning_bolt	48
minecraft:entity_type	minecraft:llama	49
minecraft:entity_type	minecraft:llama_spit	50
minecraft:entity_type	minecraft:magma_cube	51
minecraft:entity_type	minecraft:marker	52
minecraft:entity_type	minecraft:minecart	53
minecraft:entity_type	minecraft:mooshroom	61
minecraft:entity_type	minecraft:mule	60
minecraft:entity_type	minecraft:ocelot	62
minecraft:entity_type	minecraft:painting	63
minecraft:entity_type	minecraft:panda	64
minecraft:entity_type	minecraft:parrot	65
minecraft:entity_type	minecraft:phantom	66
minecraft:entity_type	minecraft:pig	67
minecraft:entity_type	minecraft:piglin	68
minecraft:entity_type	minecraft:piglin_brute	69
minecraft:entity_type	minecraft:pillager	70
minecraft:entity_type	minecraft:player	116
minecraft:entity_type	minecraft:polar_bear	71
minecraft:entity_type	minecraft:potion	96
minecraft:entity_type	minecraft:pufferfish	73
minecraft:entity_type	minecraft:rabbit	74
minecraft:entity_type	minecraft:ravager	75
minecraft:entity_type	minecraft:salmon	76
minecraft:entity_type	minecraft:sheep	77
minecraft:entity_type	minecraft:shulker	78
minecraft:entity_type	minecraft:shulker_bullet	79
minecraft:entity_type	minecraft:silverfish	80
minecraft:entity_type	minecraft:skeleton	81
minecraft:entity_type	minecraft:skeleton_horse	82
minecraft:entity_type	minecraft:slime	83
minecraft:entity_type	minecraft:small_fireball	84
minecraft:entity_type	minecraft:snow_golem	85
minecraft:entity_type	minecraft:snowball	86
minecraft:entity_type	minecraft:spawner_minecart	58
minecraft:entity_type	minecraft:spectral_arrow	87
minecraft:entity_type	minecraft:spider	88
minecraft:entity_type	minecraft:squid	89
minecraft:entity_type	minecraft:stray	90
minecraft:entity_type	minecraft:strider	91
minecraft:entity_type	minecraft:tadpole	92
minecraft:entity_type	minecraft:tnt	72
minecraft:entity_type	minecraft:tnt_minecart	59
minecraft:entity_type	minecraft:trader_llama	98
minecraft:entity_type	minecraft:trident	97
minecraft:entity_type	minecraft:tropical_fish	99
minecraft:entity_type	minecraft:turtle	100
minecraft:entity_type	minecraft:vex	101
minecraft:entity_type	minecraft:villager	102
minecraft:entity_type	minecraft:vindicator	103
minecraft:entity_type	minecraft:wandering_trader	104
minecraft:entity_type	minecraft:warden	105
minecraft:entity_type	minecraft:witch	106
minecraft:entity_type	minecraft:wither	107
minecraft:entity_type	minecraft:wither_skeleton	108
minecraft:entity_type	minecraft:wither_skull	109
minecraft:entity_type	minecraft:wolf	110
minecraft:entity_type	minecraft:zoglin	111
minecraft:entity_type	minecraft:zombie	112
minecraft:entity_type	minecraft:zombie_horse	113
minecraft:entity_type	minecraft:zombie_villager	114
minecraft:entity_type	minecraft:zombified_piglin	115
minecraft:float_provider_type	minecraft:clamped_normal	2
minecraft:float_provider_type	minecraft:constant	0
minecraft:float_provider_type	minecraft:trapezoid	3
minecraft:float_provider_type	minecraft:uniform	1
minecraft:fluid	minecraft:empty	0
minecraft:fluid	minecraft:flowing_lava	3
minecraft:fluid	minecraft:flowing_water	1
minecraft:fluid	minecraft:lava	4
minecraft:fluid	minecraft:water	2
minecraft:frog_variant	minecraft:cold	2
minecraft:frog_variant	minecraft:temperate	0
minecraft:frog_variant	minecraft:warm	1
minecraft:game_event	minecraft:block_activate	0
minecraft:game_event	minecraft:block_attach	1
minecraft:game_event	minecraft:block_change	2
minecraft:game_event	minecraft:block_close	3
minecraft:game_event	minecraft:block_deactivate	4
minecraft:game_event	minecraft:block_destroy	5
minecraft:game_event	minecraft:block_detach	6
minecraft:game_event	minecraft:block_open	7
minecraft:game_event	minecraft:block_place	8
minecraft:game_event	minecraft:container_close	9
minecraft:game_event	minecraft:container_open	10
minecraft:game_event	minecraft:dispense_fail	11
minecraft:game_event	minecraft:drink	12
minecraft:game_event	minecraft:eat	13
minecraft:game_event	minecraft:elytra_glide	14
minecraft:game_event	minecraft:entity_damage	15
minecraft:game_event	minecraft:entity_die	16
minecraft:game_event	minecraft:entity_interact	17
minecraft:game_event	minecraft:entity_place	18
minecraft:game_event	minecraft:entity_roar	19
minecraft:game_event	minecraft:entity_shake	20
minecraft:game_event	minecraft:equip	21
minecraft:game_event	minecraft:explode	22
minecraft:game_event	minecraft:flap	23
minecraft:game_event	minecraft:fluid_pickup	24
minecraft:game_event	minecraft:fluid_place	25
minecraft:game_event	minecraft:hit_ground	26
minecraft:game_event	minecraft:instrument_play	27
minecraft:game_event	minecraft:item_interact_finish	28
minecraft:game_event	minecraft:item_interact_start	29
minecraft:game_event	minecraft:lightning_strike	30
minecraft:game_event	minecraft:note_block_play	31
minecraft:game_event	minecraft:piston_contract	32
minecraft:game_event	minecraft:piston_extend	33
minecraft:game_event	minecraft:prime_fuse	34
minecraft:game_event	minecraft:projectile_land	35
minecraft:game_event	minecraft:projectile_shoot	36
minecraft:game_event	minecraft:sculk_sensor_tendrils_clicking	37
minecraft:game_event	minecraft:shear	38
minecraft:game_event	minecraft:shriek	39
minecraft:game_event	minecraft:splash	40
minecraft:game_event	minecraft:step	41
minecraft:game_event	minecraft:swim	42
minecraft:game_event	minecraft:teleport	43
minecraft:height_provider_type	minecraft:biased_to_bottom	2
minecraft:height_provider_type	minecraft:constant	0
minecraft:height_provider_type	minecraft:trapezoid	4
minecraft:height_provider_type	minecraft:uniform	1
minecraft:height_provider_type	minecraft:very_biased_to_bottom	3
minecraft:height_provider_type	minecraft:weighted_list	5
minecraft:instrument	minecraft:admire_goat_horn	4
minecraft:instrument	minecraft:call_goat_horn	5
minecraft:instrument	minecraft:dream_goat_horn	7
minecraft:instrument	minecraft:feel_goat_horn	3
minecraft:instrument	minecraft:ponder_goat_horn	0
minecraft:instrument	minecraft:seek_goat_horn	2
minecraft:instrument	minecraft:sing_goat_horn	1
minecraft:instrument	minecraft:yearn_goat_horn	6
minecraft:int_provider_type	minecraft:biased_to_bottom	2
minecraft:int_provider_type	minecraft:clamped	3
minecraft:int_provider_type	minecraft:clamped_normal	5
minecraft:int_provider_type	minecraft:constant	0
minecraft:int_provider_type	minecraft:uniform	1
minecraft:int_provider_type	minecraft:weighted_list	4
minecraft:item	minecraft:acacia_boat	706
minecraft:item	minecraft:acacia_button	638
minecraft:item	minecraft:acacia_chest_boat	707
minecraft:item	minecraft:acacia_door	661
minecraft:item	minecraft:acacia_fence	272
minecraft:item	minecraft:acacia_fence_gate	680
minecraft:item	minecraft:acacia_leaves	146
minecraft:item	minecraft:acacia_log	108
minecraft:item	minecraft:acacia_planks	27
minecraft:item	minecraft:acacia_pressure_plate	651
minecraft:item	minecraft:acacia_sapling	36
minecraft:item	minecraft:acacia_sign	808
minecraft:item	minecraft:acacia_slab	218
minecraft:item	minecraft:acacia_stairs	342
minecraft:item	minecraft:acacia_trapdoor	671
minecraft:item	minecraft:acacia_wood	137
minecraft:item	minecraft:activator_rail	688
minecraft:item	minecraft:air	0
minecraft:item	minecraft:allay_spawn_egg	912
minecraft:item	minecraft:allium	186
minecraft:item	minecraft:amethyst_block	66
minecraft:item	minecraft:amethyst_cluster	1145
minecraft:item	minecraft:amethyst_shard	726
minecraft:item	minecraft:ancient_debris	61
minecraft:item	minecraft:andesite	6
minecraft:item	minecraft:andesite_slab	599
minecraft:item	minecraft:andesite_stairs	582
minecraft:item	minecraft:andesite_wall	359
minecraft:item	minecraft:anvil	371
minecraft:item	minecraft:apple	717
minecraft:item	minecraft:armor_stand	1015
minecraft:item	minecraft:arrow	719
minecraft:item	minecraft:axolotl_bucket	824
minecraft:item	minecraft:axolotl_spawn_egg	913
minecraft:item	minecraft:azalea	162
minecraft:item	minecraft:azalea_leaves	149
minecraft:item	minecraft:azure_bluet	187
minecraft:item	minecraft:baked_potato	992
minecraft:item	minecraft:bamboo	213
minecraft:item	minecraft:barrel	1089
minecraft:item	minecraft:barrier	395
minecraft:item	minecraft:basalt	283
minecraft:item	minecraft:bat_spawn_egg	914
minecraft:item	minecraft:beacon	348
minecraft:item	minecraft:bedrock	39
minecraft:item	minecraft:bee_nest	1106
minecraft:item	minecraft:bee_spawn_egg	915
minecraft:item	minecraft:beef	892
minecraft:item	minecraft:beehive	1107
minecraft:item	minecraft:beetroot	1044
minecraft:item	minecraft:beetroot_seeds	1045
minecraft:item	minecraft:beetroot_soup	1046
minecraft:item	minecraft:bell	1097
minecraft:item	minecraft:big_dripleaf	211
minecraft:item	minecraft:birch_boat	702
minecraft:item	minecraft:birch_button	636
minecraft:item	minecraft:birch_chest_boat	703
minecraft:item	minecraft:birch_door	659
minecraft:item	minecraft:birch_fence	270
minecraft:item	minecraft:birch_fence_gate	678
minecraft:item	minecraft:birch_leaves	144
minecraft:item	minecraft:birch_log	106
minecraft:item	minecraft:birch_planks	25
minecraft:item	minecraft:birch_pressure_plate	649
minecraft:item	minecraft:birch_sapling	34
minecraft:item	minecraft:birch_sign	806
minecraft:item	minecraft:birch_slab	216
minecraft:item	minecraft:birch_stairs	340
minecraft:item	minecraft:birch_trapdoor	669
minecraft:item	minecraft:birch_wood	135
minecraft:item	minecraft:black_banner	1040
minecraft:item	minecraft:black_bed	884
minecraft:item	minecraft:black_candle	1141
minecraft:item	minecraft:black_carpet	413
minecraft:item	minecraft:black_concrete	522
minecraft:item	minecraft:black_concrete_powder	538
minecraft:item	minecraft:black_dye	864
minecraft:item	minecraft:black_glazed_terracotta	506
minecraft:item	minecraft:black_shulker_box	490
minecraft:item	minecraft:black_stained_glass	438
minecraft:item	minecraft:black_stained_glass_pane	454
minecraft:item	minecraft:black_terracotta	394
minecraft:item	minecraft:black_wool	182
minecraft:item	minecraft:blackstone	1112
minecraft:item	minecraft:blackstone_slab	1113
minecraft:item	minecraft:blackstone_stairs	1114
minecraft:item	minecraft:blackstone_wall	364
minecraft:item	minecraft:blast_furnace	1091
minecraft:item	minecraft:blaze_powder	906
minecraft:item	minecraft:blaze_rod	898
minecraft:item	minecraft:blaze_spawn_egg	916
minecraft:item	minecraft:blue_banner	1036
minecraft:item	minecraft:blue_bed	880
minecraft:item	minecraft:blue_candle	1137
minecraft:item	minecraft:blue_carpet	409
minecraft:item	minecraft:blue_concrete	518
minecraft:item	minecraft:blue_concrete_powder	534
minecraft:item	minecraft:blue_dye	860
minecraft:item	minecraft:blue_glazed_terracotta	502
minecraft:item	minecraft:blue_ice	570
minecraft:item	minecraft:blue_orchid	185
minecraft:item	minecraft:blue_shulker_box	486
minecraft:item	minecraft:blue_stained_glass	434
minecraft:item	minecraft:blue_stained_glass_pane	450
minecraft:item	minecraft:blue_terracotta	390
minecraft:item	minecraft:blue_wool	178
minecraft:item	minecraft:bone	866
minecraft:item	minecraft:bone_block	472
minecraft:item	minecraft:bone_meal	865
minecraft:item	minecraft:book	830
minecraft:item	minecraft:bookshelf	245
minecraft:item	minecraft:bow	718
minecraft:item	minecraft:bowl	766
minecraft:item	minecraft:brain_coral	551
minecraft:item	minecraft:brain_coral_block	546
minecraft:item	minecraft:brain_coral_fan	561
minecraft:item	minecraft:bread	773
minecraft:item	minecraft:brewing_stand	908
minecraft:item	minecraft:brick	826
minecraft:item	minecraft:brick_slab	229
minecraft:item	minecraft:brick_stairs	316
minecraft:item	minecraft:brick_wall	351
minecraft:item	minecraft:bricks	244
minecraft:item	minecraft:brown_banner	1037
minecraft:item	minecraft:brown_bed	881
minecraft:item	minecraft:brown_candle	1138
minecraft:item	minecraft:brown_carpet	410
minecraft:item	minecraft:brown_concrete	519
minecraft:item	minecraft:brown_concrete_powder	535
minecraft:item	minecraft:brown_dye	861
minecraft:item	minecraft:brown_glazed_terracotta	503
minecraft:item	minecraft:brown_mushroom	197
minecraft:item	minecraft:brown_mushroom_block	307
minecraft:item	minecraft:brown_shulker_box	487
minecraft:item	minecraft:brown_stained_glass	435
minecraft:item	minecraft:brown_stained_glass_pane	451
minecraft:item	minecraft:brown_terracotta	391
minecraft:item	minecraft:brown_wool	179
minecraft:item	minecraft:bubble_coral	552
minecraft:item	minecraft:bubble_coral_block	547
minecraft:item	minecraft:bubble_coral_fan	562
minecraft:item	minecraft:bucket	813
minecraft:item	minecraft:budding_amethyst	67
minecraft:item	minecraft:bundle	835
minecraft:item	minecraft:cactus	265
minecraft:item	minecraft:cake	868
minecraft:item	minecraft:calcite	11
minecraft:item	minecraft:campfire	1102
minecraft:item	minecraft:candle	1125
minecraft:item	minecraft:carrot	990
minecraft:item	minecraft:carrot_on_a_stick	695
minecraft:item	minecraft:cartography_table	1092
minecraft:item	minecraft:carved_pumpkin	278
minecraft:item	minecraft:cat_spawn_egg	917
minecraft:item	minecraft:cauldron	909
minecraft:item	minecraft:cave_spider_spawn_egg	918
minecraft:item	minecraft:chain	311
minecraft:item	minecraft:chain_command_block	467
minecraft:item	minecraft:chainmail_boots	781
minecraft:item	minecraft:chainmail_chestplate	779
minecraft:item	minecraft:chainmail_helmet	778
minecraft:item	minecraft:chainmail_leggings	780
minecraft:item	minecraft:charcoal	721
minecraft:item	minecraft:chest	256
minecraft:item	minecraft:chest_minecart	691
minecraft:item	minecraft:chicken	894
minecraft:item	minecraft:chicken_spawn_egg	919
minecraft:item	minecraft:chipped_anvil	372
minecraft:item	minecraft:chiseled_deepslate	305
minecraft:item	minecraft:chiseled_nether_bricks	323
minecraft:item	minecraft:chiseled_polished_blackstone	1119
minecraft:item	minecraft:chiseled_quartz_block	374
minecraft:item	minecraft:chiseled_red_sandstone	463
minecraft:item	minecraft:chiseled_sandstone	157
minecraft:item	minecraft:chiseled_stone_bricks	298
minecraft:item	minecraft:chorus_flower	251
minecraft:item	minecraft:chorus_fruit	1042
minecraft:item	minecraft:chorus_plant	250
minecraft:item	minecraft:clay	266
minecraft:item	minecraft:clay_ball	827
minecraft:item	minecraft:clock	837
minecraft:item	minecraft:coal	720
minecraft:item	minecraft:coal_block	62
minecraft:item	minecraft:coal_ore	43
minecraft:item	minecraft:coarse_dirt	16
minecraft:item	minecraft:cobbled_deepslate	9
minecraft:item	minecraft:cobbled_deepslate_slab	603
minecraft:item	minecraft:cobbled_deepslate_stairs	586
minecraft:item	minecraft:cobbled_deepslate_wall	367
minecraft:item	minecraft:cobblestone	22
minecraft:item	minecraft:cobblestone_slab	228
minecraft:item	minecraft:cobblestone_stairs	261
minecraft:item	minecraft:cobblestone_wall	349
minecraft:item	minecraft:cobweb	159
minecraft:item	minecraft:cocoa_beans	848
minecraft:item	minecraft:cod	840
minecraft:item	minecraft:cod_bucket	822
minecraft:item	minecraft:cod_spawn_egg	920
minecraft:item	minecraft:command_block	347
minecraft:item	minecraft:command_block_minecart	1022
minecraft:item	minecraft:comparator	612
minecraft:item	minecraft:compass	833
minecraft:item	minecraft:composter	1088
minecraft:item	minecraft:conduit	571
minecraft:item	minecraft:cooked_beef	893
minecraft:item	minecraft:cooked_chicken	895
minecraft:item	minecraft:cooked_cod	844
minecraft:item	minecraft:cooked_mutton	1024
minecraft:item	minecraft:cooked_porkchop	800
minecraft:item	minecraft:cooked_rabbit	1011
minecraft:item	minecraft:cooked_salmon	845
minecraft:item	minecraft:cookie	885
minecraft:item	minecraft:copper_block	69
minecraft:item	minecraft:copper_ingot	730
minecraft:item	minecraft:copper_ore	47
minecraft:item	minecraft:cornflower	193
minecraft:item	minecraft:cow_spawn_egg	921
minecraft:item	minecraft:cracked_deepslate_bricks	302
minecraft:item	minecraft:cracked_deepslate_tiles	304
minecraft:item	minecraft:cracked_nether_bricks	322
minecraft:item	minecraft:cracked_polished_blackstone_bricks	1123
minecraft:item	minecraft:cracked_stone_bricks	297
minecraft:item	minecraft:crafting_table	257
minecraft:item	minecraft:creeper_banner_pattern	1082
minecraft:item	minecraft:creeper_head	1000
minecraft:item	minecraft:creeper_spawn_egg	922
minecraft:item	minecraft:crimson_button	641
minecraft:item	minecraft:crimson_door	664
minecraft:item	minecraft:crimson_fence	275
minecraft:item	minecraft:crimson_fence_gate	683
minecraft:item	minecraft:crimson_fungus	199
minecraft:item	minecraft:crimson_hyphae	140
minecraft:item	minecraft:crimson_nylium	20
minecraft:item	minecraft:crimson_planks	30
minecraft:item	minecraft:crimson_pressure_plate	654
minecraft:item	minecraft:crimson_roots	201
minecraft:item	minecraft:crimson_sign	811
minecraft:item	minecraft:crimson_slab	221
minecraft:item	minecraft:crimson_stairs	345
minecraft:item	minecraft:crimson_stem	113
minecraft:item	minecraft:crimson_trapdoor	674
minecraft:item	minecraft:crossbow	1078
minecraft:item	minecraft:crying_obsidian	1111
minecraft:item	minecraft:cut_copper	76
minecraft:item	minecraft:cut_copper_slab	84
minecraft:item	minecraft:cut_copper_stairs	80
minecraft:item	minecraft:cut_red_sandstone	464
minecraft:item	minecraft:cut_red_sandstone_slab	235
minecraft:item	minecraft:cut_sandstone	158
minecraft:item	minecraft:cut_sandstone_slab	226
minecraft:item	minecraft:cyan_banner	1034
minecraft:item	minecraft:cyan_bed	878
minecraft:item	minecraft:cyan_candle	1135
minecraft:item	minecraft:cyan_carpet	407
minecraft:item	minecraft:cyan_concrete	516
minecraft:item	minecraft:cyan_concrete_powder	532
minecraft:item	minecraft:cyan_dye	858
minecraft:item	minecraft:cyan_glazed_terracotta	500
minecraft:item	minecraft:cyan_shulker_box	484
minecraft:item	minecraft:cyan_stained_glass	432
minecraft:item	minecraft:cyan_stained_glass_pane	448
minecraft:item	minecraft:cyan_terracotta	388
minecraft:item	minecraft:cyan_wool	176
minecraft:item	minecraft:damaged_anvil	373
minecraft:item	minecraft:dandelion	183
minecraft:item	minecraft:dark_oak_boat	708
minecraft:item	minecraft:dark_oak_button	639
minecraft:item	minecraft:dark_oak_chest_boat	709
minecraft:item	minecraft:dark_oak_door	662
minecraft:item	minecraft:dark_oak_fence	273
minecraft:item	minecraft:dark_oak_fence_gate	681
minecraft:item	minecraft:dark_oak_leaves	147
minecraft:item	minecraft:dark_oak_log	109
minecraft:item	minecraft:dark_oak_planks	28
minecraft:item	minecraft:dark_oak_pressure_plate	652
minecraft:item	minecraft:dark_oak_sapling	37
minecraft:item	minecraft:dark_oak_sign	809
minecraft:item	minecraft:dark_oak_slab	219
minecraft:item	minecraft:dark_oak_stairs	343
minecraft:item	minecraft:dark_oak_trapdoor	672
minecraft:item	minecraft:dark_oak_wood	138
minecraft:item	minecraft:dark_prismarine	457
minecraft:item	minecraft:dark_prismarine_slab	239
minecraft:item	minecraft:dark_prismarine_stairs	460
minecraft:item	minecraft:daylight_detector	625
minecraft:item	minecraft:dead_brain_coral	555
minecraft:item	minecraft:dead_brain_coral_block	541
minecraft:item	minecraft:dead_brain_coral_fan	566
minecraft:item	minecraft:dead_bubble_coral	556
minecraft:item	minecraft:dead_bubble_coral_block	542
minecraft:item	minecraft:dead_bubble_coral_fan	567
minecraft:item	minecraft:dead_bush	164
minecraft:item	minecraft:dead_fire_coral	557
minecraft:item	minecraft:dead_fire_coral_block	543
minecraft:item	minecraft:dead_fire_coral_fan	568
minecraft:item	minecraft:dead_horn_coral	558
minecraft:item	minecraft:dead_horn_coral_block	544
minecraft:item	minecraft:dead_horn_coral_fan	569
minecraft:item	minecraft:dead_tube_coral	559
minecraft:item	minecraft:dead_tube_coral_block	540
minecraft:item	minecraft:dead_tube_coral_fan	565
minecraft:item	minecraft:debug_stick	1057
minecraft:item	minecraft:deepslate	8
minecraft:item	minecraft:deepslate_brick_slab	605
minecraft:item	minecraft:deepslate_brick_stairs	588
minecraft:item	minecraft:deepslate_brick_wall	369
minecraft:item	minecraft:deepslate_bricks	301
minecraft:item	minecraft:deepslate_coal_ore	44
minecraft:item	minecraft:deepslate_copper_ore	48
minecraft:item	minecraft:deepslate_diamond_ore	58
minecraft:item	minecraft:deepslate_emerald_ore	54
minecraft:item	minecraft:deepslate_gold_ore	50
minecraft:item	minecraft:deepslate_iron_ore	46
minecraft:item	minecraft:deepslate_lapis_ore	56
minecraft:item	minecraft:deepslate_redstone_ore	52
minecraft:item	minecraft:deepslate_tile_slab	606
minecraft:item	minecraft:deepslate_tile_stairs	589
minecraft:item	minecraft:deepslate_tile_wall	370
minecraft:item	minecraft:deepslate_tiles	303
minecraft:item	minecraft:detector_rail	686
minecraft:item	minecraft:diamond	722
minecraft:item	minecraft:diamond_axe	758
minecraft:item	minecraft:diamond_block	71
minecraft:item	minecraft:diamond_boots	789
minecraft:item	minecraft:diamond_chestplate	787
minecraft:item	minecraft:diamond_helmet	786
minecraft:item	minecraft:diamond_hoe	759
minecraft:item	minecraft:diamond_horse_armor	1018
minecraft:item	minecraft:diamond_leggings	788
minecraft:item	minecraft:diamond_ore	57
minecraft:item	minecraft:diamond_pickaxe	757
minecraft:item	minecraft:diamond_shovel	756
minecraft:item	minecraft:diamond_sword	755
minecraft:item	minecraft:diorite	4
minecraft:item	minecraft:diorite_slab	602
minecraft:item	minecraft:diorite_stairs	585
minecraft:item	minecraft:diorite_wall	363
minecraft:item	minecraft:dirt	15
minecraft:item	minecraft:dirt_path	416
minecraft:item	minecraft:disc_fragment_5	1073
minecraft:item	minecraft:dispenser	619
minecraft:item	minecraft:dolphin_spawn_egg	923
minecraft:item	minecraft:donkey_spawn_egg	924
minecraft:item	minecraft:dragon_breath	1047
minecraft:item	minecraft:dragon_egg	334
minecraft:item	minecraft:dragon_head	1001
minecraft:item	minecraft:dried_kelp	889
minecraft:item	minecraft:dried_kelp_block	828
minecraft:item	minecraft:dripstone_block	13
minecraft:item	minecraft:dropper	620
minecraft:item	minecraft:drowned_spawn_egg	925
minecraft:item	minecraft:echo_shard	1151
minecraft:item	minecraft:egg	832
minecraft:item	minecraft:elder_guardian_spawn_egg	926
minecraft:item	minecraft:elytra	697
minecraft:item	minecraft:emerald	723
minecraft:item	minecraft:emerald_block	337
minecraft:item	minecraft:emerald_ore	53
minecraft:item	minecraft:enchanted_book	1006
minecraft:item	minecraft:enchanted_golden_apple	803
minecraft:item	minecraft:enchanting_table	330
minecraft:item	minecraft:end_crystal	1041
minecraft:item	minecraft:end_portal_frame	331
minecraft:item	minecraft:end_rod	249
minecraft:item	minecraft:end_stone	332
minecraft:item	minecraft:end_stone_brick_slab	595
minecraft:item	minecraft:end_stone_brick_stairs	577
minecraft:item	minecraft:end_stone_brick_wall	362
minecraft:item	minecraft:end_stone_bricks	333
minecraft:item	minecraft:ender_chest	336
minecraft:item	minecraft:ender_eye	910
minecraft:item	minecraft:ender_pearl	897
minecraft:item	minecraft:enderman_spawn_egg	927
minecraft:item	minecraft:endermite_spawn_egg	928
minecraft:item	minecraft:evoker_spawn_egg	929
minecraft:item	minecraft:experience_bottle	983
minecraft:item	minecraft:exposed_copper	73
minecraft:item	minecraft:exposed_cut_copper	77
minecraft:item	minecraft:exposed_cut_copper_slab	85
minecraft:item	minecraft:exposed_cut_copper_stairs	81
minecraft:item	minecraft:farmland	258
minecraft:item	minecraft:feather	769
minecraft:item	minecraft:fermented_spider_eye	905
minecraft:item	minecraft:fern	161
minecraft:item	minecraft:filled_map	886
minecraft:item	minecraft:fire_charge	984
minecraft:item	minecraft:fire_coral	553
minecraft:item	minecraft:fire_coral_block	548
minecraft:item	minecraft:fire_coral_fan	563
minecraft:item	minecraft:firework_rocket	1004
minecraft:item	minecraft:firework_star	1005
minecraft:item	minecraft:fishing_rod	836
minecraft:item	minecraft:fletching_table	1093
minecraft:item	minecraft:flint	798
minecraft:item	minecraft:flint_and_steel	716
minecraft:item	minecraft:flower_banner_pattern	1081
minecraft:item	minecraft:flower_pot	989
minecraft:item	minecraft:flowering_azalea	163
minecraft:item	minecraft:flowering_azalea_leaves	150
minecraft:item	minecraft:fox_spawn_egg	930
minecraft:item	minecraft:frog_spawn_egg	931
minecraft:item	minecraft:frogspawn	1150
minecraft:item	minecraft:furnace	259
minecraft:item	minecraft:furnace_minecart	692
minecraft:item	minecraft:ghast_spawn_egg	932
minecraft:item	minecraft:ghast_tear	899
minecraft:item	minecraft:gilded_blackstone	1115
minecraft:item	minecraft:glass	153
minecraft:item	minecraft:glass_bottle	903
minecraft:item	minecraft:glass_pane	312
minecraft:item	minecraft:glistering_melon_slice	911
minecraft:item	minecraft:globe_banner_pattern	1085
minecraft:item	minecraft:glow_berries	1101
minecraft:item	minecraft:glow_ink_sac	847
minecraft:item	minecraft:glow_item_frame	988
minecraft:item	minecraft:glow_lichen	315
minecraft:item	minecraft:glow_squid_spawn_egg	933
minecraft:item	minecraft:glowstone	287
minecraft:item	minecraft:glowstone_dust	839
minecraft:item	minecraft:goat_horn	1087
minecraft:item	minecraft:goat_spawn_egg	934
minecraft:item	minecraft:gold_block	70
minecraft:item	minecraft:gold_ingot	732
minecraft:item	minecraft:gold_nugget	900
minecraft:item	minecraft:gold_ore	49
minecraft:item	minecraft:golden_apple	802
minecraft:item	minecraft:golden_axe	748
minecraft:item	minecraft:golden_boots	793
minecraft:item	minecraft:golden_carrot	995
minecraft:item	minecraft:golden_chestplate	791
minecraft:item	minecraft:golden_helmet	790
minecraft:item	minecraft:golden_hoe	749
minecraft:item	minecraft:golden_horse_armor	1017
minecraft:item	minecraft:golden_leggings	792
minecraft:item	minecraft:golden_pickaxe	747
minecraft:item	minecraft:golden_shovel	746
minecraft:item	minecraft:golden_sword	745
minecraft:item	minecraft:granite	2
minecraft:item	minecraft:granite_slab	598
minecraft:item	minecraft:granite_stairs	581
minecraft:item	minecraft:granite_wall	355
minecraft:item	minecraft:grass	160
minecraft:item	minecraft:grass_block	14
minecraft:item	minecraft:gravel	42
minecraft:item	minecraft:gray_banner	1032
minecraft:item	minecraft:gray_bed	876
minecraft:item	minecraft:gray_candle	1133
minecraft:item	minecraft:gray_carpet	405
minecraft:item	minecraft:gray_concrete	514
minecraft:item	minecraft:gray_concrete_powder	530
minecraft:item	minecraft:gray_dye	856
minecraft:item	minecraft:gray_glazed_terracotta	498
minecraft:item	minecraft:gray_shulker_box	482
minecraft:item	minecraft:gray_stained_glass	430
minecraft:item	minecraft:gray_stained_glass_pane	446
minecraft:item	minecraft:gray_terracotta	386
minecraft:item	minecraft:gray_wool	174
minecraft:item	minecraft:green_banner	1038
minecraft:item	minecraft:green_bed	882
minecraft:item	minecraft:green_candle	1139
minecraft:item	minecraft:green_carpet	411
minecraft:item	minecraft:green_concrete	520
minecraft:item	minecraft:green_concrete_powder	536
minecraft:item	minecraft:green_dye	862
minecraft:item	minecraft:green_glazed_terracotta	504
minecraft:item	minecraft:green_shulker_box	488
minecraft:item	minecraft:green_stained_glass	436
minecraft:item	minecraft:green_stained_glass_pane	452
minecraft:item	minecraft:green_terracotta	392
minecraft:item	minecraft:green_wool	180
minecraft:item	minecraft:grindstone	1094
minecraft:item	minecraft:guardian_spawn_egg	935
minecraft:item	minecraft:gunpowder	770
minecraft:item	minecraft:hanging_roots	210
minecraft:item	minecraft:hay_block	397
minecraft:item	minecraft:heart_of_the_sea	1077
minecraft:item	minecraft:heavy_weighted_pressure_plate	646
minecraft:item	minecraft:hoglin_spawn_egg	936
minecraft:item	minecraft:honey_block	616
minecraft:item	minecraft:honey_bottle	1108
minecraft:item	minecraft:honeycomb	1105
minecraft:item	minecraft:honeycomb_block	1109
minecraft:item	minecraft:hopper	618
minecraft:item	minecraft:hopper_minecart	694
minecraft:item	minecraft:horn_coral	554
minecraft:item	minecraft:horn_coral_block	549
minecraft:item	minecraft:horn_coral_fan	564
minecraft:item	minecraft:horse_spawn_egg	937
minecraft:item	minecraft:husk_spawn_egg	938
minecraft:item	minecraft:ice	263
minecraft:item	minecraft:infested_chiseled_stone_bricks	293
minecraft:item	minecraft:infested_cobblestone	289
minecraft:item	minecraft:infested_cracked_stone_bricks	292
minecraft:item	minecraft:infested_deepslate	294
minecraft:item	minecraft:infested_mossy_stone_bricks	291
minecraft:item	minecraft:infested_stone	288
minecraft:item	minecraft:infested_stone_bricks	290
minecraft:item	minecraft:ink_sac	846
minecraft:item	minecraft:iron_axe	753
minecraft:item	minecraft:iron_bars	310
minecraft:item	minecraft:iron_block	68
minecraft:item	minecraft:iron_boots	785
minecraft:item	minecraft:iron_chestplate	783
minecraft:item	minecraft:iron_door	656
minecraft:item	minecraft:iron_helmet	782
minecraft:item	minecraft:iron_hoe	754
minecraft:item	minecraft:iron_horse_armor	1016
minecraft:item	minecraft:iron_ingot	728
minecraft:item	minecraft:iron_leggings	784
minecraft:item	minecraft:iron_nugget	1055
minecraft:item	minecraft:iron_ore	45
minecraft:item	minecraft:iron_pickaxe	752
minecraft:item	minecraft:iron_shovel	751
minecraft:item	minecraft:iron_sword	750
minecraft:item	minecraft:iron_trapdoor	666
minecraft:item	minecraft:item_frame	987
minecraft:item	minecraft:jack_o_lantern	279
minecraft:item	minecraft:jigsaw	713
minecraft:item	minecraft:jukebox	267
minecraft:item	minecraft:jungle_boat	704
minecraft:item	minecraft:jungle_button	637
minecraft:item	minecraft:jungle_chest_boat	705
minecraft:item	minecraft:jungle_door	660
minecraft:item	minecraft:jungle_fence	271
minecraft:item	minecraft:jungle_fence_gate	679
minecraft:item	minecraft:jungle_leaves	145
minecraft:item	minecraft:jungle_log	107
minecraft:item	minecraft:jungle_planks	26
minecraft:item	minecraft:jungle_pressure_plate	650
minecraft:item	minecraft:jungle_sapling	35
minecraft:item	minecraft:jungle_sign	807
minecraft:item	minecraft:jungle_slab	217
minecraft:item	minecraft:jungle_stairs	341
minecraft:item	minecraft:jungle_trapdoor	670
minecraft:item	minecraft:jungle_wood	136
minecraft:item	minecraft:kelp	207
minecraft:item	minecraft:knowledge_book	1056
minecraft:item	minecraft:ladder	260
minecraft:item	minecraft:lantern	1098
minecraft:item	minecraft:lapis_block	155
minecraft:item	minecraft:lapis_lazuli	724
minecraft:item	minecraft:lapis_ore	55
minecraft:item	minecraft:large_amethyst_bud	1144
minecraft:item	minecraft:large_fern	422
minecraft:item	minecraft:lava_bucket	815
minecraft:item	minecraft:lead	1020
minecraft:item	minecraft:leather	818
minecraft:item	minecraft:leather_boots	777
minecraft:item	minecraft:leather_chestplate	775
minecraft:item	minecraft:leather_helmet	774
minecraft:item	minecraft:leather_horse_armor	1019
minecraft:item	minecraft:leather_leggings	776
minecraft:item	minecraft:lectern	621
minecraft:item	minecraft:lever	623
minecraft:item	minecraft:light	396
minecraft:item	minecraft:light_blue_banner	1028
minecraft:item	minecraft:light_blue_bed	872
minecraft:item	minecraft:light_blue_candle	1129
minecraft:item	minecraft:light_blue_carpet	401
minecraft:item	minecraft:light_blue_concrete	510
minecraft:item	minecraft:light_blue_concrete_powder	526
minecraft:item	minecraft:light_blue_dye	852
minecraft:item	minecraft:light_blue_glazed_terracotta	494
minecraft:item	minecraft:light_blue_shulker_box	478
minecraft:item	minecraft:light_blue_stained_glass	426
minecraft:item	minecraft:light_blue_stained_glass_pane	442
minecraft:item	minecraft:light_blue_terracotta	382
minecraft:item	minecraft:light_blue_wool	170
minecraft:item	minecraft:light_gray_banner	1033
minecraft:item	minecraft:light_gray_bed	877
minecraft:item	minecraft:light_gray_candle	1134
minecraft:item	minecraft:light_gray_carpet	406
minecraft:item	minecraft:light_gray_concrete	515
minecraft:item	minecraft:light_gray_concrete_powder	531
minecraft:item	minecraft:light_gray_dye	857
minecraft:item	minecraft:light_gray_glazed_terracotta	499
minecraft:item	minecraft:light_gray_shulker_box	483
minecraft:item	minecraft:light_gray_stained_glass	431
minecraft:item	minecraft:light_gray_stained_glass_pane	447
minecraft:item	minecraft:light_gray_terracotta	387
minecraft:item	minecraft:light_gray_wool	175
minecraft:item	minecraft:light_weighted_pressure_plate	645
minecraft:item	minecraft:lightning_rod	624
minecraft:item	minecraft:lilac	418
minecraft:item	minecraft:lily_of_the_valley	194
minecraft:item	minecraft:lily_pad	320
minecraft:item	minecraft:lime_banner	1030
minecraft:item	minecraft:lime_bed	874
minecraft:item	minecraft:lime_candle	1131
minecraft:item	minecraft:lime_carpet	403
minecraft:item	minecraft:lime_concrete	512
minecraft:item	minecraft:lime_concrete_powder	528
minecraft:item	minecraft:lime_dye	854
minecraft:item	minecraft:lime_glazed_terracotta	496
minecraft:item	minecraft:lime_shulker_box	480
minecraft:item	minecraft:lime_stained_glass	428
minecraft:item	minecraft:lime_stained_glass_pane	444
minecraft:item	minecraft:lime_terracotta	384
minecraft:item	minecraft:lime_wool	172
minecraft:item	minecraft:lingering_potion	1051
minecraft:item	minecraft:llama_spawn_egg	939
minecraft:item	minecraft:lodestone	1110
minecraft:item	minecraft:loom	1080
minecraft:item	minecraft:magenta_banner	1027
minecraft:item	minecraft:magenta_bed	871
minecraft:item	minecraft:magenta_candle	1128
minecraft:item	minecraft:magenta_carpet	400
minecraft:item	minecraft:magenta_concrete	509
minecraft:item	minecraft:magenta_concrete_powder	525
minecraft:item	minecraft:magenta_dye	851
minecraft:item	minecraft:magenta_glazed_terracotta	493
minecraft:item	minecraft:magenta_shulker_box	477
minecraft:item	minecraft:magenta_stained_glass	425
minecraft:item	minecraft:magenta_stained_glass_pane	441
minecraft:item	minecraft:magenta_terracotta	381
minecraft:item	minecraft:magenta_wool	169
minecraft:item	minecraft:magma_block	468
minecraft:item	minecraft:magma_cream	907
minecraft:item	minecraft:magma_cube_spawn_egg	940
minecraft:item	minecraft:mangrove_boat	710
minecraft:item	minecraft:mangrove_button	640
minecraft:item	minecraft:mangrove_chest_boat	711
minecraft:item	minecraft:mangrove_door	663
minecraft:item	minecraft:mangrove_fence	274
minecraft:item	minecraft:mangrove_fence_gate	682
minecraft:item	minecraft:mangrove_leaves	148
minecraft:item	minecraft:mangrove_log	110
minecraft:item	minecraft:mangrove_planks	29
minecraft:item	minecraft:mangrove_pressure_plate	653
minecraft:item	minecraft:mangrove_propagule	38
minecraft:item	minecraft:mangrove_roots	111
minecraft:item	minecraft:mangrove_sign	810
minecraft:item	minecraft:mangrove_slab	220
minecraft:item	minecraft:mangrove_stairs	344
minecraft:item	minecraft:mangrove_trapdoor	673
minecraft:item	minecraft:mangrove_wood	139
minecraft:item	minecraft:map	994
minecraft:item	minecraft:medium_amethyst_bud	1143
minecraft:item	minecraft:melon	313
minecraft:item	minecraft:melon_seeds	891
minecraft:item	minecraft:melon_slice	888
minecraft:item	minecraft:milk_bucket	819
minecraft:item	minecraft:minecart	690
minecraft:item	minecraft:mojang_banner_pattern	1084
minecraft:item	minecraft:mooshroom_spawn_egg	941
minecraft:item	minecraft:moss_block	209
minecraft:item	minecraft:moss_carpet	208
minecraft:item	minecraft:mossy_cobblestone	246
minecraft:item	minecraft:mossy_cobblestone_slab	594
minecraft:item	minecraft:mossy_cobblestone_stairs	576
minecraft:item	minecraft:mossy_cobblestone_wall	350
minecraft:item	minecraft:mossy_stone_brick_slab	592
minecraft:item	minecraft:mossy_stone_brick_stairs	574
minecraft:item	minecraft:mossy_stone_brick_wall	354
minecraft:item	minecraft:mossy_stone_bricks	296
minecraft:item	minecraft:mud	19
minecraft:item	minecraft:mud_brick_slab	231
minecraft:item	minecraft:mud_brick_stairs	318
minecraft:item	minecraft:mud_brick_wall	357
minecraft:item	minecraft:mud_bricks	300
minecraft:item	minecraft:muddy_mangrove_roots	112
minecraft:item	minecraft:mule_spawn_egg	942
minecraft:item	minecraft:mushroom_stem	309
minecraft:item	minecraft:mushroom_stew	767
minecraft:item	minecraft:music_disc_11	1068
minecraft:item	minecraft:music_disc_13	1058
minecraft:item	minecraft:music_disc_5	1071
minecraft:item	minecraft:music_disc_blocks	1060
minecraft:item	minecraft:music_disc_cat	1059
minecraft:item	minecraft:music_disc_chirp	1061
minecraft:item	minecraft:music_disc_far	1062
minecraft:item	minecraft:music_disc_mall	1063
minecraft:item	minecraft:music_disc_mellohi	1064
minecraft:item	minecraft:music_disc_otherside	1070
minecraft:item	minecraft:music_disc_pigstep	1072
minecraft:item	minecraft:music_disc_stal	1065
minecraft:item	minecraft:music_disc_strad	1066
minecraft:item	minecraft:music_disc_wait	1069
minecraft:item	minecraft:music_disc_ward	1067
minecraft:item	minecraft:mutton	1023
minecraft:item	minecraft:mycelium	319
minecraft:item	minecraft:name_tag	1021
minecraft:item	minecraft:nautilus_shell	1076
minecraft:item	minecraft:nether_brick	1007
minecraft:item	minecraft:nether_brick_fence	324
minecraft:item	minecraft:nether_brick_slab	232
minecraft:item	minecraft:nether_brick_stairs	325
minecraft:item	minecraft:nether_brick_wall	358
minecraft:item	minecraft:nether_bricks	321
minecraft:item	minecraft:nether_gold_ore	59
minecraft:item	minecraft:nether_quartz_ore	60
minecraft:item	minecraft:nether_sprouts	203
minecraft:item	minecraft:nether_star	1002
minecraft:item	minecraft:nether_wart	901
minecraft:item	minecraft:nether_wart_block	469
minecraft:item	minecraft:netherite_axe	763
minecraft:item	minecraft:netherite_block	72
minecraft:item	minecraft:netherite_boots	797
minecraft:item	minecraft:netherite_chestplate	795
minecraft:item	minecraft:netherite_helmet	794
minecraft:item	minecraft:netherite_hoe	764
minecraft:item	minecraft:netherite_ingot	733
minecraft:item	minecraft:netherite_leggings	796
minecraft:item	minecraft:netherite_pickaxe	762
minecraft:item	minecraft:netherite_scrap	734
minecraft:item	minecraft:netherite_shovel	761
minecraft:item	minecraft:netherite_sword	760
minecraft:item	minecraft:netherrack	280
minecraft:item	minecraft:note_block	631
minecraft:item	minecraft:oak_boat	698
minecraft:item	minecraft:oak_button	634
minecraft:item	minecraft:oak_chest_boat	699
minecraft:item	minecraft:oak_door	657
minecraft:item	minecraft:oak_fence	268
minecraft:item	minecraft:oak_fence_gate	676
minecraft:item	minecraft:oak_leaves	142
minecraft:item	minecraft:oak_log	104
minecraft:item	minecraft:oak_planks	23
minecraft:item	minecraft:oak_pressure_plate	647
minecraft:item	minecraft:oak_sapling	32
minecraft:item	minecraft:oak_sign	804
minecraft:item	minecraft:oak_slab	214
minecraft:item	minecraft:oak_stairs	338
minecraft:item	minecraft:oak_trapdoor	667
minecraft:item	minecraft:oak_wood	133
minecraft:item	minecraft:observer	617
minecraft:item	minecraft:obsidian	247
minecraft:item	minecraft:ocelot_spawn_egg	943
minecraft:item	minecraft:ochre_froglight	1147
minecraft:item	minecraft:orange_banner	1026
minecraft:item	minecraft:orange_bed	870
minecraft:item	minecraft:orange_candle	1127
minecraft:item	minecraft:orange_carpet	399
minecraft:item	minecraft:orange_concrete	508
minecraft:item	minecraft:orange_concrete_powder	524
minecraft:item	minecraft:orange_dye	850
minecraft:item	minecraft:orange_glazed_terracotta	492
minecraft:item	minecraft:orange_shulker_box	476
minecraft:item	minecraft:orange_stained_glass	424
minecraft:item	minecraft:orange_stained_glass_pane	440
minecraft:item	minecraft:orange_terracotta	380
minecraft:item	minecraft:orange_tulip	189
minecraft:item	minecraft:orange_wool	168
minecraft:item	minecraft:oxeye_daisy	192
minecraft:item	minecraft:oxidized_copper	75
minecraft:item	minecraft:oxidized_cut_copper	79
minecraft:item	minecraft:oxidized_cut_copper_slab	87
minecraft:item	minecraft:oxidized_cut_copper_stairs	83
minecraft:item	minecraft:packed_ice	415
minecraft:item	minecraft:packed_mud	299
minecraft:item	minecraft:painting	801
minecraft:item	minecraft:panda_spawn_egg	944
minecraft:item	minecraft:paper	829
minecraft:item	minecraft:parrot_spawn_egg	945
minecraft:item	minecraft:pearlescent_froglight	1149
minecraft:item	minecraft:peony	420
minecraft:item	minecraft:petrified_oak_slab	227
minecraft:item	minecraft:phantom_membrane	1075
minecraft:item	minecraft:phantom_spawn_egg	946
minecraft:item	minecraft:pig_spawn_egg	947
minecraft:item	minecraft:piglin_banner_pattern	1086
minecraft:item	minecraft:piglin_brute_spawn_egg	949
minecraft:item	minecraft:piglin_spawn_egg	948
minecraft:item	minecraft:pillager_spawn_egg	950
minecraft:item	minecraft:pink_banner	1031
minecraft:item	minecraft:pink_bed	875
minecraft:item	minecraft:pink_candle	1132
minecraft:item	minecraft:pink_carpet	404
minecraft:item	minecraft:pink_concrete	513
minecraft:item	minecraft:pink_concrete_powder	529
minecraft:item	minecraft:pink_dye	855
minecraft:item	minecraft:pink_glazed_terracotta	497
minecraft:item	minecraft:pink_shulker_box	481
minecraft:item	minecraft:pink_stained_glass	429
minecraft:item	minecraft:pink_stained_glass_pane	445
minecraft:item	minecraft:pink_terracotta	385
minecraft:item	minecraft:pink_tulip	191
minecraft:item	minecraft:pink_wool	173
minecraft:item	minecraft:piston	613
minecraft:item	minecraft:player_head	998
minecraft:item	minecraft:podzol	17
minecraft:item	minecraft:pointed_dripstone	1146
minecraft:item	minecraft:poisonous_potato	993
minecraft:item	minecraft:polar_bear_spawn_egg	951
minecraft:item	minecraft:polished_andesite	7
minecraft:item	minecraft:polished_andesite_slab	601
minecraft:item	minecraft:polished_andesite_stairs	584
minecraft:item	minecraft:polished_basalt	284
minecraft:item	minecraft:polished_blackstone	1116
minecraft:item	minecraft:polished_blackstone_brick_slab	1121
minecraft:item	minecraft:polished_blackstone_brick_stairs	1122
minecraft:item	minecraft:polished_blackstone_brick_wall	366
minecraft:item	minecraft:polished_blackstone_bricks	1120
minecraft:item	minecraft:polished_blackstone_button	633
minecraft:item	minecraft:polished_blackstone_pressure_plate	644
minecraft:item	minecraft:polished_blackstone_slab	1117
minecraft:item	minecraft:polished_blackstone_stairs	1118
minecraft:item	minecraft:polished_blackstone_wall	365
minecraft:item	minecraft:polished_deepslate	10
minecraft:item	minecraft:polished_deepslate_slab	604
minecraft:item	minecraft:polished_deepslate_stairs	587
minecraft:item	minecraft:polished_deepslate_wall	368
minecraft:item	minecraft:polished_diorite	5
minecraft:item	minecraft:polished_diorite_slab	593
minecraft:item	minecraft:polished_diorite_stairs	575
minecraft:item	minecraft:polished_granite	3
minecraft:item	minecraft:polished_granite_slab	590
minecraft:item	minecraft:polished_granite_stairs	572
minecraft:item	minecraft:popped_chorus_fruit	1043
minecraft:item	minecraft:poppy	184
minecraft:item	minecraft:porkchop	799
minecraft:item	minecraft:potato	991
minecraft:item	minecraft:potion	902
minecraft:item	minecraft:powder_snow_bucket	816
minecraft:item	minecraft:powered_rail	685
minecraft:item	minecraft:prismarine	455
minecraft:item	minecraft:prismarine_brick_slab	238
minecraft:item	minecraft:prismarine_brick_stairs	459
minecraft:item	minecraft:prismarine_bricks	456
minecraft:item	minecraft:prismarine_crystals	1009
minecraft:item	minecraft:prismarine_shard	1008
minecraft:item	minecraft:prismarine_slab	237
minecraft:item	minecraft:prismarine_stairs	458
minecraft:item	minecraft:prismarine_wall	352
minecraft:item	minecraft:pufferfish	843
minecraft:item	minecraft:pufferfish_bucket	820
minecraft:item	minecraft:pufferfish_spawn_egg	952
minecraft:item	minecraft:pumpkin	277
minecraft:item	minecraft:pumpkin_pie	1003
minecraft:item	minecraft:pumpkin_seeds	890
minecraft:item	minecraft:purple_banner	1035
minecraft:item	minecraft:purple_bed	879
minecraft:item	minecraft:purple_candle	1136
minecraft:item	minecraft:purple_carpet	408
minecraft:item	minecraft:purple_concrete	517
minecraft:item	minecraft:purple_concrete_powder	533
minecraft:item	minecraft:purple_dye	859
minecraft:item	minecraft:purple_glazed_terracotta	501
minecraft:item	minecraft:purple_shulker_box	485
minecraft:item	minecraft:purple_stained_glass	433
minecraft:item	minecraft:purple_stained_glass_pane	449
minecraft:item	minecraft:purple_terracotta	389
minecraft:item	minecraft:purple_wool	177
minecraft:item	minecraft:purpur_block	252
minecraft:item	minecraft:purpur_pillar	253
minecraft:item	minecraft:purpur_slab	236
minecraft:item	minecraft:purpur_stairs	254
minecraft:item	minecraft:quartz	725
minecraft:item	minecraft:quartz_block	375
minecraft:item	minecraft:quartz_bricks	376
minecraft:item	minecraft:quartz_pillar	377
minecraft:item	minecraft:quartz_slab	233
minecraft:item	minecraft:quartz_stairs	378
minecraft:item	minecraft:rabbit	1010
minecraft:item	minecraft:rabbit_foot	1013
minecraft:item	minecraft:rabbit_hide	1014
minecraft:item	minecraft:rabbit_spawn_egg	953
minecraft:item	minecraft:rabbit_stew	1012
minecraft:item	minecraft:rail	687
minecraft:item	minecraft:ravager_spawn_egg	954
minecraft:item	minecraft:raw_copper	729
minecraft:item	minecraft:raw_copper_block	64
minecraft:item	minecraft:raw_gold	731
minecraft:item	minecraft:raw_gold_block	65
minecraft:item	minecraft:raw_iron	727
minecraft:item	minecraft:raw_iron_block	63
minecraft:item	minecraft:recovery_compass	834
minecraft:item	minecraft:red_banner	1039
minecraft:item	minecraft:red_bed	883
minecraft:item	minecraft:red_candle	1140
minecraft:item	minecraft:red_carpet	412
minecraft:item	minecraft:red_concrete	521
minecraft:item	minecraft:red_concrete_powder	537
minecraft:item	minecraft:red_dye	863
minecraft:item	minecraft:red_glazed_terracotta	505
minecraft:item	minecraft:red_mushroom	198
minecraft:item	minecraft:red_mushroom_block	308
minecraft:item	minecraft:red_nether_brick_slab	600
minecraft:item	minecraft:red_nether_brick_stairs	583
minecraft:item	minecraft:red_nether_brick_wall	360
minecraft:item	minecraft:red_nether_bricks	471
minecraft:item	minecraft:red_sand	41
minecraft:item	minecraft:red_sandstone	462
minecraft:item	minecraft:red_sandstone_slab	234
minecraft:item	minecraft:red_sandstone_stairs	465
minecraft:item	minecraft:red_sandstone_wall	353
minecraft:item	minecraft:red_shulker_box	489
minecraft:item	minecraft:red_stained_glass	437
minecraft:item	minecraft:red_stained_glass_pane	453
minecraft:item	minecraft:red_terracotta	393
minecraft:item	minecraft:red_tulip	188
minecraft:item	minecraft:red_wool	181
minecraft:item	minecraft:redstone	608
minecraft:item	minecraft:redstone_block	610
minecraft:item	minecraft:redstone_lamp	630
minecraft:item	minecraft:redstone_ore	51
minecraft:item	minecraft:redstone_torch	609
minecraft:item	minecraft:reinforced_deepslate	306
minecraft:item	minecraft:repeater	611
minecraft:item	minecraft:repeating_command_block	466
minecraft:item	minecraft:respawn_anchor	1124
minecraft:item	minecraft:rooted_dirt	18
minecraft:item	minecraft:rose_bush	419
minecraft:item	minecraft:rotten_flesh	896
minecraft:item	minecraft:saddle	689
minecraft:item	minecraft:salmon	841
minecraft:item	minecraft:salmon_bucket	821
minecraft:item	minecraft:salmon_spawn_egg	955
minecraft:item	minecraft:sand	40
minecraft:item	minecraft:sandstone	156
minecraft:item	minecraft:sandstone_slab	225
minecraft:item	minecraft:sandstone_stairs	335
minecraft:item	minecraft:sandstone_wall	361
minecraft:item	minecraft:scaffolding	607
minecraft:item	minecraft:sculk	326
minecraft:item	minecraft:sculk_catalyst	328
minecraft:item	minecraft:sculk_sensor	626
minecraft:item	minecraft:sculk_shrieker	329
minecraft:item	minecraft:sculk_vein	327
minecraft:item	minecraft:scute	715
minecraft:item	minecraft:sea_lantern	461
minecraft:item	minecraft:sea_pickle	166
minecraft:item	minecraft:seagrass	165
minecraft:item	minecraft:shears	887
minecraft:item	minecraft:sheep_spawn_egg	956
minecraft:item	minecraft:shield	1052
minecraft:item	minecraft:shroomlight	1104
minecraft:item	minecraft:shulker_box	474
minecraft:item	minecraft:shulker_shell	1054
minecraft:item	minecraft:shulker_spawn_egg	957
minecraft:item	minecraft:silverfish_spawn_egg	958
minecraft:item	minecraft:skeleton_horse_spawn_egg	960
minecraft:item	minecraft:skeleton_skull	996
minecraft:item	minecraft:skeleton_spawn_egg	959
minecraft:item	minecraft:skull_banner_pattern	1083
minecraft:item	minecraft:slime_ball	831
minecraft:item	minecraft:slime_block	615
minecraft:item	minecraft:slime_spawn_egg	961
minecraft:item	minecraft:small_amethyst_bud	1142
minecraft:item	minecraft:small_dripleaf	212
minecraft:item	minecraft:smithing_table	1095
minecraft:item	minecraft:smoker	1090
minecraft:item	minecraft:smooth_basalt	285
minecraft:item	minecraft:smooth_quartz	240
minecraft:item	minecraft:smooth_quartz_slab	597
minecraft:item	minecraft:smooth_quartz_stairs	580
minecraft:item	minecraft:smooth_red_sandstone	241
minecraft:item	minecraft:smooth_red_sandstone_slab	591
minecraft:item	minecraft:smooth_red_sandstone_stairs	573
minecraft:item	minecraft:smooth_sandstone	242
minecraft:item	minecraft:smooth_sandstone_slab	596
minecraft:item	minecraft:smooth_sandstone_stairs	579
minecraft:item	minecraft:smooth_stone	243
minecraft:item	minecraft:smooth_stone_slab	224
minecraft:item	minecraft:snow	262
minecraft:item	minecraft:snow_block	264
minecraft:item	minecraft:snowball	817
minecraft:item	minecraft:soul_campfire	1103
minecraft:item	minecraft:soul_lantern	1099
minecraft:item	minecraft:soul_sand	281
minecraft:item	minecraft:soul_soil	282
minecraft:item	minecraft:soul_torch	286
minecraft:item	minecraft:spawner	255
minecraft:item	minecraft:spectral_arrow	1049
minecraft:item	minecraft:spider_eye	904
minecraft:item	minecraft:spider_spawn_egg	962
minecraft:item	minecraft:splash_potion	1048
minecraft:item	minecraft:sponge	151
minecraft:item	minecraft:spore_blossom	196
minecraft:item	minecraft:spruce_boat	700
minecraft:item	minecraft:spruce_button	635
minecraft:item	minecraft:spruce_chest_boat	701
minecraft:item	minecraft:spruce_door	658
minecraft:item	minecraft:spruce_fence	269
minecraft:item	minecraft:spruce_fence_gate	677
minecraft:item	minecraft:spruce_leaves	143
minecraft:item	minecraft:spruce_log	105
minecraft:item	minecraft:spruce_planks	24
minecraft:item	minecraft:spruce_pressure_plate	648
minecraft:item	minecraft:spruce_sapling	33
minecraft:item	minecraft:spruce_sign	805
minecraft:item	minecraft:spruce_slab	215
minecraft:item	minecraft:spruce_stairs	339
minecraft:item	minecraft:spruce_trapdoor	668
minecraft:item	minecraft:spruce_wood	134
minecraft:item	minecraft:spyglass	838
minecraft:item	minecraft:squid_spawn_egg	963
minecraft:item	minecraft:stick	765
minecraft:item	minecraft:sticky_piston	614
minecraft:item	minecraft:stone	1
minecraft:item	minecraft:stone_axe	743
minecraft:item	minecraft:stone_brick_slab	230
minecraft:item	minecraft:stone_brick_stairs	317
minecraft:item	minecraft:stone_brick_wall	356
minecraft:item	minecraft:stone_bricks	295
minecraft:item	minecraft:stone_button	632
minecraft:item	minecraft:stone_hoe	744
minecraft:item	minecraft:stone_pickaxe	742
minecraft:item	minecraft:stone_pressure_plate	643
minecraft:item	minecraft:stone_shovel	741
minecraft:item	minecraft:stone_slab	223
minecraft:item	minecraft:stone_stairs	578
minecraft:item	minecraft:stone_sword	740
minecraft:item	minecraft:stonecutter	1096
minecraft:item	minecraft:stray_spawn_egg	964
minecraft:item	minecraft:strider_spawn_egg	965
minecraft:item	minecraft:string	768
minecraft:item	minecraft:stripped_acacia_log	119
minecraft:item	minecraft:stripped_acacia_wood	128
minecraft:item	minecraft:stripped_birch_log	117
minecraft:item	minecraft:stripped_birch_wood	126
minecraft:item	minecraft:stripped_crimson_hyphae	131
minecraft:item	minecraft:stripped_crimson_stem	122
minecraft:item	minecraft:stripped_dark_oak_log	120
minecraft:item	minecraft:stripped_dark_oak_wood	129
minecraft:item	minecraft:stripped_jungle_log	118
minecraft:item	minecraft:stripped_jungle_wood	127
minecraft:item	minecraft:stripped_mangrove_log	121
minecraft:item	minecraft:stripped_mangrove_wood	130
minecraft:item	minecraft:stripped_oak_log	115
minecraft:item	minecraft:stripped_oak_wood	124
minecraft:item	minecraft:stripped_spruce_log	116
minecraft:item	minecraft:stripped_spruce_wood	125
minecraft:item	minecraft:stripped_warped_hyphae	132
minecraft:item	minecraft:stripped_warped_stem	123
minecraft:item	minecraft:structure_block	712
minecraft:item	minecraft:structure_void	473
minecraft:item	minecraft:sugar	867
minecraft:item	minecraft:sugar_cane	206
minecraft:item	minecraft:sunflower	417
minecraft:item	minecraft:suspicious_stew	1079
minecraft:item	minecraft:sweet_berries	1100
minecraft:item	minecraft:tadpole_bucket	825
minecraft:item	minecraft:tadpole_spawn_egg	966
minecraft:item	minecraft:tall_grass	421
minecraft:item	minecraft:target	622
minecraft:item	minecraft:terracotta	414
minecraft:item	minecraft:tinted_glass	154
minecraft:item	minecraft:tipped_arrow	1050
minecraft:item	minecraft:tnt	629
minecraft:item	minecraft:tnt_minecart	693
minecraft:item	minecraft:torch	248
minecraft:item	minecraft:totem_of_undying	1053
minecraft:item	minecraft:trader_llama_spawn_egg	967
minecraft:item	minecraft:trapped_chest	628
minecraft:item	minecraft:trident	1074
minecraft:item	minecraft:tripwire_hook	627
minecraft:item	minecraft:tropical_fish	842
minecraft:item	minecraft:tropical_fish_bucket	823
minecraft:item	minecraft:tropical_fish_spawn_egg	968
minecraft:item	minecraft:tube_coral	550
minecraft:item	minecraft:tube_coral_block	545
minecraft:item	minecraft:tube_coral_fan	560
minecraft:item	minecraft:tuff	12
minecraft:item	minecraft:turtle_egg	539
minecraft:item	minecraft:turtle_helmet	714
minecraft:item	minecraft:turtle_spawn_egg	969
minecraft:item	minecraft:twisting_vines	205
minecraft:item	minecraft:verdant_froglight	1148
minecraft:item	minecraft:vex_spawn_egg	970
minecraft:item	minecraft:villager_spawn_egg	971
minecraft:item	minecraft:vindicator_spawn_egg	972
minecraft:item	minecraft:vine	314
minecraft:item	minecraft:wandering_trader_spawn_egg	973
minecraft:item	minecraft:warden_spawn_egg	974
minecraft:item	minecraft:warped_button	642
minecraft:item	minecraft:warped_door	665
minecraft:item	minecraft:warped_fence	276
minecraft:item	minecraft:warped_fence_gate	684
minecraft:item	minecraft:warped_fungus	200
minecraft:item	minecraft:warped_fungus_on_a_stick	696
minecraft:item	minecraft:warped_hyphae	141
minecraft:item	minecraft:warped_nylium	21
minecraft:item	minecraft:warped_planks	31
minecraft:item	minecraft:warped_pressure_plate	655
minecraft:item	minecraft:warped_roots	202
minecraft:item	minecraft:warped_sign	812
minecraft:item	minecraft:warped_slab	222
minecraft:item	minecraft:warped_stairs	346
minecraft:item	minecraft:warped_stem	114
minecraft:item	minecraft:warped_trapdoor	675
minecraft:item	minecraft:warped_wart_block	470
minecraft:item	minecraft:water_bucket	814
minecraft:item	minecraft:waxed_copper_block	88
minecraft:item	minecraft:waxed_cut_copper	92
minecraft:item	minecraft:waxed_cut_copper_slab	100
minecraft:item	minecraft:waxed_cut_copper_stairs	96
minecraft:item	minecraft:waxed_exposed_copper	89
minecraft:item	minecraft:waxed_exposed_cut_copper	93
minecraft:item	minecraft:waxed_exposed_cut_copper_slab	101
minecraft:item	minecraft:waxed_exposed_cut_copper_stairs	97
minecraft:item	minecraft:waxed_oxidized_copper	91
minecraft:item	minecraft:waxed_oxidized_cut_copper	95
minecraft:item	minecraft:waxed_oxidized_cut_copper_slab	103
minecraft:item	minecraft:waxed_oxidized_cut_copper_stairs	99
minecraft:item	minecraft:waxed_weathered_copper	90
minecraft:item	minecraft:waxed_weathered_cut_copper	94
minecraft:item	minecraft:waxed_weathered_cut_copper_slab	102
minecraft:item	minecraft:waxed_weathered_cut_copper_stairs	98
minecraft:item	minecraft:weathered_copper	74
minecraft:item	minecraft:weathered_cut_copper	78
minecraft:item	minecraft:weathered_cut_copper_slab	86
minecraft:item	minecraft:weathered_cut_copper_stairs	82
minecraft:item	minecraft:weeping_vines	204
minecraft:item	minecraft:wet_sponge	152
minecraft:item	minecraft:wheat	772
minecraft:item	minecraft:wheat_seeds	771
minecraft:item	minecraft:white_banner	1025
minecraft:item	minecraft:white_bed	869
minecraft:item	minecraft:white_candle	1126
minecraft:item	minecraft:white_carpet	398
minecraft:item	minecraft:white_concrete	507
minecraft:item	minecraft:white_concrete_powder	523
minecraft:item	minecraft:white_dye	849
minecraft:item	minecraft:white_glazed_terracotta	491
minecraft:item	minecraft:white_shulker_box	475
minecraft:item	minecraft:white_stained_glass	423
minecraft:item	minecraft:white_stained_glass_pane	439
minecraft:item	minecraft:white_terracotta	379
minecraft:item	minecraft:white_tulip	190
minecraft:item	minecraft:white_wool	167
minecraft:item	minecraft:witch_spawn_egg	975
minecraft:item	minecraft:wither_rose	195
minecraft:item	minecraft:wither_skeleton_skull	997
minecraft:item	minecraft:wither_skeleton_spawn_egg	976
minecraft:item	minecraft:wolf_spawn_egg	977
minecraft:item	minecraft:wooden_axe	738
minecraft:item	minecraft:wooden_hoe	739
minecraft:item	minecraft:wooden_pickaxe	737
minecraft:item	minecraft:wooden_shovel	736
minecraft:item	minecraft:wooden_sword	735
minecraft:item	minecraft:writable_book	985
minecraft:item	minecraft:written_book	986
minecraft:item	minecraft:yellow_banner	1029
minecraft:item	minecraft:yellow_bed	873
minecraft:item	minecraft:yellow_candle	1130
minecraft:item	minecraft:yellow_carpet	402
minecraft:item	minecraft:yellow_concrete	511
minecraft:item	minecraft:yellow_concrete_powder	527
minecraft:item	minecraft:yellow_dye	853
minecraft:item	minecraft:yellow_glazed_terracotta	495
minecraft:item	minecraft:yellow_shulker_box	479
minecraft:item	minecraft:yellow_stained_glass	427
minecraft:item	minecraft:yellow_stained_glass_pane	443
minecraft:item	minecraft:yellow_terracotta	383
minecraft:item	minecraft:yellow_wool	171
minecraft:item	minecraft:zoglin_spawn_egg	978
minecraft:item	minecraft:zombie_head	999
minecraft:item	minecraft:zombie_horse_spawn_egg	980
minecraft:item	minecraft:zombie_spawn_egg	979
minecraft:item	minecraft:zombie_villager_spawn_egg	981
minecraft:item	minecraft:zombified_piglin_spawn_egg	982
minecraft:loot_condition_type	minecraft:alternative	1
minecraft:loot_condition_type	minecraft:block_state_property	7
minecraft:loot_condition_type	minecraft:damage_source_properties	11
minecraft:loot_condition_type	minecraft:entity_properties	4
minecraft:loot_condition_type	minecraft:entity_scores	6
minecraft:loot_condition_type	minecraft:inverted	0
minecraft:loot_condition_type	minecraft:killed_by_player	5
minecraft:loot_condition_type	minecraft:location_check	12
minecraft:loot_condition_type	minecraft:match_tool	8
minecraft:loot_condition_type	minecraft:random_chance	2
minecraft:loot_condition_type	minecraft:random_chance_with_looting	3
minecraft:loot_condition_type	minecraft:reference	14
minecraft:loot_condition_type	minecraft:survives_explosion	10
minecraft:loot_condition_type	minecraft:table_bonus	9
minecraft:loot_condition_type	minecraft:time_check	15
minecraft:loot_condition_type	minecraft:value_check	16
minecraft:loot_condition_type	minecraft:weather_check	13
minecraft:loot_function_type	minecraft:apply_bonus	15
minecraft:loot_function_type	minecraft:copy_name	12
minecraft:loot_function_type	minecraft:copy_nbt	20
minecraft:loot_function_type	minecraft:copy_state	21
minecraft:loot_function_type	minecraft:enchant_randomly	2
minecraft:loot_function_type	minecraft:enchant_with_levels	1
minecraft:loot_function_type	minecraft:exploration_map	10
minecraft:loot_function_type	minecraft:explosion_decay	17
minecraft:loot_function_type	minecraft:fill_player_head	19
minecraft:loot_function_type	minecraft:furnace_smelt	5
minecraft:loot_function_type	minecraft:limit_count	14
minecraft:loot_function_type	minecraft:looting_enchant	6
minecraft:loot_function_type	minecraft:set_attributes	8
minecraft:loot_function_type	minecraft:set_banner_pattern	22
minecraft:loot_function_type	minecraft:set_contents	13
minecraft:loot_function_type	minecraft:set_count	0
minecraft:loot_function_type	minecraft:set_damage	7
minecraft:loot_function_type	minecraft:set_enchantments	3
minecraft:loot_function_type	minecraft:set_instrument	24
minecraft:loot_function_type	minecraft:set_loot_table	16
minecraft:loot_function_type	minecraft:set_lore	18
minecraft:loot_function_type	minecraft:set_name	9
minecraft:loot_function_type	minecraft:set_nbt	4
minecraft:loot_function_type	minecraft:set_potion	23
minecraft:loot_function_type	minecraft:set_stew_effect	11
minecraft:loot_nbt_provider_type	minecraft:context	1
minecraft:loot_nbt_provider_type	minecraft:storage	0
minecraft:loot_number_provider_type	minecraft:binomial	2
minecraft:loot_number_provider_type	minecraft:constant	0
minecraft:loot_number_provider_type	minecraft:score	3
minecraft:loot_number_provider_type	minecraft:uniform	1
minecraft:loot_pool_entry_type	minecraft:alternatives	5
minecraft:loot_pool_entry_type	minecraft:dynamic	3
minecraft:loot_pool_entry_type	minecraft:empty	0
minecraft:loot_pool_entry_type	minecraft:group	7
minecraft:loot_pool_entry_type	minecraft:item	1
minecraft:loot_pool_entry_type	minecraft:loot_table	2
minecraft:loot_pool_entry_type	minecraft:sequence	6
minecraft:loot_pool_entry_type	minecraft:tag	4
minecraft:loot_score_provider_type	minecraft:context	1
minecraft:loot_score_provider_type	minecraft:fixed	0
minecraft:memory_module_type	minecraft:admiring_disabled	56
minecraft:memory_module_type	minecraft:admiring_item	53
minecraft:memory_module_type	minecraft:angry_at	51
minecraft:memory_module_type	minecraft:ate_recently	71
minecraft:memory_module_type	minecraft:attack_cooling_down	15
minecraft:memory_module_type	minecraft:attack_target	14
minecraft:memory_module_type	minecraft:avoid_target	25
minecraft:memory_module_type	minecraft:breed_target	17
minecraft:memory_module_type	minecraft:cant_reach_walk_target_since	30
minecraft:memory_module_type	minecraft:celebrate_location	58
minecraft:memory_module_type	minecraft:dancing	59
minecraft:memory_module_type	minecraft:dig_cooldown	80
minecraft:memory_module_type	minecraft:disable_walk_to_admire_item	55
minecraft:memory_module_type	minecraft:disturbance_location	75
minecraft:memory_module_type	minecraft:doors_to_close	21
minecraft:memory_module_type	minecraft:dummy	0
minecraft:memory_module_type	minecraft:golem_detected_recently	31
minecraft:memory_module_type	minecraft:has_hunting_cooldown	44
minecraft:memory_module_type	minecraft:heard_bell_time	29
minecraft:memory_module_type	minecraft:hiding_place	28
minecraft:memory_module_type	minecraft:home	1
minecraft:memory_module_type	minecraft:hunted_recently	57
minecraft:memory_module_type	minecraft:hurt_by	23
minecraft:memory_module_type	minecraft:hurt_by_entity	24
minecraft:memory_module_type	minecraft:interactable_doors	20
minecraft:memory_module_type	minecraft:interaction_target	16
minecraft:memory_module_type	minecraft:is_emerging	78
minecraft:memory_module_type	minecraft:is_in_water	47
minecraft:memory_module_type	minecraft:is_panicking	49
minecraft:memory_module_type	minecraft:is_pregnant	48
minecraft:memory_module_type	minecraft:is_sniffing	77
minecraft:memory_module_type	minecraft:is_tempted	41
minecraft:memory_module_type	minecraft:item_pickup_cooldown_ticks	91
minecraft:memory_module_type	minecraft:job_site	2
minecraft:memory_module_type	minecraft:last_slept	32
minecraft:memory_module_type	minecraft:last_woken	33
minecraft:memory_module_type	minecraft:last_worked_at_poi	34
minecraft:memory_module_type	minecraft:liked_noteblock	89
minecraft:memory_module_type	minecraft:liked_noteblock_cooldown_ticks	90
minecraft:memory_module_type	minecraft:liked_player	88
minecraft:memory_module_type	minecraft:long_jump_cooling_down	42
minecraft:memory_module_type	minecraft:long_jump_mid_jump	43
minecraft:memory_module_type	minecraft:look_target	13
minecraft:memory_module_type	minecraft:meeting_point	4
minecraft:memory_module_type	minecraft:mobs	6
minecraft:memory_module_type	minecraft:nearby_adult_piglins	63
minecraft:memory_module_type	minecraft:nearest_attackable	27
minecraft:memory_module_type	minecraft:nearest_bed	22
minecraft:memory_module_type	minecraft:nearest_hostile	26
minecraft:memory_module_type	minecraft:nearest_player_holding_wanted_item	70
minecraft:memory_module_type	minecraft:nearest_players	9
minecraft:memory_module_type	minecraft:nearest_repellent	72
minecraft:memory_module_type	minecraft:nearest_targetable_player_not_wearing_gold	62
minecraft:memory_module_type	minecraft:nearest_visible_adult	35
minecraft:memory_module_type	minecraft:nearest_visible_adult_hoglins	65
minecraft:memory_module_type	minecraft:nearest_visible_adult_piglin	66
minecraft:memory_module_type	minecraft:nearest_visible_adult_piglins	64
minecraft:memory_module_type	minecraft:nearest_visible_baby_hoglin	61
minecraft:memory_module_type	minecraft:nearest_visible_huntable_hoglin	60
minecraft:memory_module_type	minecraft:nearest_visible_nemesis	37
minecraft:memory_module_type	minecraft:nearest_visible_player	10
minecraft:memory_module_type	minecraft:nearest_visible_targetable_player	11
minecraft:memory_module_type	minecraft:nearest_visible_wanted_item	36
minecraft:memory_module_type	minecraft:nearest_visible_zombified	67
minecraft:memory_module_type	minecraft:pacified	73
minecraft:memory_module_type	minecraft:path	19
minecraft:memory_module_type	minecraft:play_dead_ticks	38
minecraft:memory_module_type	minecraft:potential_job_site	3
minecraft:memory_module_type	minecraft:ram_cooldown_ticks	45
minecraft:memory_module_type	minecraft:ram_target	46
minecraft:memory_module_type	minecraft:recent_projectile	76
minecraft:memory_module_type	minecraft:ride_target	18
minecraft:memory_module_type	minecraft:roar_sound_cooldown	81
minecraft:memory_module_type	minecraft:roar_sound_delay	79
minecraft:memory_module_type	minecraft:roar_target	74
minecraft:memory_module_type	minecraft:secondary_job_site	5
minecraft:memory_module_type	minecraft:sniff_cooldown	82
minecraft:memory_module_type	minecraft:sonic_boom_cooldown	85
minecraft:memory_module_type	minecraft:sonic_boom_sound_cooldown	86
minecraft:memory_module_type	minecraft:sonic_boom_sound_delay	87
minecraft:memory_module_type	minecraft:temptation_cooldown_ticks	40
minecraft:memory_module_type	minecraft:tempting_player	39
minecraft:memory_module_type	minecraft:time_trying_to_reach_admire_item	54
minecraft:memory_module_type	minecraft:touch_cooldown	83
minecraft:memory_module_type	minecraft:universal_anger	52
minecraft:memory_module_type	minecraft:unreachable_tongue_targets	50
minecraft:memory_module_type	minecraft:vibration_cooldown	84
minecraft:memory_module_type	minecraft:visible_adult_hoglin_count	69
minecraft:memory_module_type	minecraft:visible_adult_piglin_count	68
minecraft:memory_module_type	minecraft:visible_mobs	7
minecraft:memory_module_type	minecraft:visible_villager_babies	8
minecraft:memory_module_type	minecraft:walk_target	12
minecraft:menu	minecraft:anvil	7
minecraft:menu	minecraft:beacon	8
minecraft:menu	minecraft:blast_furnace	9
minecraft:menu	minecraft:brewing_stand	10
minecraft:menu	minecraft:cartography_table	22
minecraft:menu	minecraft:crafting	11
minecraft:menu	minecraft:enchantment	12
minecraft:menu	minecraft:furnace	13
minecraft:menu	minecraft:generic_3x3	6
minecraft:menu	minecraft:generic_9x1	0
minecraft:menu	minecraft:generic_9x2	1
minecraft:menu	minecraft:generic_9x3	2
minecraft:menu	minecraft:generic_9x4	3
minecraft:menu	minecraft:generic_9x5	4
minecraft:menu	minecraft:generic_9x6	5
minecraft:menu	minecraft:grindstone	14
minecraft:menu	minecraft:hopper	15
minecraft:menu	minecraft:lectern	16
minecraft:menu	minecraft:loom	17
minecraft:menu	minecraft:merchant	18
minecraft:menu	minecraft:shulker_box	19
minecraft:menu	minecraft:smithing	20
minecraft:menu	minecraft:smoker	21
minecraft:menu	minecraft:stonecutter	23
minecraft:mob_effect	minecraft:absorption	22
minecraft:mob_effect	minecraft:bad_omen	31
minecraft:mob_effect	minecraft:blindness	15
minecraft:mob_effect	minecraft:conduit_power	29
minecraft:mob_effect	minecraft:darkness	33
minecraft:mob_effect	minecraft:dolphins_grace	30
minecraft:mob_effect	minecraft:fire_resistance	12
minecraft:mob_effect	minecraft:glowing	24
minecraft:mob_effect	minecraft:haste	3
minecraft:mob_effect	minecraft:health_boost	21
minecraft:mob_effect	minecraft:hero_of_the_village	32
minecraft:mob_effect	minecraft:hunger	17
minecraft:mob_effect	minecraft:instant_damage	7
minecraft:mob_effect	minecraft:instant_health	6
minecraft:mob_effect	minecraft:invisibility	14
minecraft:mob_effect	minecraft:jump_boost	8
minecraft:mob_effect	minecraft:levitation	25
minecraft:mob_effect	minecraft:luck	26
minecraft:mob_effect	minecraft:mining_fatigue	4
minecraft:mob_effect	minecraft:nausea	9
minecraft:mob_effect	minecraft:night_vision	16
minecraft:mob_effect	minecraft:poison	19
minecraft:mob_effect	minecraft:regeneration	10
minecraft:mob_effect	minecraft:resistance	11
minecraft:mob_effect	minecraft:saturation	23
minecraft:mob_effect	minecraft:slow_falling	28
minecraft:mob_effect	minecraft:slowness	2
minecraft:mob_effect	minecraft:speed	1
minecraft:mob_effect	minecraft:strength	5
minecraft:mob_effect	minecraft:unluck	27
minecraft:mob_effect	minecraft:water_breathing	13
minecraft:mob_effect	minecraft:weakness	18
minecraft:mob_effect	minecraft:wither	20
minecraft:painting_variant	minecraft:alban	2
minecraft:painting_variant	minecraft:aztec	1
minecraft:painting_variant	minecraft:aztec2	3
minecraft:painting_variant	minecraft:bomb	4
minecraft:painting_variant	minecraft:burning_skull	23
minecraft:painting_variant	minecraft:bust	15
minecraft:painting_variant	minecraft:courbet	8
minecraft:painting_variant	minecraft:creebet	11
minecraft:painting_variant	minecraft:donkey_kong	29
minecraft:painting_variant	minecraft:earth	25
minecraft:painting_variant	minecraft:fighters	20
minecraft:painting_variant	minecraft:fire	28
minecraft:painting_variant	minecraft:graham	13
minecraft:painting_variant	minecraft:kebab	0
minecraft:painting_variant	minecraft:match	14
minecraft:painting_variant	minecraft:pigscene	22
minecraft:painting_variant	minecraft:plant	5
minecraft:painting_variant	minecraft:pointer	21
minecraft:painting_variant	minecraft:pool	7
minecraft:painting_variant	minecraft:sea	9
minecraft:painting_variant	minecraft:skeleton	24
minecraft:painting_variant	minecraft:skull_and_roses	18
minecraft:painting_variant	minecraft:stage	16
minecraft:painting_variant	minecraft:sunset	10
minecraft:painting_variant	minecraft:void	17
minecraft:painting_variant	minecraft:wanderer	12
minecraft:painting_variant	minecraft:wasteland	6
minecraft:painting_variant	minecraft:water	27
minecraft:painting_variant	minecraft:wind	26
minecraft:painting_variant	minecraft:wither	19
minecraft:particle_type	minecraft:ambient_entity_effect	0
minecraft:particle_type	minecraft:angry_villager	1
minecraft:particle_type	minecraft:ash	71
minecraft:particle_type	minecraft:block	2
minecraft:particle_type	minecraft:block_marker	3
minecraft:particle_type	minecraft:bubble	4
minecraft:particle_type	minecraft:bubble_column_up	61
minecraft:particle_type	minecraft:bubble_pop	59
minecraft:particle_type	minecraft:campfire_cosy_smoke	64
minecraft:particle_type	minecraft:campfire_signal_smoke	65
minecraft:particle_type	minecraft:cloud	5
minecraft:particle_type	minecraft:composter	36
minecraft:particle_type	minecraft:crimson_spore	72
minecraft:particle_type	minecraft:crit	6
minecraft:particle_type	minecraft:current_down	60
minecraft:particle_type	minecraft:damage_indicator	7
minecraft:particle_type	minecraft:dolphin	63
minecraft:particle_type	minecraft:dragon_breath	8
minecraft:particle_type	minecraft:dripping_dripstone_lava	82
minecraft:particle_type	minecraft:dripping_dripstone_water	84
minecraft:particle_type	minecraft:dripping_honey	66
minecraft:particle_type	minecraft:dripping_lava	9
minecraft:particle_type	minecraft:dripping_obsidian_tear	75
minecraft:particle_type	minecraft:dripping_water	12
minecraft:particle_type	minecraft:dust	14
minecraft:particle_type	minecraft:dust_color_transition	15
minecraft:particle_type	minecraft:effect	16
minecraft:particle_type	minecraft:elder_guardian	17
minecraft:particle_type	minecraft:electric_spark	90
minecraft:particle_type	minecraft:enchant	19
minecraft:particle_type	minecraft:enchanted_hit	18
minecraft:particle_type	minecraft:end_rod	20
minecraft:particle_type	minecraft:entity_effect	21
minecraft:particle_type	minecraft:explosion	23
minecraft:particle_type	minecraft:explosion_emitter	22
minecraft:particle_type	minecraft:falling_dripstone_lava	83
minecraft:particle_type	minecraft:falling_dripstone_water	85
minecraft:particle_type	minecraft:falling_dust	25
minecraft:particle_type	minecraft:falling_honey	67
minecraft:particle_type	minecraft:falling_lava	10
minecraft:particle_type	minecraft:falling_nectar	69
minecraft:particle_type	minecraft:falling_obsidian_tear	76
minecraft:particle_type	minecraft:falling_spore_blossom	70
minecraft:particle_type	minecraft:falling_water	13
minecraft:particle_type	minecraft:firework	26
minecraft:particle_type	minecraft:fishing	27
minecraft:particle_type	minecraft:flame	28
minecraft:particle_type	minecraft:flash	34
minecraft:particle_type	minecraft:glow	87
minecraft:particle_type	minecraft:glow_squid_ink	86
minecraft:particle_type	minecraft:happy_villager	35
minecraft:particle_type	minecraft:heart	37
minecraft:particle_type	minecraft:instant_effect	38
minecraft:particle_type	minecraft:item	39
minecraft:particle_type	minecraft:item_slime	41
minecraft:particle_type	minecraft:item_snowball	42
minecraft:particle_type	minecraft:landing_honey	68
minecraft:particle_type	minecraft:landing_lava	11
minecraft:particle_type	minecraft:landing_obsidian_tear	77
minecraft:particle_type	minecraft:large_smoke	43
minecraft:particle_type	minecraft:lava	44
minecraft:particle_type	minecraft:mycelium	45
minecraft:particle_type	minecraft:nautilus	62
minecraft:particle_type	minecraft:note	46
minecraft:particle_type	minecraft:poof	47
minecraft:particle_type	minecraft:portal	48
minecraft:particle_type	minecraft:rain	49
minecraft:particle_type	minecraft:reverse_portal	78
minecraft:particle_type	minecraft:scrape	91
minecraft:particle_type	minecraft:sculk_charge	30
minecraft:particle_type	minecraft:sculk_charge_pop	31
minecraft:particle_type	minecraft:sculk_soul	29
minecraft:particle_type	minecraft:shriek	92
minecraft:particle_type	minecraft:small_flame	80
minecraft:particle_type	minecraft:smoke	50
minecraft:particle_type	minecraft:sneeze	51
minecraft:particle_type	minecraft:snowflake	81
minecraft:particle_type	minecraft:sonic_boom	24
minecraft:particle_type	minecraft:soul	33
minecraft:particle_type	minecraft:soul_fire_flame	32
minecraft:particle_type	minecraft:spit	52
minecraft:particle_type	minecraft:splash	57
minecraft:particle_type	minecraft:spore_blossom_air	74
minecraft:particle_type	minecraft:squid_ink	53
minecraft:particle_type	minecraft:sweep_attack	54
minecraft:particle_type	minecraft:totem_of_undying	55
minecraft:particle_type	minecraft:underwater	56
minecraft:particle_type	minecraft:vibration	40
minecraft:particle_type	minecraft:warped_spore	73
minecraft:particle_type	minecraft:wax_off	89
minecraft:particle_type	minecraft:wax_on	88
minecraft:particle_type	minecraft:white_ash	79
minecraft:particle_type	minecraft:witch	58
minecraft:point_of_interest_type	minecraft:armorer	0
minecraft:point_of_interest_type	minecraft:bee_nest	16
minecraft:point_of_interest_type	minecraft:beehive	15
minecraft:point_of_interest_type	minecraft:butcher	1
minecraft:point_of_interest_type	minecraft:cartographer	2
minecraft:point_of_interest_type	minecraft:cleric	3
minecraft:point_of_interest_type	minecraft:farmer	4
minecraft:point_of_interest_type	minecraft:fisherman	5
minecraft:point_of_interest_type	minecraft:fletcher	6
minecraft:point_of_interest_type	minecraft:home	13
minecraft:point_of_interest_type	minecraft:leatherworker	7
minecraft:point_of_interest_type	minecraft:librarian	8
minecraft:point_of_interest_type	minecraft:lightning_rod	19
minecraft:point_of_interest_type	minecraft:lodestone	18
minecraft:point_of_interest_type	minecraft:mason	9
minecraft:point_of_interest_type	minecraft:meeting	14
minecraft:point_of_interest_type	minecraft:nether_portal	17
minecraft:point_of_interest_type	minecraft:shepherd	10
minecraft:point_of_interest_type	minecraft:toolsmith	11
minecraft:point_of_interest_type	minecraft:weaponsmith	12
minecraft:pos_rule_test	minecraft:always_true	0
minecraft:pos_rule_test	minecraft:axis_aligned_linear_pos	2
minecraft:pos_rule_test	minecraft:linear_pos	1
minecraft:position_source_type	minecraft:block	0
minecraft:position_source_type	minecraft:entity	1
minecraft:potion	minecraft:awkward	4
minecraft:potion	minecraft:empty	0
minecraft:potion	minecraft:fire_resistance	12
minecraft:potion	minecraft:harming	27
minecraft:potion	minecraft:healing	25
minecraft:potion	minecraft:invisibility	7
minecraft:potion	minecraft:leaping	9
minecraft:potion	minecraft:long_fire_resistance	13
minecraft:potion	minecraft:long_invisibility	8
minecraft:potion	minecraft:long_leaping	10
minecraft:potion	minecraft:long_night_vision	6
minecraft:potion	minecraft:long_poison	30
minecraft:potion	minecraft:long_regeneration	33
minecraft:potion	minecraft:long_slow_falling	42
minecraft:potion	minecraft:long_slowness	18
minecraft:potion	minecraft:long_strength	36
minecraft:potion	minecraft:long_swiftness	15
minecraft:potion	minecraft:long_turtle_master	21
minecraft:potion	minecraft:long_water_breathing	24
minecraft:potion	minecraft:long_weakness	39
minecraft:potion	minecraft:luck	40
minecraft:potion	minecraft:mundane	2
minecraft:potion	minecraft:night_vision	5
minecraft:potion	minecraft:poison	29
minecraft:potion	minecraft:regeneration	32
minecraft:potion	minecraft:slow_falling	41
minecraft:potion	minecraft:slowness	17
minecraft:potion	minecraft:strength	35
minecraft:potion	minecraft:strong_harming	28
minecraft:potion	minecraft:strong_healing	26
minecraft:potion	minecraft:strong_leaping	11
minecraft:potion	minecraft:strong_poison	31
minecraft:potion	minecraft:strong_regeneration	34
minecraft:potion	minecraft:strong_slowness	19
minecraft:potion	minecraft:strong_strength	37
minecraft:potion	minecraft:strong_swiftness	16
minecraft:potion	minecraft:strong_turtle_master	22
minecraft:potion	minecraft:swiftness	14
minecraft:potion	minecraft:thick	3
minecraft:potion	minecraft:turtle_master	20
minecraft:potion	minecraft:water	1
minecraft:potion	minecraft:water_breathing	23
minecraft:potion	minecraft:weakness	38
minecraft:recipe_serializer	minecraft:blasting	16
minecraft:recipe_serializer	minecraft:campfire_cooking	18
minecraft:recipe_serializer	minecraft:crafting_shaped	0
minecraft:recipe_serializer	minecraft:crafting_shapeless	1
minecraft:recipe_serializer	minecraft:crafting_special_armordye	2
minecraft:recipe_serializer	minecraft:crafting_special_bannerduplicate	10
minecraft:recipe_serializer	minecraft:crafting_special_bookcloning	3
minecraft:recipe_serializer	minecraft:crafting_special_firework_rocket	6
minecraft:recipe_serializer	minecraft:crafting_special_firework_star	7
minecraft:recipe_serializer	minecraft:crafting_special_firework_star_fade	8
minecraft:recipe_serializer	minecraft:crafting_special_mapcloning	4
minecraft:recipe_serializer	minecraft:crafting_special_mapextending	5
minecraft:recipe_serializer	minecraft:crafting_special_repairitem	14
minecraft:recipe_serializer	minecraft:crafting_special_shielddecoration	11
minecraft:recipe_serializer	minecraft:crafting_special_shulkerboxcoloring	12
minecraft:recipe_serializer	minecraft:crafting_special_suspiciousstew	13
minecraft:recipe_serializer	minecraft:crafting_special_tippedarrow	9
minecraft:recipe_serializer	minecraft:smelting	15
minecraft:recipe_serializer	minecraft:smithing	20
minecraft:recipe_serializer	minecraft:smoking	17
minecraft:recipe_serializer	minecraft:stonecutting	19
minecraft:recipe_type	minecraft:blasting	2
minecraft:recipe_type	minecraft:campfire_cooking	4
minecraft:recipe_type	minecraft:crafting	0
minecraft:recipe_type	minecraft:smelting	1
minecraft:recipe_type	minecraft:smithing	6
minecraft:recipe_type	minecraft:smoking	3
minecraft:recipe_type	minecraft:stonecutting	5
minecraft:rule_test	minecraft:always_true	0
minecraft:rule_test	minecraft:block_match	1
minecraft:rule_test	minecraft:blockstate_match	2
minecraft:rule_test	minecraft:random_block_match	4
minecraft:rule_test	minecraft:random_blockstate_match	5
minecraft:rule_test	minecraft:tag_match	3
minecraft:schedule	minecraft:empty	0
minecraft:schedule	minecraft:simple	1
minecraft:schedule	minecraft:villager_baby	2
minecraft:schedule	minecraft:villager_default	3
minecraft:sensor_type	minecraft:axolotl_attackables	14
minecraft:sensor_type	minecraft:axolotl_temptations	15
minecraft:sensor_type	minecraft:dummy	0
minecraft:sensor_type	minecraft:frog_attackables	18
minecraft:sensor_type	minecraft:frog_temptations	17
minecraft:sensor_type	minecraft:goat_temptations	16
minecraft:sensor_type	minecraft:golem_detected	9
minecraft:sensor_type	minecraft:hoglin_specific_sensor	12
minecraft:sensor_type	minecraft:hurt_by	5
minecraft:sensor_type	minecraft:is_in_water	19
minecraft:sensor_type	minecraft:nearest_adult	13
minecraft:sensor_type	minecraft:nearest_bed	4
minecraft:sensor_type	minecraft:nearest_items	1
minecraft:sensor_type	minecraft:nearest_living_entities	2
minecraft:sensor_type	minecraft:nearest_players	3
minecraft:sensor_type	minecraft:piglin_brute_specific_sensor	11
minecraft:sensor_type	minecraft:piglin_specific_sensor	10
minecraft:sensor_type	minecraft:secondary_pois	8
minecraft:sensor_type	minecraft:villager_babies	7
minecraft:sensor_type	minecraft:villager_hostiles	6
minecraft:sensor_type	minecraft:warden_entity_sensor	20
minecraft:sound_event	minecraft:ambient.basalt_deltas.additions	8
minecraft:sound_event	minecraft:ambient.basalt_deltas.loop	9
minecraft:sound_event	minecraft:ambient.basalt_deltas.mood	10
minecraft:sound_event	minecraft:ambient.cave	7
minecraft:sound_event	minecraft:ambient.crimson_forest.additions	11
minecraft:sound_event	minecraft:ambient.crimson_forest.loop	12
minecraft:sound_event	minecraft:ambient.crimson_forest.mood	13
minecraft:sound_event	minecraft:ambient.nether_wastes.additions	14
minecraft:sound_event	minecraft:ambient.nether_wastes.loop	15
minecraft:sound_event	minecraft:ambient.nether_wastes.mood	16
minecraft:sound_event	minecraft:ambient.soul_sand_valley.additions	17
minecraft:sound_event	minecraft:ambient.soul_sand_valley.loop	18
minecraft:sound_event	minecraft:ambient.soul_sand_valley.mood	19
minecraft:sound_event	minecraft:ambient.underwater.enter	23
minecraft:sound_event	minecraft:ambient.underwater.exit	24
minecraft:sound_event	minecraft:ambient.underwater.loop	25
minecraft:sound_event	minecraft:ambient.underwater.loop.additions	26
minecraft:sound_event	minecraft:ambient.underwater.loop.additions.rare	27
minecraft:sound_event	minecraft:ambient.underwater.loop.additions.ultra_rare	28
minecraft:sound_event	minecraft:ambient.warped_forest.additions	20
minecraft:sound_event	minecraft:ambient.warped_forest.loop	21
minecraft:sound_event	minecraft:ambient.warped_forest.mood	22
minecraft:sound_event	minecraft:block.amethyst_block.break	29
minecraft:sound_event	minecraft:block.amethyst_block.chime	30
minecraft:sound_event	minecraft:block.amethyst_block.fall	31
minecraft:sound_event	minecraft:block.amethyst_block.hit	32
minecraft:sound_event	minecraft:block.amethyst_block.place	33
minecraft:sound_event	minecraft:block.amethyst_block.step	34
minecraft:sound_event	minecraft:block.amethyst_cluster.break	35
minecraft:sound_event	minecraft:block.amethyst_cluster.fall	36
minecraft:sound_event	minecraft:block.amethyst_cluster.hit	37
minecraft:sound_event	minecraft:block.amethyst_cluster.place	38
minecraft:sound_event	minecraft:block.amethyst_cluster.step	39
minecraft:sound_event	minecraft:block.ancient_debris.break	40
minecraft:sound_event	minecraft:block.ancient_debris.fall	44
minecraft:sound_event	minecraft:block.ancient_debris.hit	43
minecraft:sound_event	minecraft:block.ancient_debris.place	42
minecraft:sound_event	minecraft:block.ancient_debris.step	41
minecraft:sound_event	minecraft:block.anvil.break	45
minecraft:sound_event	minecraft:block.anvil.destroy	46
minecraft:sound_event	minecraft:block.anvil.fall	47
minecraft:sound_event	minecraft:block.anvil.hit	48
minecraft:sound_event	minecraft:block.anvil.land	49
minecraft:sound_event	minecraft:block.anvil.place	50
minecraft:sound_event	minecraft:block.anvil.step	51
minecraft:sound_event	minecraft:block.anvil.use	52
minecraft:sound_event	minecraft:block.azalea.break	79
minecraft:sound_event	minecraft:block.azalea.fall	80
minecraft:sound_event	minecraft:block.azalea.hit	81
minecraft:sound_event	minecraft:block.azalea.place	82
minecraft:sound_event	minecraft:block.azalea.step	83
minecraft:sound_event	minecraft:block.azalea_leaves.break	84
minecraft:sound_event	minecraft:block.azalea_leaves.fall	85
minecraft:sound_event	minecraft:block.azalea_leaves.hit	86
minecraft:sound_event	minecraft:block.azalea_leaves.place	87
minecraft:sound_event	minecraft:block.azalea_leaves.step	88
minecraft:sound_event	minecraft:block.bamboo.break	89
minecraft:sound_event	minecraft:block.bamboo.fall	90
minecraft:sound_event	minecraft:block.bamboo.hit	91
minecraft:sound_event	minecraft:block.bamboo.place	92
minecraft:sound_event	minecraft:block.bamboo.step	93
minecraft:sound_event	minecraft:block.bamboo_sapling.break	94
minecraft:sound_event	minecraft:block.bamboo_sapling.hit	95
minecraft:sound_event	minecraft:block.bamboo_sapling.place	96
minecraft:sound_event	minecraft:block.barrel.close	97
minecraft:sound_event	minecraft:block.barrel.open	98
minecraft:sound_event	minecraft:block.basalt.break	99
minecraft:sound_event	minecraft:block.basalt.fall	103
minecraft:sound_event	minecraft:block.basalt.hit	102
minecraft:sound_event	minecraft:block.basalt.place	101
minecraft:sound_event	minecraft:block.basalt.step	100
minecraft:sound_event	minecraft:block.beacon.activate	109
minecraft:sound_event	minecraft:block.beacon.ambient	110
minecraft:sound_event	minecraft:block.beacon.deactivate	111
minecraft:sound_event	minecraft:block.beacon.power_select	112
minecraft:sound_event	minecraft:block.beehive.drip	119
minecraft:sound_event	minecraft:block.beehive.enter	120
minecraft:sound_event	minecraft:block.beehive.exit	121
minecraft:sound_event	minecraft:block.beehive.shear	122
minecraft:sound_event	minecraft:block.beehive.work	123
minecraft:sound_event	minecraft:block.bell.resonate	125
minecraft:sound_event	minecraft:block.bell.use	124
minecraft:sound_event	minecraft:block.big_dripleaf.break	126
minecraft:sound_event	minecraft:block.big_dripleaf.fall	127
minecraft:sound_event	minecraft:block.big_dripleaf.hit	128
minecraft:sound_event	minecraft:block.big_dripleaf.place	129
minecraft:sound_event	minecraft:block.big_dripleaf.step	130
minecraft:sound_event	minecraft:block.big_dripleaf.tilt_down	307
minecraft:sound_event	minecraft:block.big_dripleaf.tilt_up	308
minecraft:sound_event	minecraft:block.blastfurnace.fire_crackle	146
minecraft:sound_event	minecraft:block.bone_block.break	138
minecraft:sound_event	minecraft:block.bone_block.fall	139
minecraft:sound_event	minecraft:block.bone_block.hit	140
minecraft:sound_event	minecraft:block.bone_block.place	141
minecraft:sound_event	minecraft:block.bone_block.step	142
minecraft:sound_event	minecraft:block.brewing_stand.brew	150
minecraft:sound_event	minecraft:block.bubble_column.bubble_pop	151
minecraft:sound_event	minecraft:block.bubble_column.upwards_ambient	152
minecraft:sound_event	minecraft:block.bubble_column.upwards_inside	153
minecraft:sound_event	minecraft:block.bubble_column.whirlpool_ambient	154
minecraft:sound_event	minecraft:block.bubble_column.whirlpool_inside	155
minecraft:sound_event	minecraft:block.cake.add_candle	171
minecraft:sound_event	minecraft:block.calcite.break	172
minecraft:sound_event	minecraft:block.calcite.fall	176
minecraft:sound_event	minecraft:block.calcite.hit	175
minecraft:sound_event	minecraft:block.calcite.place	174
minecraft:sound_event	minecraft:block.calcite.step	173
minecraft:sound_event	minecraft:block.campfire.crackle	177
minecraft:sound_event	minecraft:block.candle.ambient	178
minecraft:sound_event	minecraft:block.candle.break	179
minecraft:sound_event	minecraft:block.candle.extinguish	180
minecraft:sound_event	minecraft:block.candle.fall	181
minecraft:sound_event	minecraft:block.candle.hit	182
minecraft:sound_event	minecraft:block.candle.place	183
minecraft:sound_event	minecraft:block.candle.step	184
minecraft:sound_event	minecraft:block.cave_vines.break	194
minecraft:sound_event	minecraft:block.cave_vines.fall	195
minecraft:sound_event	minecraft:block.cave_vines.hit	196
minecraft:sound_event	minecraft:block.cave_vines.pick_berries	199
minecraft:sound_event	minecraft:block.cave_vines.place	197
minecraft:sound_event	minecraft:block.cave_vines.step	198
minecraft:sound_event	minecraft:block.chain.break	200
minecraft:sound_event	minecraft:block.chain.fall	201
minecraft:sound_event	minecraft:block.chain.hit	202
minecraft:sound_event	minecraft:block.chain.place	203
minecraft:sound_event	minecraft:block.chain.step	204
minecraft:sound_event	minecraft:block.chest.close	205
minecraft:sound_event	minecraft:block.chest.locked	206
minecraft:sound_event	minecraft:block.chest.open	207
minecraft:sound_event	minecraft:block.chorus_flower.death	213
minecraft:sound_event	minecraft:block.chorus_flower.grow	214
minecraft:sound_event	minecraft:block.comparator.click	220
minecraft:sound_event	minecraft:block.composter.empty	221
minecraft:sound_event	minecraft:block.composter.fill	222
minecraft:sound_event	minecraft:block.composter.fill_success	223
minecraft:sound_event	minecraft:block.composter.ready	224
minecraft:sound_event	minecraft:block.conduit.activate	225
minecraft:sound_event	minecraft:block.conduit.ambient	226
minecraft:sound_event	minecraft:block.conduit.ambient.short	227
minecraft:sound_event	minecraft:block.conduit.attack.target	228
minecraft:sound_event	minecraft:block.conduit.deactivate	229
minecraft:sound_event	minecraft:block.copper.break	230
minecraft:sound_event	minecraft:block.copper.fall	234
minecraft:sound_event	minecraft:block.copper.hit	233
minecraft:sound_event	minecraft:block.copper.place	232
minecraft:sound_event	minecraft:block.copper.step	231
minecraft:sound_event	minecraft:block.coral_block.break	235
minecraft:sound_event	minecraft:block.coral_block.fall	236
minecraft:sound_event	minecraft:block.coral_block.hit	237
minecraft:sound_event	minecraft:block.coral_block.place	238
minecraft:sound_event	minecraft:block.coral_block.step	239
minecraft:sound_event	minecraft:block.crop.break	248
minecraft:sound_event	minecraft:block.deepslate.break	263
minecraft:sound_event	minecraft:block.deepslate.fall	264
minecraft:sound_event	minecraft:block.deepslate.hit	265
minecraft:sound_event	minecraft:block.deepslate.place	266
minecraft:sound_event	minecraft:block.deepslate.step	267
minecraft:sound_event	minecraft:block.deepslate_bricks.break	258
minecraft:sound_event	minecraft:block.deepslate_bricks.fall	259
minecraft:sound_event	minecraft:block.deepslate_bricks.hit	260
minecraft:sound_event	minecraft:block.deepslate_bricks.place	261
minecraft:sound_event	minecraft:block.deepslate_bricks.step	262
minecraft:sound_event	minecraft:block.deepslate_tiles.break	268
minecraft:sound_event	minecraft:block.deepslate_tiles.fall	269
minecraft:sound_event	minecraft:block.deepslate_tiles.hit	270
minecraft:sound_event	minecraft:block.deepslate_tiles.place	271
minecraft:sound_event	minecraft:block.deepslate_tiles.step	272
minecraft:sound_event	minecraft:block.dispenser.dispense	273
minecraft:sound_event	minecraft:block.dispenser.fail	274
minecraft:sound_event	minecraft:block.dispenser.launch	275
minecraft:sound_event	minecraft:block.dripstone_block.break	292
minecraft:sound_event	minecraft:block.dripstone_block.fall	296
minecraft:sound_event	minecraft:block.dripstone_block.hit	295
minecraft:sound_event	minecraft:block.dripstone_block.place	294
minecraft:sound_event	minecraft:block.dripstone_block.step	293
minecraft:sound_event	minecraft:block.enchantment_table.use	329
minecraft:sound_event	minecraft:block.end_gateway.spawn	352
minecraft:sound_event	minecraft:block.end_portal.spawn	354
minecraft:sound_event	minecraft:block.end_portal_frame.fill	353
minecraft:sound_event	minecraft:block.ender_chest.close	330
minecraft:sound_event	minecraft:block.ender_chest.open	331
minecraft:sound_event	minecraft:block.fence_gate.close	366
minecraft:sound_event	minecraft:block.fence_gate.open	367
minecraft:sound_event	minecraft:block.fire.ambient	377
minecraft:sound_event	minecraft:block.fire.extinguish	378
minecraft:sound_event	minecraft:block.flowering_azalea.break	384
minecraft:sound_event	minecraft:block.flowering_azalea.fall	385
minecraft:sound_event	minecraft:block.flowering_azalea.hit	386
minecraft:sound_event	minecraft:block.flowering_azalea.place	387
minecraft:sound_event	minecraft:block.flowering_azalea.step	388
minecraft:sound_event	minecraft:block.froglight.break	400
minecraft:sound_event	minecraft:block.froglight.fall	401
minecraft:sound_event	minecraft:block.froglight.hit	402
minecraft:sound_event	minecraft:block.froglight.place	403
minecraft:sound_event	minecraft:block.froglight.step	404
minecraft:sound_event	minecraft:block.frogspawn.break	406
minecraft:sound_event	minecraft:block.frogspawn.fall	407
minecraft:sound_event	minecraft:block.frogspawn.hatch	408
minecraft:sound_event	minecraft:block.frogspawn.hit	409
minecraft:sound_event	minecraft:block.frogspawn.place	410
minecraft:sound_event	minecraft:block.frogspawn.step	405
minecraft:sound_event	minecraft:block.fungus.break	743
minecraft:sound_event	minecraft:block.fungus.fall	747
minecraft:sound_event	minecraft:block.fungus.hit	746
minecraft:sound_event	minecraft:block.fungus.place	745
minecraft:sound_event	minecraft:block.fungus.step	744
minecraft:sound_event	minecraft:block.furnace.fire_crackle	424
minecraft:sound_event	minecraft:block.gilded_blackstone.break	442
minecraft:sound_event	minecraft:block.gilded_blackstone.fall	443
minecraft:sound_event	minecraft:block.gilded_blackstone.hit	444
minecraft:sound_event	minecraft:block.gilded_blackstone.place	445
minecraft:sound_event	minecraft:block.gilded_blackstone.step	446
minecraft:sound_event	minecraft:block.glass.break	447
minecraft:sound_event	minecraft:block.glass.fall	448
minecraft:sound_event	minecraft:block.glass.hit	449
minecraft:sound_event	minecraft:block.glass.place	450
minecraft:sound_event	minecraft:block.glass.step	451
minecraft:sound_event	minecraft:block.grass.break	482
minecraft:sound_event	minecraft:block.grass.fall	483
minecraft:sound_event	minecraft:block.grass.hit	484
minecraft:sound_event	minecraft:block.grass.place	485
minecraft:sound_event	minecraft:block.grass.step	486
minecraft:sound_event	minecraft:block.gravel.break	487
minecraft:sound_event	minecraft:block.gravel.fall	488
minecraft:sound_event	minecraft:block.gravel.hit	489
minecraft:sound_event	minecraft:block.gravel.place	490
minecraft:sound_event	minecraft:block.gravel.step	491
minecraft:sound_event	minecraft:block.grindstone.use	492
minecraft:sound_event	minecraft:block.growing_plant.crop	493
minecraft:sound_event	minecraft:block.hanging_roots.break	502
minecraft:sound_event	minecraft:block.hanging_roots.fall	503
minecraft:sound_event	minecraft:block.hanging_roots.hit	504
minecraft:sound_event	minecraft:block.hanging_roots.place	505
minecraft:sound_event	minecraft:block.hanging_roots.step	506
minecraft:sound_event	minecraft:block.honey_block.break	516
minecraft:sound_event	minecraft:block.honey_block.fall	517
minecraft:sound_event	minecraft:block.honey_block.hit	518
minecraft:sound_event	minecraft:block.honey_block.place	519
minecraft:sound_event	minecraft:block.honey_block.slide	520
minecraft:sound_event	minecraft:block.honey_block.step	521
minecraft:sound_event	minecraft:block.iron_door.close	564
minecraft:sound_event	minecraft:block.iron_door.open	565
minecraft:sound_event	minecraft:block.iron_trapdoor.close	572
minecraft:sound_event	minecraft:block.iron_trapdoor.open	573
minecraft:sound_event	minecraft:block.ladder.break	581
minecraft:sound_event	minecraft:block.ladder.fall	582
minecraft:sound_event	minecraft:block.ladder.hit	583
minecraft:sound_event	minecraft:block.ladder.place	584
minecraft:sound_event	minecraft:block.ladder.step	585
minecraft:sound_event	minecraft:block.lantern.break	586
minecraft:sound_event	minecraft:block.lantern.fall	587
minecraft:sound_event	minecraft:block.lantern.hit	588
minecraft:sound_event	minecraft:block.lantern.place	589
minecraft:sound_event	minecraft:block.lantern.step	590
minecraft:sound_event	minecraft:block.large_amethyst_bud.break	591
minecraft:sound_event	minecraft:block.large_amethyst_bud.place	592
minecraft:sound_event	minecraft:block.lava.ambient	593
minecraft:sound_event	minecraft:block.lava.extinguish	594
minecraft:sound_event	minecraft:block.lava.pop	595
minecraft:sound_event	minecraft:block.lever.click	598
minecraft:sound_event	minecraft:block.lily_pad.place	1210
minecraft:sound_event	minecraft:block.lodestone.break	612
minecraft:sound_event	minecraft:block.lodestone.fall	616
minecraft:sound_event	minecraft:block.lodestone.hit	615
minecraft:sound_event	minecraft:block.lodestone.place	614
minecraft:sound_event	minecraft:block.lodestone.step	613
minecraft:sound_event	minecraft:block.mangrove_roots.break	624
minecraft:sound_event	minecraft:block.mangrove_roots.fall	625
minecraft:sound_event	minecraft:block.mangrove_roots.hit	626
minecraft:sound_event	minecraft:block.mangrove_roots.place	627
minecraft:sound_event	minecraft:block.mangrove_roots.step	628
minecraft:sound_event	minecraft:block.medium_amethyst_bud.break	629
minecraft:sound_event	minecraft:block.medium_amethyst_bud.place	630
minecraft:sound_event	minecraft:block.metal.break	631
minecraft:sound_event	minecraft:block.metal.fall	632
minecraft:sound_event	minecraft:block.metal.hit	633
minecraft:sound_event	minecraft:block.metal.place	634
minecraft:sound_event	minecraft:block.metal.step	637
minecraft:sound_event	minecraft:block.metal_pressure_plate.click_off	635
minecraft:sound_event	minecraft:block.metal_pressure_plate.click_on	636
minecraft:sound_event	minecraft:block.moss.break	651
minecraft:sound_event	minecraft:block.moss.fall	652
minecraft:sound_event	minecraft:block.moss.hit	653
minecraft:sound_event	minecraft:block.moss.place	654
minecraft:sound_event	minecraft:block.moss.step	655
minecraft:sound_event	minecraft:block.moss_carpet.break	646
minecraft:sound_event	minecraft:block.moss_carpet.fall	647
minecraft:sound_event	minecraft:block.moss_carpet.hit	648
minecraft:sound_event	minecraft:block.moss_carpet.place	649
minecraft:sound_event	minecraft:block.moss_carpet.step	650
minecraft:sound_event	minecraft:block.mud.break	656
minecraft:sound_event	minecraft:block.mud.fall	657
minecraft:sound_event	minecraft:block.mud.hit	658
minecraft:sound_event	minecraft:block.mud.place	659
minecraft:sound_event	minecraft:block.mud.step	660
minecraft:sound_event	minecraft:block.mud_bricks.break	661
minecraft:sound_event	minecraft:block.mud_bricks.fall	662
minecraft:sound_event	minecraft:block.mud_bricks.hit	663
minecraft:sound_event	minecraft:block.mud_bricks.place	664
minecraft:sound_event	minecraft:block.mud_bricks.step	665
minecraft:sound_event	minecraft:block.muddy_mangrove_roots.break	666
minecraft:sound_event	minecraft:block.muddy_mangrove_roots.fall	667
minecraft:sound_event	minecraft:block.muddy_mangrove_roots.hit	668
minecraft:sound_event	minecraft:block.muddy_mangrove_roots.place	669
minecraft:sound_event	minecraft:block.muddy_mangrove_roots.step	670
minecraft:sound_event	minecraft:block.nether_bricks.break	716
minecraft:sound_event	minecraft:block.nether_bricks.fall	720
minecraft:sound_event	minecraft:block.nether_bricks.hit	719
minecraft:sound_event	minecraft:block.nether_bricks.place	718
minecraft:sound_event	minecraft:block.nether_bricks.step	717
minecraft:sound_event	minecraft:block.nether_gold_ore.break	933
minecraft:sound_event	minecraft:block.nether_gold_ore.fall	934
minecraft:sound_event	minecraft:block.nether_gold_ore.hit	935
minecraft:sound_event	minecraft:block.nether_gold_ore.place	936
minecraft:sound_event	minecraft:block.nether_gold_ore.step	937
minecraft:sound_event	minecraft:block.nether_ore.break	938
minecraft:sound_event	minecraft:block.nether_ore.fall	939
minecraft:sound_event	minecraft:block.nether_ore.hit	940
minecraft:sound_event	minecraft:block.nether_ore.place	941
minecraft:sound_event	minecraft:block.nether_ore.step	942
minecraft:sound_event	minecraft:block.nether_sprouts.break	738
minecraft:sound_event	minecraft:block.nether_sprouts.fall	742
minecraft:sound_event	minecraft:block.nether_sprouts.hit	741
minecraft:sound_event	minecraft:block.nether_sprouts.place	740
minecraft:sound_event	minecraft:block.nether_sprouts.step	739
minecraft:sound_event	minecraft:block.nether_wart.break	721
minecraft:sound_event	minecraft:block.netherite_block.break	758
minecraft:sound_event	minecraft:block.netherite_block.fall	762
minecraft:sound_event	minecraft:block.netherite_block.hit	761
minecraft:sound_event	minecraft:block.netherite_block.place	760
minecraft:sound_event	minecraft:block.netherite_block.step	759
minecraft:sound_event	minecraft:block.netherrack.break	763
minecraft:sound_event	minecraft:block.netherrack.fall	767
minecraft:sound_event	minecraft:block.netherrack.hit	766
minecraft:sound_event	minecraft:block.netherrack.place	765
minecraft:sound_event	minecraft:block.netherrack.step	764
minecraft:sound_event	minecraft:block.note_block.banjo	783
minecraft:sound_event	minecraft:block.note_block.basedrum	768
minecraft:sound_event	minecraft:block.note_block.bass	769
minecraft:sound_event	minecraft:block.note_block.bell	770
minecraft:sound_event	minecraft:block.note_block.bit	782
minecraft:sound_event	minecraft:block.note_block.chime	771
minecraft:sound_event	minecraft:block.note_block.cow_bell	780
minecraft:sound_event	minecraft:block.note_block.didgeridoo	781
minecraft:sound_event	minecraft:block.note_block.flute	772
minecraft:sound_event	minecraft:block.note_block.guitar	773
minecraft:sound_event	minecraft:block.note_block.harp	774
minecraft:sound_event	minecraft:block.note_block.hat	775
minecraft:sound_event	minecraft:block.note_block.iron_xylophone	779
minecraft:sound_event	minecraft:block.note_block.pling	776
minecraft:sound_event	minecraft:block.note_block.snare	777
minecraft:sound_event	minecraft:block.note_block.xylophone	778
minecraft:sound_event	minecraft:block.nylium.break	733
minecraft:sound_event	minecraft:block.nylium.fall	737
minecraft:sound_event	minecraft:block.nylium.hit	736
minecraft:sound_event	minecraft:block.nylium.place	735
minecraft:sound_event	minecraft:block.nylium.step	734
minecraft:sound_event	minecraft:block.packed_mud.break	723
minecraft:sound_event	minecraft:block.packed_mud.fall	724
minecraft:sound_event	minecraft:block.packed_mud.hit	725
minecraft:sound_event	minecraft:block.packed_mud.place	726
minecraft:sound_event	minecraft:block.packed_mud.step	727
minecraft:sound_event	minecraft:block.piston.contract	870
minecraft:sound_event	minecraft:block.piston.extend	871
minecraft:sound_event	minecraft:block.pointed_dripstone.break	297
minecraft:sound_event	minecraft:block.pointed_dripstone.drip_lava	303
minecraft:sound_event	minecraft:block.pointed_dripstone.drip_lava_into_cauldron	305
minecraft:sound_event	minecraft:block.pointed_dripstone.drip_water	304
minecraft:sound_event	minecraft:block.pointed_dripstone.drip_water_into_cauldron	306
minecraft:sound_event	minecraft:block.pointed_dripstone.fall	301
minecraft:sound_event	minecraft:block.pointed_dripstone.hit	300
minecraft:sound_event	minecraft:block.pointed_dripstone.land	302
minecraft:sound_event	minecraft:block.pointed_dripstone.place	299
minecraft:sound_event	minecraft:block.pointed_dripstone.step	298
minecraft:sound_event	minecraft:block.polished_deepslate.break	898
minecraft:sound_event	minecraft:block.polished_deepslate.fall	899
minecraft:sound_event	minecraft:block.polished_deepslate.hit	900
minecraft:sound_event	minecraft:block.polished_deepslate.place	901
minecraft:sound_event	minecraft:block.polished_deepslate.step	902
minecraft:sound_event	minecraft:block.portal.ambient	903
minecraft:sound_event	minecraft:block.portal.travel	904
minecraft:sound_event	minecraft:block.portal.trigger	905
minecraft:sound_event	minecraft:block.powder_snow.break	906
minecraft:sound_event	minecraft:block.powder_snow.fall	907
minecraft:sound_event	minecraft:block.powder_snow.hit	908
minecraft:sound_event	minecraft:block.powder_snow.place	909
minecraft:sound_event	minecraft:block.powder_snow.step	910
minecraft:sound_event	minecraft:block.pumpkin.carve	918
minecraft:sound_event	minecraft:block.redstone_torch.burnout	943
minecraft:sound_event	minecraft:block.respawn_anchor.ambient	944
minecraft:sound_event	minecraft:block.respawn_anchor.charge	945
minecraft:sound_event	minecraft:block.respawn_anchor.deplete	946
minecraft:sound_event	minecraft:block.respawn_anchor.set_spawn	947
minecraft:sound_event	minecraft:block.rooted_dirt.break	948
minecraft:sound_event	minecraft:block.rooted_dirt.fall	949
minecraft:sound_event	minecraft:block.rooted_dirt.hit	950
minecraft:sound_event	minecraft:block.rooted_dirt.place	951
minecraft:sound_event	minecraft:block.rooted_dirt.step	952
minecraft:sound_event	minecraft:block.roots.break	419
minecraft:sound_event	minecraft:block.roots.fall	423
minecraft:sound_event	minecraft:block.roots.hit	422
minecraft:sound_event	minecraft:block.roots.place	421
minecraft:sound_event	minecraft:block.roots.step	420
minecraft:sound_event	minecraft:block.sand.break	957
minecraft:sound_event	minecraft:block.sand.fall	958
minecraft:sound_event	minecraft:block.sand.hit	959
minecraft:sound_event	minecraft:block.sand.place	960
minecraft:sound_event	minecraft:block.sand.step	961
minecraft:sound_event	minecraft:block.scaffolding.break	962
minecraft:sound_event	minecraft:block.scaffolding.fall	963
minecraft:sound_event	minecraft:block.scaffolding.hit	964
minecraft:sound_event	minecraft:block.scaffolding.place	965
minecraft:sound_event	minecraft:block.scaffolding.step	966
minecraft:sound_event	minecraft:block.sculk.break	969
minecraft:sound_event	minecraft:block.sculk.charge	968
minecraft:sound_event	minecraft:block.sculk.fall	970
minecraft:sound_event	minecraft:block.sculk.hit	971
minecraft:sound_event	minecraft:block.sculk.place	972
minecraft:sound_event	minecraft:block.sculk.spread	967
minecraft:sound_event	minecraft:block.sculk.step	973
minecraft:sound_event	minecraft:block.sculk_catalyst.bloom	974
minecraft:sound_event	minecraft:block.sculk_catalyst.break	975
minecraft:sound_event	minecraft:block.sculk_catalyst.fall	976
minecraft:sound_event	minecraft:block.sculk_catalyst.hit	977
minecraft:sound_event	minecraft:block.sculk_catalyst.place	978
minecraft:sound_event	minecraft:block.sculk_catalyst.step	979
minecraft:sound_event	minecraft:block.sculk_sensor.break	982
minecraft:sound_event	minecraft:block.sculk_sensor.clicking	980
minecraft:sound_event	minecraft:block.sculk_sensor.clicking_stop	981
minecraft:sound_event	minecraft:block.sculk_sensor.fall	983
minecraft:sound_event	minecraft:block.sculk_sensor.hit	984
minecraft:sound_event	minecraft:block.sculk_sensor.place	985
minecraft:sound_event	minecraft:block.sculk_sensor.step	986
minecraft:sound_event	minecraft:block.sculk_shrieker.break	987
minecraft:sound_event	minecraft:block.sculk_shrieker.fall	988
minecraft:sound_event	minecraft:block.sculk_shrieker.hit	989
minecraft:sound_event	minecraft:block.sculk_shrieker.place	990
minecraft:sound_event	minecraft:block.sculk_shrieker.shriek	991
minecraft:sound_event	minecraft:block.sculk_shrieker.step	992
minecraft:sound_event	minecraft:block.sculk_vein.break	993
minecraft:sound_event	minecraft:block.sculk_vein.fall	994
minecraft:sound_event	minecraft:block.sculk_vein.hit	995
minecraft:sound_event	minecraft:block.sculk_vein.place	996
minecraft:sound_event	minecraft:block.sculk_vein.step	997
minecraft:sound_event	minecraft:block.shroomlight.break	1005
minecraft:sound_event	minecraft:block.shroomlight.fall	1009
minecraft:sound_event	minecraft:block.shroomlight.hit	1008
minecraft:sound_event	minecraft:block.shroomlight.place	1007
minecraft:sound_event	minecraft:block.shroomlight.step	1006
minecraft:sound_event	minecraft:block.shulker_box.close	1012
minecraft:sound_event	minecraft:block.shulker_box.open	1013
minecraft:sound_event	minecraft:block.slime_block.break	1046
minecraft:sound_event	minecraft:block.slime_block.fall	1047
minecraft:sound_event	minecraft:block.slime_block.hit	1048
minecraft:sound_event	minecraft:block.slime_block.place	1049
minecraft:sound_event	minecraft:block.slime_block.step	1050
minecraft:sound_event	minecraft:block.small_amethyst_bud.break	1051
minecraft:sound_event	minecraft:block.small_amethyst_bud.place	1052
minecraft:sound_event	minecraft:block.small_dripleaf.break	1053
minecraft:sound_event	minecraft:block.small_dripleaf.fall	1054
minecraft:sound_event	minecraft:block.small_dripleaf.hit	1055
minecraft:sound_event	minecraft:block.small_dripleaf.place	1056
minecraft:sound_event	minecraft:block.small_dripleaf.step	1057
minecraft:sound_event	minecraft:block.smithing_table.use	1087
minecraft:sound_event	minecraft:block.smoker.smoke	1088
minecraft:sound_event	minecraft:block.snow.break	1090
minecraft:sound_event	minecraft:block.snow.fall	1091
minecraft:sound_event	minecraft:block.snow.hit	1097
minecraft:sound_event	minecraft:block.snow.place	1098
minecraft:sound_event	minecraft:block.snow.step	1099
minecraft:sound_event	minecraft:block.soul_sand.break	1058
minecraft:sound_event	minecraft:block.soul_sand.fall	1062
minecraft:sound_event	minecraft:block.soul_sand.hit	1061
minecraft:sound_event	minecraft:block.soul_sand.place	1060
minecraft:sound_event	minecraft:block.soul_sand.step	1059
minecraft:sound_event	minecraft:block.soul_soil.break	1063
minecraft:sound_event	minecraft:block.soul_soil.fall	1067
minecraft:sound_event	minecraft:block.soul_soil.hit	1066
minecraft:sound_event	minecraft:block.soul_soil.place	1065
minecraft:sound_event	minecraft:block.soul_soil.step	1064
minecraft:sound_event	minecraft:block.spore_blossom.break	1069
minecraft:sound_event	minecraft:block.spore_blossom.fall	1070
minecraft:sound_event	minecraft:block.spore_blossom.hit	1071
minecraft:sound_event	minecraft:block.spore_blossom.place	1072
minecraft:sound_event	minecraft:block.spore_blossom.step	1073
minecraft:sound_event	minecraft:block.stem.break	728
minecraft:sound_event	minecraft:block.stem.fall	732
minecraft:sound_event	minecraft:block.stem.hit	731
minecraft:sound_event	minecraft:block.stem.place	730
minecraft:sound_event	minecraft:block.stem.step	729
minecraft:sound_event	minecraft:block.stone.break	1112
minecraft:sound_event	minecraft:block.stone.fall	1115
minecraft:sound_event	minecraft:block.stone.hit	1116
minecraft:sound_event	minecraft:block.stone.place	1117
minecraft:sound_event	minecraft:block.stone.step	1120
minecraft:sound_event	minecraft:block.stone_button.click_off	1113
minecraft:sound_event	minecraft:block.stone_button.click_on	1114
minecraft:sound_event	minecraft:block.stone_pressure_plate.click_off	1118
minecraft:sound_event	minecraft:block.stone_pressure_plate.click_on	1119
minecraft:sound_event	minecraft:block.sweet_berry_bush.break	1125
minecraft:sound_event	minecraft:block.sweet_berry_bush.pick_berries	1127
minecraft:sound_event	minecraft:block.sweet_berry_bush.place	1126
minecraft:sound_event	minecraft:block.tripwire.attach	1143
minecraft:sound_event	minecraft:block.tripwire.click_off	1144
minecraft:sound_event	minecraft:block.tripwire.click_on	1145
minecraft:sound_event	minecraft:block.tripwire.detach	1146
minecraft:sound_event	minecraft:block.tuff.break	1151
minecraft:sound_event	minecraft:block.tuff.fall	1155
minecraft:sound_event	minecraft:block.tuff.hit	1154
minecraft:sound_event	minecraft:block.tuff.place	1153
minecraft:sound_event	minecraft:block.tuff.step	1152
minecraft:sound_event	minecraft:block.vine.break	1205
minecraft:sound_event	minecraft:block.vine.fall	1206
minecraft:sound_event	minecraft:block.vine.hit	1207
minecraft:sound_event	minecraft:block.vine.place	1208
minecraft:sound_event	minecraft:block.vine.step	1209
minecraft:sound_event	minecraft:block.wart_block.break	753
minecraft:sound_event	minecraft:block.wart_block.fall	757
minecraft:sound_event	minecraft:block.wart_block.hit	756
minecraft:sound_event	minecraft:block.wart_block.place	755
minecraft:sound_event	minecraft:block.wart_block.step	754
minecraft:sound_event	minecraft:block.water.ambient	1241
minecraft:sound_event	minecraft:block.weeping_vines.break	748
minecraft:sound_event	minecraft:block.weeping_vines.fall	752
minecraft:sound_event	minecraft:block.weeping_vines.hit	751
minecraft:sound_event	minecraft:block.weeping_vines.place	750
minecraft:sound_event	minecraft:block.weeping_vines.step	749
minecraft:sound_event	minecraft:block.wet_grass.break	1244
minecraft:sound_event	minecraft:block.wet_grass.fall	1245
minecraft:sound_event	minecraft:block.wet_grass.hit	1246
minecraft:sound_event	minecraft:block.wet_grass.place	1247
minecraft:sound_event	minecraft:block.wet_grass.step	1248
minecraft:sound_event	minecraft:block.wood.break	1278
minecraft:sound_event	minecraft:block.wood.fall	1281
minecraft:sound_event	minecraft:block.wood.hit	1282
minecraft:sound_event	minecraft:block.wood.place	1283
minecraft:sound_event	minecraft:block.wood.step	1286
minecraft:sound_event	minecraft:block.wooden_button.click_off	1279
minecraft:sound_event	minecraft:block.wooden_button.click_on	1280
minecraft:sound_event	minecraft:block.wooden_door.close	1274
minecraft:sound_event	minecraft:block.wooden_door.open	1275
minecraft:sound_event	minecraft:block.wooden_pressure_plate.click_off	1284
minecraft:sound_event	minecraft:block.wooden_pressure_plate.click_on	1285
minecraft:sound_event	minecraft:block.wooden_trapdoor.close	1276
minecraft:sound_event	minecraft:block.wooden_trapdoor.open	1277
minecraft:sound_event	minecraft:block.wool.break	1287
minecraft:sound_event	minecraft:block.wool.fall	1288
minecraft:sound_event	minecraft:block.wool.hit	1289
minecraft:sound_event	minecraft:block.wool.place	1290
minecraft:sound_event	minecraft:block.wool.step	1291
minecraft:sound_event	minecraft:enchant.thorns.hit	1132
minecraft:sound_event	minecraft:entity.allay.ambient_with_item	0
minecraft:sound_event	minecraft:entity.allay.ambient_without_item	1
minecraft:sound_event	minecraft:entity.allay.death	2
minecraft:sound_event	minecraft:entity.allay.hurt	3
minecraft:sound_event	minecraft:entity.allay.item_given	4
minecraft:sound_event	minecraft:entity.allay.item_taken	5
minecraft:sound_event	minecraft:entity.allay.item_thrown	6
minecraft:sound_event	minecraft:entity.armor_stand.break	62
minecraft:sound_event	minecraft:entity.armor_stand.fall	63
minecraft:sound_event	minecraft:entity.armor_stand.hit	64
minecraft:sound_event	minecraft:entity.armor_stand.place	65
minecraft:sound_event	minecraft:entity.arrow.hit	66
minecraft:sound_event	minecraft:entity.arrow.hit_player	67
minecraft:sound_event	minecraft:entity.arrow.shoot	68
minecraft:sound_event	minecraft:entity.axolotl.attack	72
minecraft:sound_event	minecraft:entity.axolotl.death	73
minecraft:sound_event	minecraft:entity.axolotl.hurt	74
minecraft:sound_event	minecraft:entity.axolotl.idle_air	75
minecraft:sound_event	minecraft:entity.axolotl.idle_water	76
minecraft:sound_event	minecraft:entity.axolotl.splash	77
minecraft:sound_event	minecraft:entity.axolotl.swim	78
minecraft:sound_event	minecraft:entity.bat.ambient	104
minecraft:sound_event	minecraft:entity.bat.death	105
minecraft:sound_event	minecraft:entity.bat.hurt	106
minecraft:sound_event	minecraft:entity.bat.loop	107
minecraft:sound_event	minecraft:entity.bat.takeoff	108
minecraft:sound_event	minecraft:entity.bee.death	113
minecraft:sound_event	minecraft:entity.bee.hurt	114
minecraft:sound_event	minecraft:entity.bee.loop	116
minecraft:sound_event	minecraft:entity.bee.loop_aggressive	115
minecraft:sound_event	minecraft:entity.bee.pollinate	118
minecraft:sound_event	minecraft:entity.bee.sting	117
minecraft:sound_event	minecraft:entity.blaze.ambient	131
minecraft:sound_event	minecraft:entity.blaze.burn	132
minecraft:sound_event	minecraft:entity.blaze.death	133
minecraft:sound_event	minecraft:entity.blaze.hurt	134
minecraft:sound_event	minecraft:entity.blaze.shoot	135
minecraft:sound_event	minecraft:entity.boat.paddle_land	136
minecraft:sound_event	minecraft:entity.boat.paddle_water	137
minecraft:sound_event	minecraft:entity.cat.ambient	185
minecraft:sound_event	minecraft:entity.cat.beg_for_food	190
minecraft:sound_event	minecraft:entity.cat.death	187
minecraft:sound_event	minecraft:entity.cat.eat	188
minecraft:sound_event	minecraft:entity.cat.hiss	189
minecraft:sound_event	minecraft:entity.cat.hurt	191
minecraft:sound_event	minecraft:entity.cat.purr	192
minecraft:sound_event	minecraft:entity.cat.purreow	193
minecraft:sound_event	minecraft:entity.cat.stray_ambient	186
minecraft:sound_event	minecraft:entity.chicken.ambient	208
minecraft:sound_event	minecraft:entity.chicken.death	209
minecraft:sound_event	minecraft:entity.chicken.egg	210
minecraft:sound_event	minecraft:entity.chicken.hurt	211
minecraft:sound_event	minecraft:entity.chicken.step	212
minecraft:sound_event	minecraft:entity.cod.ambient	216
minecraft:sound_event	minecraft:entity.cod.death	217
minecraft:sound_event	minecraft:entity.cod.flop	218
minecraft:sound_event	minecraft:entity.cod.hurt	219
minecraft:sound_event	minecraft:entity.cow.ambient	240
minecraft:sound_event	minecraft:entity.cow.death	241
minecraft:sound_event	minecraft:entity.cow.hurt	242
minecraft:sound_event	minecraft:entity.cow.milk	243
minecraft:sound_event	minecraft:entity.cow.step	244
minecraft:sound_event	minecraft:entity.creeper.death	245
minecraft:sound_event	minecraft:entity.creeper.hurt	246
minecraft:sound_event	minecraft:entity.creeper.primed	247
minecraft:sound_event	minecraft:entity.dolphin.ambient	276
minecraft:sound_event	minecraft:entity.dolphin.ambient_water	277
minecraft:sound_event	minecraft:entity.dolphin.attack	278
minecraft:sound_event	minecraft:entity.dolphin.death	279
minecraft:sound_event	minecraft:entity.dolphin.eat	280
minecraft:sound_event	minecraft:entity.dolphin.hurt	281
minecraft:sound_event	minecraft:entity.dolphin.jump	282
minecraft:sound_event	minecraft:entity.dolphin.play	283
minecraft:sound_event	minecraft:entity.dolphin.splash	284
minecraft:sound_event	minecraft:entity.dolphin.swim	285
minecraft:sound_event	minecraft:entity.donkey.ambient	286
minecraft:sound_event	minecraft:entity.donkey.angry	287
minecraft:sound_event	minecraft:entity.donkey.chest	288
minecraft:sound_event	minecraft:entity.donkey.death	289
minecraft:sound_event	minecraft:entity.donkey.eat	290
minecraft:sound_event	minecraft:entity.donkey.hurt	291
minecraft:sound_event	minecraft:entity.dragon_fireball.explode	334
minecraft:sound_event	minecraft:entity.drowned.ambient	309
minecraft:sound_event	minecraft:entity.drowned.ambient_water	310
minecraft:sound_event	minecraft:entity.drowned.death	311
minecraft:sound_event	minecraft:entity.drowned.death_water	312
minecraft:sound_event	minecraft:entity.drowned.hurt	313
minecraft:sound_event	minecraft:entity.drowned.hurt_water	314
minecraft:sound_event	minecraft:entity.drowned.shoot	315
minecraft:sound_event	minecraft:entity.drowned.step	316
minecraft:sound_event	minecraft:entity.drowned.swim	317
minecraft:sound_event	minecraft:entity.egg.throw	319
minecraft:sound_event	minecraft:entity.elder_guardian.ambient	320
minecraft:sound_event	minecraft:entity.elder_guardian.ambient_land	321
minecraft:sound_event	minecraft:entity.elder_guardian.curse	322
minecraft:sound_event	minecraft:entity.elder_guardian.death	323
minecraft:sound_event	minecraft:entity.elder_guardian.death_land	324
minecraft:sound_event	minecraft:entity.elder_guardian.flop	325
minecraft:sound_event	minecraft:entity.elder_guardian.hurt	326
minecraft:sound_event	minecraft:entity.elder_guardian.hurt_land	327
minecraft:sound_event	minecraft:entity.ender_dragon.ambient	332
minecraft:sound_event	minecraft:entity.ender_dragon.death	333
minecraft:sound_event	minecraft:entity.ender_dragon.flap	335
minecraft:sound_event	minecraft:entity.ender_dragon.growl	336
minecraft:sound_event	minecraft:entity.ender_dragon.hurt	337
minecraft:sound_event	minecraft:entity.ender_dragon.shoot	338
minecraft:sound_event	minecraft:entity.ender_eye.death	339
minecraft:sound_event	minecraft:entity.ender_eye.launch	340
minecraft:sound_event	minecraft:entity.ender_pearl.throw	351
minecraft:sound_event	minecraft:entity.enderman.ambient	341
minecraft:sound_event	minecraft:entity.enderman.death	342
minecraft:sound_event	minecraft:entity.enderman.hurt	343
minecraft:sound_event	minecraft:entity.enderman.scream	344
minecraft:sound_event	minecraft:entity.enderman.stare	345
minecraft:sound_event	minecraft:entity.enderman.teleport	346
minecraft:sound_event	minecraft:entity.endermite.ambient	347
minecraft:sound_event	minecraft:entity.endermite.death	348
minecraft:sound_event	minecraft:entity.endermite.hurt	349
minecraft:sound_event	minecraft:entity.endermite.step	350
minecraft:sound_event	minecraft:entity.evoker.ambient	355
minecraft:sound_event	minecraft:entity.evoker.cast_spell	356
minecraft:sound_event	minecraft:entity.evoker.celebrate	357
minecraft:sound_event	minecraft:entity.evoker.death	358
minecraft:sound_event	minecraft:entity.evoker.hurt	360
minecraft:sound_event	minecraft:entity.evoker.prepare_attack	361
minecraft:sound_event	minecraft:entity.evoker.prepare_summon	362
minecraft:sound_event	minecraft:entity.evoker.prepare_wololo	363
minecraft:sound_event	minecraft:entity.evoker_fangs.attack	359
minecraft:sound_event	minecraft:entity.experience_bottle.throw	364
minecraft:sound_event	minecraft:entity.experience_orb.pickup	365
minecraft:sound_event	minecraft:entity.firework_rocket.blast	369
minecraft:sound_event	minecraft:entity.firework_rocket.blast_far	370
minecraft:sound_event	minecraft:entity.firework_rocket.large_blast	371
minecraft:sound_event	minecraft:entity.firework_rocket.large_blast_far	372
minecraft:sound_event	minecraft:entity.firework_rocket.launch	373
minecraft:sound_event	minecraft:entity.firework_rocket.shoot	374
minecraft:sound_event	minecraft:entity.firework_rocket.twinkle	375
minecraft:sound_event	minecraft:entity.firework_rocket.twinkle_far	376
minecraft:sound_event	minecraft:entity.fish.swim	379
minecraft:sound_event	minecraft:entity.fishing_bobber.retrieve	380
minecraft:sound_event	minecraft:entity.fishing_bobber.splash	381
minecraft:sound_event	minecraft:entity.fishing_bobber.throw	382
minecraft:sound_event	minecraft:entity.fox.aggro	389
minecraft:sound_event	minecraft:entity.fox.ambient	390
minecraft:sound_event	minecraft:entity.fox.bite	391
minecraft:sound_event	minecraft:entity.fox.death	392
minecraft:sound_event	minecraft:entity.fox.eat	393
minecraft:sound_event	minecraft:entity.fox.hurt	394
minecraft:sound_event	minecraft:entity.fox.screech	395
minecraft:sound_event	minecraft:entity.fox.sleep	396
minecraft:sound_event	minecraft:entity.fox.sniff	397
minecraft:sound_event	minecraft:entity.fox.spit	398
minecraft:sound_event	minecraft:entity.fox.teleport	399
minecraft:sound_event	minecraft:entity.frog.ambient	411
minecraft:sound_event	minecraft:entity.frog.death	412
minecraft:sound_event	minecraft:entity.frog.eat	413
minecraft:sound_event	minecraft:entity.frog.hurt	414
minecraft:sound_event	minecraft:entity.frog.lay_spawn	415
minecraft:sound_event	minecraft:entity.frog.long_jump	416
minecraft:sound_event	minecraft:entity.frog.step	417
minecraft:sound_event	minecraft:entity.frog.tongue	418
minecraft:sound_event	minecraft:entity.generic.big_fall	425
minecraft:sound_event	minecraft:entity.generic.burn	426
minecraft:sound_event	minecraft:entity.generic.death	427
minecraft:sound_event	minecraft:entity.generic.drink	428
minecraft:sound_event	minecraft:entity.generic.eat	429
minecraft:sound_event	minecraft:entity.generic.explode	430
minecraft:sound_event	minecraft:entity.generic.extinguish_fire	431
minecraft:sound_event	minecraft:entity.generic.hurt	432
minecraft:sound_event	minecraft:entity.generic.small_fall	433
minecraft:sound_event	minecraft:entity.generic.splash	434
minecraft:sound_event	minecraft:entity.generic.swim	435
minecraft:sound_event	minecraft:entity.ghast.ambient	436
minecraft:sound_event	minecraft:entity.ghast.death	437
minecraft:sound_event	minecraft:entity.ghast.hurt	438
minecraft:sound_event	minecraft:entity.ghast.scream	439
minecraft:sound_event	minecraft:entity.ghast.shoot	440
minecraft:sound_event	minecraft:entity.ghast.warn	441
minecraft:sound_event	minecraft:entity.glow_item_frame.add_item	453
minecraft:sound_event	minecraft:entity.glow_item_frame.break	454
minecraft:sound_event	minecraft:entity.glow_item_frame.place	455
minecraft:sound_event	minecraft:entity.glow_item_frame.remove_item	456
minecraft:sound_event	minecraft:entity.glow_item_frame.rotate_item	457
minecraft:sound_event	minecraft:entity.glow_squid.ambient	458
minecraft:sound_event	minecraft:entity.glow_squid.death	459
minecraft:sound_event	minecraft:entity.glow_squid.hurt	460
minecraft:sound_event	minecraft:entity.glow_squid.squirt	461
minecraft:sound_event	minecraft:entity.goat.ambient	462
minecraft:sound_event	minecraft:entity.goat.death	463
minecraft:sound_event	minecraft:entity.goat.eat	464
minecraft:sound_event	minecraft:entity.goat.horn_break	470
minecraft:sound_event	minecraft:entity.goat.hurt	465
minecraft:sound_event	minecraft:entity.goat.long_jump	466
minecraft:sound_event	minecraft:entity.goat.milk	467
minecraft:sound_event	minecraft:entity.goat.prepare_ram	468
minecraft:sound_event	minecraft:entity.goat.ram_impact	469
minecraft:sound_event	minecraft:entity.goat.screaming.ambient	472
minecraft:sound_event	minecraft:entity.goat.screaming.death	473
minecraft:sound_event	minecraft:entity.goat.screaming.eat	474
minecraft:sound_event	minecraft:entity.goat.screaming.horn_break	480
minecraft:sound_event	minecraft:entity.goat.screaming.hurt	475
minecraft:sound_event	minecraft:entity.goat.screaming.long_jump	476
minecraft:sound_event	minecraft:entity.goat.screaming.milk	477
minecraft:sound_event	minecraft:entity.goat.screaming.prepare_ram	478
minecraft:sound_event	minecraft:entity.goat.screaming.ram_impact	479
minecraft:sound_event	minecraft:entity.goat.step	481
minecraft:sound_event	minecraft:entity.guardian.ambient	494
minecraft:sound_event	minecraft:entity.guardian.ambient_land	495
minecraft:sound_event	minecraft:entity.guardian.attack	496
minecraft:sound_event	minecraft:entity.guardian.death	497
minecraft:sound_event	minecraft:entity.guardian.death_land	498
minecraft:sound_event	minecraft:entity.guardian.flop	499
minecraft:sound_event	minecraft:entity.guardian.hurt	500
minecraft:sound_event	minecraft:entity.guardian.hurt_land	501
minecraft:sound_event	minecraft:entity.hoglin.ambient	508
minecraft:sound_event	minecraft:entity.hoglin.angry	509
minecraft:sound_event	minecraft:entity.hoglin.attack	510
minecraft:sound_event	minecraft:entity.hoglin.converted_to_zombified	511
minecraft:sound_event	minecraft:entity.hoglin.death	512
minecraft:sound_event	minecraft:entity.hoglin.hurt	513
minecraft:sound_event	minecraft:entity.hoglin.retreat	514
minecraft:sound_event	minecraft:entity.hoglin.step	515
minecraft:sound_event	minecraft:entity.horse.ambient	532
minecraft:sound_event	minecraft:entity.horse.angry	533
minecraft:sound_event	minecraft:entity.horse.armor	534
minecraft:sound_event	minecraft:entity.horse.breathe	535
minecraft:sound_event	minecraft:entity.horse.death	536
minecraft:sound_event	minecraft:entity.horse.eat	537
minecraft:sound_event	minecraft:entity.horse.gallop	538
minecraft:sound_event	minecraft:entity.horse.hurt	539
minecraft:sound_event	minecraft:entity.horse.jump	540
minecraft:sound_event	minecraft:entity.horse.land	541
minecraft:sound_event	minecraft:entity.horse.saddle	542
minecraft:sound_event	minecraft:entity.horse.step	543
minecraft:sound_event	minecraft:entity.horse.step_wood	544
minecraft:sound_event	minecraft:entity.hostile.big_fall	545
minecraft:sound_event	minecraft:entity.hostile.death	546
minecraft:sound_event	minecraft:entity.hostile.hurt	547
minecraft:sound_event	minecraft:entity.hostile.small_fall	548
minecraft:sound_event	minecraft:entity.hostile.splash	549
minecraft:sound_event	minecraft:entity.hostile.swim	550
minecraft:sound_event	minecraft:entity.husk.ambient	551
minecraft:sound_event	minecraft:entity.husk.converted_to_zombie	552
minecraft:sound_event	minecraft:entity.husk.death	553
minecraft:sound_event	minecraft:entity.husk.hurt	554
minecraft:sound_event	minecraft:entity.husk.step	555
minecraft:sound_event	minecraft:entity.illusioner.ambient	556
minecraft:sound_event	minecraft:entity.illusioner.cast_spell	557
minecraft:sound_event	minecraft:entity.illusioner.death	558
minecraft:sound_event	minecraft:entity.illusioner.hurt	559
minecraft:sound_event	minecraft:entity.illusioner.mirror_move	560
minecraft:sound_event	minecraft:entity.illusioner.prepare_blindness	561
minecraft:sound_event	minecraft:entity.illusioner.prepare_mirror	562
minecraft:sound_event	minecraft:entity.iron_golem.attack	566
minecraft:sound_event	minecraft:entity.iron_golem.damage	567
minecraft:sound_event	minecraft:entity.iron_golem.death	568
minecraft:sound_event	minecraft:entity.iron_golem.hurt	569
minecraft:sound_event	minecraft:entity.iron_golem.repair	570
minecraft:sound_event	minecraft:entity.iron_golem.step	571
minecraft:sound_event	minecraft:entity.item.break	579
minecraft:sound_event	minecraft:entity.item.pickup	580
minecraft:sound_event	minecraft:entity.item_frame.add_item	574
minecraft:sound_event	minecraft:entity.item_frame.break	575
minecraft:sound_event	minecraft:entity.item_frame.place	576
minecraft:sound_event	minecraft:entity.item_frame.remove_item	577
minecraft:sound_event	minecraft:entity.item_frame.rotate_item	578
minecraft:sound_event	minecraft:entity.leash_knot.break	596
minecraft:sound_event	minecraft:entity.leash_knot.place	597
minecraft:sound_event	minecraft:entity.lightning_bolt.impact	599
minecraft:sound_event	minecraft:entity.lightning_bolt.thunder	600
minecraft:sound_event	minecraft:entity.lingering_potion.throw	601
minecraft:sound_event	minecraft:entity.llama.ambient	602
minecraft:sound_event	minecraft:entity.llama.angry	603
minecraft:sound_event	minecraft:entity.llama.chest	604
minecraft:sound_event	minecraft:entity.llama.death	605
minecraft:sound_event	minecraft:entity.llama.eat	606
minecraft:sound_event	minecraft:entity.llama.hurt	607
minecraft:sound_event	minecraft:entity.llama.spit	608
minecraft:sound_event	minecraft:entity.llama.step	609
minecraft:sound_event	minecraft:entity.llama.swag	610
minecraft:sound_event	minecraft:entity.magma_cube.death	618
minecraft:sound_event	minecraft:entity.magma_cube.death_small	611
minecraft:sound_event	minecraft:entity.magma_cube.hurt	619
minecraft:sound_event	minecraft:entity.magma_cube.hurt_small	620
minecraft:sound_event	minecraft:entity.magma_cube.jump	621
minecraft:sound_event	minecraft:entity.magma_cube.squish	622
minecraft:sound_event	minecraft:entity.magma_cube.squish_small	623
minecraft:sound_event	minecraft:entity.minecart.inside	639
minecraft:sound_event	minecraft:entity.minecart.inside.underwater	638
minecraft:sound_event	minecraft:entity.minecart.riding	640
minecraft:sound_event	minecraft:entity.mooshroom.convert	641
minecraft:sound_event	minecraft:entity.mooshroom.eat	642
minecraft:sound_event	minecraft:entity.mooshroom.milk	643
minecraft:sound_event	minecraft:entity.mooshroom.shear	645
minecraft:sound_event	minecraft:entity.mooshroom.suspicious_milk	644
minecraft:sound_event	minecraft:entity.mule.ambient	671
minecraft:sound_event	minecraft:entity.mule.angry	672
minecraft:sound_event	minecraft:entity.mule.chest	673
minecraft:sound_event	minecraft:entity.mule.death	674
minecraft:sound_event	minecraft:entity.mule.eat	675
minecraft:sound_event	minecraft:entity.mule.hurt	676
minecraft:sound_event	minecraft:entity.ocelot.ambient	785
minecraft:sound_event	minecraft:entity.ocelot.death	786
minecraft:sound_event	minecraft:entity.ocelot.hurt	784
minecraft:sound_event	minecraft:entity.painting.break	787
minecraft:sound_event	minecraft:entity.painting.place	788
minecraft:sound_event	minecraft:entity.panda.aggressive_ambient	796
minecraft:sound_event	minecraft:entity.panda.ambient	791
minecraft:sound_event	minecraft:entity.panda.bite	799
minecraft:sound_event	minecraft:entity.panda.cant_breed	795
minecraft:sound_event	minecraft:entity.panda.death	792
minecraft:sound_event	minecraft:entity.panda.eat	793
minecraft:sound_event	minecraft:entity.panda.hurt	798
minecraft:sound_event	minecraft:entity.panda.pre_sneeze	789
minecraft:sound_event	minecraft:entity.panda.sneeze	790
minecraft:sound_event	minecraft:entity.panda.step	794
minecraft:sound_event	minecraft:entity.panda.worried_ambient	797
minecraft:sound_event	minecraft:entity.parrot.ambient	800
minecraft:sound_event	minecraft:entity.parrot.death	801
minecraft:sound_event	minecraft:entity.parrot.eat	802
minecraft:sound_event	minecraft:entity.parrot.fly	803
minecraft:sound_event	minecraft:entity.parrot.hurt	804
minecraft:sound_event	minecraft:entity.parrot.imitate.blaze	805
minecraft:sound_event	minecraft:entity.parrot.imitate.creeper	806
minecraft:sound_event	minecraft:entity.parrot.imitate.drowned	807
minecraft:sound_event	minecraft:entity.parrot.imitate.elder_guardian	808
minecraft:sound_event	minecraft:entity.parrot.imitate.ender_dragon	809
minecraft:sound_event	minecraft:entity.parrot.imitate.endermite	810
minecraft:sound_event	minecraft:entity.parrot.imitate.evoker	811
minecraft:sound_event	minecraft:entity.parrot.imitate.ghast	812
minecraft:sound_event	minecraft:entity.parrot.imitate.guardian	813
minecraft:sound_event	minecraft:entity.parrot.imitate.hoglin	814
minecraft:sound_event	minecraft:entity.parrot.imitate.husk	815
minecraft:sound_event	minecraft:entity.parrot.imitate.illusioner	816
minecraft:sound_event	minecraft:entity.parrot.imitate.magma_cube	817
minecraft:sound_event	minecraft:entity.parrot.imitate.phantom	818
minecraft:sound_event	minecraft:entity.parrot.imitate.piglin	819
minecraft:sound_event	minecraft:entity.parrot.imitate.piglin_brute	820
minecraft:sound_event	minecraft:entity.parrot.imitate.pillager	821
minecraft:sound_event	minecraft:entity.parrot.imitate.ravager	822
minecraft:sound_event	minecraft:entity.parrot.imitate.shulker	823
minecraft:sound_event	minecraft:entity.parrot.imitate.silverfish	824
minecraft:sound_event	minecraft:entity.parrot.imitate.skeleton	825
minecraft:sound_event	minecraft:entity.parrot.imitate.slime	826
minecraft:sound_event	minecraft:entity.parrot.imitate.spider	827
minecraft:sound_event	minecraft:entity.parrot.imitate.stray	828
minecraft:sound_event	minecraft:entity.parrot.imitate.vex	829
minecraft:sound_event	minecraft:entity.parrot.imitate.vindicator	830
minecraft:sound_event	minecraft:entity.parrot.imitate.warden	831
minecraft:sound_event	minecraft:entity.parrot.imitate.witch	832
minecraft:sound_event	minecraft:entity.parrot.imitate.wither	833
minecraft:sound_event	minecraft:entity.parrot.imitate.wither_skeleton	834
minecraft:sound_event	minecraft:entity.parrot.imitate.zoglin	835
minecraft:sound_event	minecraft:entity.parrot.imitate.zombie	836
minecraft:sound_event	minecraft:entity.parrot.imitate.zombie_villager	837
minecraft:sound_event	minecraft:entity.parrot.step	838
minecraft:sound_event	minecraft:entity.phantom.ambient	839
minecraft:sound_event	minecraft:entity.phantom.bite	840
minecraft:sound_event	minecraft:entity.phantom.death	841
minecraft:sound_event	minecraft:entity.phantom.flap	842
minecraft:sound_event	minecraft:entity.phantom.hurt	843
minecraft:sound_event	minecraft:entity.phantom.swoop	844
minecraft:sound_event	minecraft:entity.pig.ambient	845
minecraft:sound_event	minecraft:entity.pig.death	846
minecraft:sound_event	minecraft:entity.pig.hurt	847
minecraft:sound_event	minecraft:entity.pig.saddle	848
minecraft:sound_event	minecraft:entity.pig.step	849
minecraft:sound_event	minecraft:entity.piglin.admiring_item	850
minecraft:sound_event	minecraft:entity.piglin.ambient	851
minecraft:sound_event	minecraft:entity.piglin.angry	852
minecraft:sound_event	minecraft:entity.piglin.celebrate	853
minecraft:sound_event	minecraft:entity.piglin.converted_to_zombified	859
minecraft:sound_event	minecraft:entity.piglin.death	854
minecraft:sound_event	minecraft:entity.piglin.hurt	856
minecraft:sound_event	minecraft:entity.piglin.jealous	855
minecraft:sound_event	minecraft:entity.piglin.retreat	857
minecraft:sound_event	minecraft:entity.piglin.step	858
minecraft:sound_event	minecraft:entity.piglin_brute.ambient	860
minecraft:sound_event	minecraft:entity.piglin_brute.angry	861
minecraft:sound_event	minecraft:entity.piglin_brute.converted_to_zombified	865
minecraft:sound_event	minecraft:entity.piglin_brute.death	862
minecraft:sound_event	minecraft:entity.piglin_brute.hurt	863
minecraft:sound_event	minecraft:entity.piglin_brute.step	864
minecraft:sound_event	minecraft:entity.pillager.ambient	866
minecraft:sound_event	minecraft:entity.pillager.celebrate	867
minecraft:sound_event	minecraft:entity.pillager.death	868
minecraft:sound_event	minecraft:entity.pillager.hurt	869
minecraft:sound_event	minecraft:entity.player.attack.crit	872
minecraft:sound_event	minecraft:entity.player.attack.knockback	873
minecraft:sound_event	minecraft:entity.player.attack.nodamage	874
minecraft:sound_event	minecraft:entity.player.attack.strong	875
minecraft:sound_event	minecraft:entity.player.attack.sweep	876
minecraft:sound_event	minecraft:entity.player.attack.weak	877
minecraft:sound_event	minecraft:entity.player.big_fall	878
minecraft:sound_event	minecraft:entity.player.breath	879
minecraft:sound_event	minecraft:entity.player.burp	880
minecraft:sound_event	minecraft:entity.player.death	881
minecraft:sound_event	minecraft:entity.player.hurt	882
minecraft:sound_event	minecraft:entity.player.hurt_drown	883
minecraft:sound_event	minecraft:entity.player.hurt_freeze	884
minecraft:sound_event	minecraft:entity.player.hurt_on_fire	885
minecraft:sound_event	minecraft:entity.player.hurt_sweet_berry_bush	886
minecraft:sound_event	minecraft:entity.player.levelup	887
minecraft:sound_event	minecraft:entity.player.small_fall	888
minecraft:sound_event	minecraft:entity.player.splash	889
minecraft:sound_event	minecraft:entity.player.splash.high_speed	890
minecraft:sound_event	minecraft:entity.player.swim	891
minecraft:sound_event	minecraft:entity.polar_bear.ambient	892
minecraft:sound_event	minecraft:entity.polar_bear.ambient_baby	893
minecraft:sound_event	minecraft:entity.polar_bear.death	894
minecraft:sound_event	minecraft:entity.polar_bear.hurt	895
minecraft:sound_event	minecraft:entity.polar_bear.step	896
minecraft:sound_event	minecraft:entity.polar_bear.warning	897
minecraft:sound_event	minecraft:entity.puffer_fish.ambient	911
minecraft:sound_event	minecraft:entity.puffer_fish.blow_out	912
minecraft:sound_event	minecraft:entity.puffer_fish.blow_up	913
minecraft:sound_event	minecraft:entity.puffer_fish.death	914
minecraft:sound_event	minecraft:entity.puffer_fish.flop	915
minecraft:sound_event	minecraft:entity.puffer_fish.hurt	916
minecraft:sound_event	minecraft:entity.puffer_fish.sting	917
minecraft:sound_event	minecraft:entity.rabbit.ambient	919
minecraft:sound_event	minecraft:entity.rabbit.attack	920
minecraft:sound_event	minecraft:entity.rabbit.death	921
minecraft:sound_event	minecraft:entity.rabbit.hurt	922
minecraft:sound_event	minecraft:entity.rabbit.jump	923
minecraft:sound_event	minecraft:entity.ravager.ambient	925
minecraft:sound_event	minecraft:entity.ravager.attack	926
minecraft:sound_event	minecraft:entity.ravager.celebrate	927
minecraft:sound_event	minecraft:entity.ravager.death	928
minecraft:sound_event	minecraft:entity.ravager.hurt	929
minecraft:sound_event	minecraft:entity.ravager.roar	932
minecraft:sound_event	minecraft:entity.ravager.step	930
minecraft:sound_event	minecraft:entity.ravager.stunned	931
minecraft:sound_event	minecraft:entity.salmon.ambient	953
minecraft:sound_event	minecraft:entity.salmon.death	954
minecraft:sound_event	minecraft:entity.salmon.flop	955
minecraft:sound_event	minecraft:entity.salmon.hurt	956
minecraft:sound_event	minecraft:entity.sheep.ambient	998
minecraft:sound_event	minecraft:entity.sheep.death	999
minecraft:sound_event	minecraft:entity.sheep.hurt	1000
minecraft:sound_event	minecraft:entity.sheep.shear	1001
minecraft:sound_event	minecraft:entity.sheep.step	1002
minecraft:sound_event	minecraft:entity.shulker.ambient	1011
minecraft:sound_event	minecraft:entity.shulker.close	1016
minecraft:sound_event	minecraft:entity.shulker.death	1017
minecraft:sound_event	minecraft:entity.shulker.hurt	1018
minecraft:sound_event	minecraft:entity.shulker.hurt_closed	1019
minecraft:sound_event	minecraft:entity.shulker.open	1020
minecraft:sound_event	minecraft:entity.shulker.shoot	1021
minecraft:sound_event	minecraft:entity.shulker.teleport	1022
minecraft:sound_event	minecraft:entity.shulker_bullet.hit	1014
minecraft:sound_event	minecraft:entity.shulker_bullet.hurt	1015
minecraft:sound_event	minecraft:entity.silverfish.ambient	1023
minecraft:sound_event	minecraft:entity.silverfish.death	1024
minecraft:sound_event	minecraft:entity.silverfish.hurt	1025
minecraft:sound_event	minecraft:entity.silverfish.step	1026
minecraft:sound_event	minecraft:entity.skeleton.ambient	1027
minecraft:sound_event	minecraft:entity.skeleton.converted_to_stray	1028
minecraft:sound_event	minecraft:entity.skeleton.death	1029
minecraft:sound_event	minecraft:entity.skeleton.hurt	1038
minecraft:sound_event	minecraft:entity.skeleton.shoot	1039
minecraft:sound_event	minecraft:entity.skeleton.step	1040
minecraft:sound_event	minecraft:entity.skeleton_horse.ambient	1030
minecraft:sound_event	minecraft:entity.skeleton_horse.ambient_water	1034
minecraft:sound_event	minecraft:entity.skeleton_horse.death	1031
minecraft:sound_event	minecraft:entity.skeleton_horse.gallop_water	1035
minecraft:sound_event	minecraft:entity.skeleton_horse.hurt	1032
minecraft:sound_event	minecraft:entity.skeleton_horse.jump_water	1036
minecraft:sound_event	minecraft:entity.skeleton_horse.step_water	1037
minecraft:sound_event	minecraft:entity.skeleton_horse.swim	1033
minecraft:sound_event	minecraft:entity.slime.attack	1041
minecraft:sound_event	minecraft:entity.slime.death	1042
minecraft:sound_event	minecraft:entity.slime.death_small	1083
minecraft:sound_event	minecraft:entity.slime.hurt	1043
minecraft:sound_event	minecraft:entity.slime.hurt_small	1084
minecraft:sound_event	minecraft:entity.slime.jump	1044
minecraft:sound_event	minecraft:entity.slime.jump_small	1085
minecraft:sound_event	minecraft:entity.slime.squish	1045
minecraft:sound_event	minecraft:entity.slime.squish_small	1086
minecraft:sound_event	minecraft:entity.snow_golem.ambient	1092
minecraft:sound_event	minecraft:entity.snow_golem.death	1093
minecraft:sound_event	minecraft:entity.snow_golem.hurt	1094
minecraft:sound_event	minecraft:entity.snow_golem.shear	1096
minecraft:sound_event	minecraft:entity.snow_golem.shoot	1095
minecraft:sound_event	minecraft:entity.snowball.throw	1089
minecraft:sound_event	minecraft:entity.spider.ambient	1100
minecraft:sound_event	minecraft:entity.spider.death	1101
minecraft:sound_event	minecraft:entity.spider.hurt	1102
minecraft:sound_event	minecraft:entity.spider.step	1103
minecraft:sound_event	minecraft:entity.splash_potion.break	1104
minecraft:sound_event	minecraft:entity.splash_potion.throw	1105
minecraft:sound_event	minecraft:entity.squid.ambient	1108
minecraft:sound_event	minecraft:entity.squid.death	1109
minecraft:sound_event	minecraft:entity.squid.hurt	1110
minecraft:sound_event	minecraft:entity.squid.squirt	1111
minecraft:sound_event	minecraft:entity.stray.ambient	1121
minecraft:sound_event	minecraft:entity.stray.death	1122
minecraft:sound_event	minecraft:entity.stray.hurt	1123
minecraft:sound_event	minecraft:entity.stray.step	1124
minecraft:sound_event	minecraft:entity.strider.ambient	1074
minecraft:sound_event	minecraft:entity.strider.death	1077
minecraft:sound_event	minecraft:entity.strider.eat	1081
minecraft:sound_event	minecraft:entity.strider.happy	1075
minecraft:sound_event	minecraft:entity.strider.hurt	1078
minecraft:sound_event	minecraft:entity.strider.retreat	1076
minecraft:sound_event	minecraft:entity.strider.saddle	1082
minecraft:sound_event	minecraft:entity.strider.step	1079
minecraft:sound_event	minecraft:entity.strider.step_lava	1080
minecraft:sound_event	minecraft:entity.tadpole.death	1128
minecraft:sound_event	minecraft:entity.tadpole.flop	1129
minecraft:sound_event	minecraft:entity.tadpole.grow_up	1130
minecraft:sound_event	minecraft:entity.tadpole.hurt	1131
minecraft:sound_event	minecraft:entity.tnt.primed	1133
minecraft:sound_event	minecraft:entity.tropical_fish.ambient	1147
minecraft:sound_event	minecraft:entity.tropical_fish.death	1148
minecraft:sound_event	minecraft:entity.tropical_fish.flop	1149
minecraft:sound_event	minecraft:entity.tropical_fish.hurt	1150
minecraft:sound_event	minecraft:entity.turtle.ambient_land	1156
minecraft:sound_event	minecraft:entity.turtle.death	1157
minecraft:sound_event	minecraft:entity.turtle.death_baby	1158
minecraft:sound_event	minecraft:entity.turtle.egg_break	1159
minecraft:sound_event	minecraft:entity.turtle.egg_crack	1160
minecraft:sound_event	minecraft:entity.turtle.egg_hatch	1161
minecraft:sound_event	minecraft:entity.turtle.hurt	1162
minecraft:sound_event	minecraft:entity.turtle.hurt_baby	1163
minecraft:sound_event	minecraft:entity.turtle.lay_egg	1164
minecraft:sound_event	minecraft:entity.turtle.shamble	1165
minecraft:sound_event	minecraft:entity.turtle.shamble_baby	1166
minecraft:sound_event	minecraft:entity.turtle.swim	1167
minecraft:sound_event	minecraft:entity.vex.ambient	1177
minecraft:sound_event	minecraft:entity.vex.charge	1178
minecraft:sound_event	minecraft:entity.vex.death	1179
minecraft:sound_event	minecraft:entity.vex.hurt	1180
minecraft:sound_event	minecraft:entity.villager.ambient	1181
minecraft:sound_event	minecraft:entity.villager.celebrate	1182
minecraft:sound_event	minecraft:entity.villager.death	1183
minecraft:sound_event	minecraft:entity.villager.hurt	1184
minecraft:sound_event	minecraft:entity.villager.no	1185
minecraft:sound_event	minecraft:entity.villager.trade	1186
minecraft:sound_event	minecraft:entity.villager.work_armorer	1188
minecraft:sound_event	minecraft:entity.villager.work_butcher	1189
minecraft:sound_event	minecraft:entity.villager.work_cartographer	1190
minecraft:sound_event	minecraft:entity.villager.work_cleric	1191
minecraft:sound_event	minecraft:entity.villager.work_farmer	1192
minecraft:sound_event	minecraft:entity.villager.work_fisherman	1193
minecraft:sound_event	minecraft:entity.villager.work_fletcher	1194
minecraft:sound_event	minecraft:entity.villager.work_leatherworker	1195
minecraft:sound_event	minecraft:entity.villager.work_librarian	1196
minecraft:sound_event	minecraft:entity.villager.work_mason	1197
minecraft:sound_event	minecraft:entity.villager.work_shepherd	1198
minecraft:sound_event	minecraft:entity.villager.work_toolsmith	1199
minecraft:sound_event	minecraft:entity.villager.work_weaponsmith	1200
minecraft:sound_event	minecraft:entity.villager.yes	1187
minecraft:sound_event	minecraft:entity.vindicator.ambient	1201
minecraft:sound_event	minecraft:entity.vindicator.celebrate	1202
minecraft:sound_event	minecraft:entity.vindicator.death	1203
minecraft:sound_event	minecraft:entity.vindicator.hurt	1204
minecraft:sound_event	minecraft:entity.wandering_trader.ambient	1211
minecraft:sound_event	minecraft:entity.wandering_trader.death	1212
minecraft:sound_event	minecraft:entity.wandering_trader.disappeared	1213
minecraft:sound_event	minecraft:entity.wandering_trader.drink_milk	1214
minecraft:sound_event	minecraft:entity.wandering_trader.drink_potion	1215
minecraft:sound_event	minecraft:entity.wandering_trader.hurt	1216
minecraft:sound_event	minecraft:entity.wandering_trader.no	1217
minecraft:sound_event	minecraft:entity.wandering_trader.reappeared	1218
minecraft:sound_event	minecraft:entity.wandering_trader.trade	1219
minecraft:sound_event	minecraft:entity.wandering_trader.yes	1220
minecraft:sound_event	minecraft:entity.warden.agitated	1221
minecraft:sound_event	minecraft:entity.warden.ambient	1222
minecraft:sound_event	minecraft:entity.warden.angry	1223
minecraft:sound_event	minecraft:entity.warden.attack_impact	1224
minecraft:sound_event	minecraft:entity.warden.death	1225
minecraft:sound_event	minecraft:entity.warden.dig	1226
minecraft:sound_event	minecraft:entity.warden.emerge	1227
minecraft:sound_event	minecraft:entity.warden.heartbeat	1228
minecraft:sound_event	minecraft:entity.warden.hurt	1229
minecraft:sound_event	minecraft:entity.warden.listening	1230
minecraft:sound_event	minecraft:entity.warden.listening_angry	1231
minecraft:sound_event	minecraft:entity.warden.nearby_close	1232
minecraft:sound_event	minecraft:entity.warden.nearby_closer	1233
minecraft:sound_event	minecraft:entity.warden.nearby_closest	1234
minecraft:sound_event	minecraft:entity.warden.roar	1235
minecraft:sound_event	minecraft:entity.warden.sniff	1236
minecraft:sound_event	minecraft:entity.warden.sonic_boom	1237
minecraft:sound_event	minecraft:entity.warden.sonic_charge	1238
minecraft:sound_event	minecraft:entity.warden.step	1239
minecraft:sound_event	minecraft:entity.warden.tendril_clicks	1240
minecraft:sound_event	minecraft:entity.witch.ambient	1249
minecraft:sound_event	minecraft:entity.witch.celebrate	1250
minecraft:sound_event	minecraft:entity.witch.death	1251
minecraft:sound_event	minecraft:entity.witch.drink	1252
minecraft:sound_event	minecraft:entity.witch.hurt	1253
minecraft:sound_event	minecraft:entity.witch.throw	1254
minecraft:sound_event	minecraft:entity.wither.ambient	1255
minecraft:sound_event	minecraft:entity.wither.break_block	1256
minecraft:sound_event	minecraft:entity.wither.death	1257
minecraft:sound_event	minecraft:entity.wither.hurt	1258
minecraft:sound_event	minecraft:entity.wither.shoot	1259
minecraft:sound_event	minecraft:entity.wither.spawn	1264
minecraft:sound_event	minecraft:entity.wither_skeleton.ambient	1260
minecraft:sound_event	minecraft:entity.wither_skeleton.death	1261
minecraft:sound_event	minecraft:entity.wither_skeleton.hurt	1262
minecraft:sound_event	minecraft:entity.wither_skeleton.step	1263
minecraft:sound_event	minecraft:entity.wolf.ambient	1265
minecraft:sound_event	minecraft:entity.wolf.death	1266
minecraft:sound_event	minecraft:entity.wolf.growl	1267
minecraft:sound_event	minecraft:entity.wolf.howl	1268
minecraft:sound_event	minecraft:entity.wolf.hurt	1269
minecraft:sound_event	minecraft:entity.wolf.pant	1270
minecraft:sound_event	minecraft:entity.wolf.shake	1271
minecraft:sound_event	minecraft:entity.wolf.step	1272
minecraft:sound_event	minecraft:entity.wolf.whine	1273
minecraft:sound_event	minecraft:entity.zoglin.ambient	1292
minecraft:sound_event	minecraft:entity.zoglin.angry	1293
minecraft:sound_event	minecraft:entity.zoglin.attack	1294
minecraft:sound_event	minecraft:entity.zoglin.death	1295
minecraft:sound_event	minecraft:entity.zoglin.hurt	1296
minecraft:sound_event	minecraft:entity.zoglin.step	1297
minecraft:sound_event	minecraft:entity.zombie.ambient	1298
minecraft:sound_event	minecraft:entity.zombie.attack_iron_door	1300
minecraft:sound_event	minecraft:entity.zombie.attack_wooden_door	1299
minecraft:sound_event	minecraft:entity.zombie.break_wooden_door	1301
minecraft:sound_event	minecraft:entity.zombie.converted_to_drowned	1302
minecraft:sound_event	minecraft:entity.zombie.death	1303
minecraft:sound_event	minecraft:entity.zombie.destroy_egg	1304
minecraft:sound_event	minecraft:entity.zombie.hurt	1308
minecraft:sound_event	minecraft:entity.zombie.infect	1309
minecraft:sound_event	minecraft:entity.zombie.step	1314
minecraft:sound_event	minecraft:entity.zombie_horse.ambient	1305
minecraft:sound_event	minecraft:entity.zombie_horse.death	1306
minecraft:sound_event	minecraft:entity.zombie_horse.hurt	1307
minecraft:sound_event	minecraft:entity.zombie_villager.ambient	1315
minecraft:sound_event	minecraft:entity.zombie_villager.converted	1316
minecraft:sound_event	minecraft:entity.zombie_villager.cure	1317
minecraft:sound_event	minecraft:entity.zombie_villager.death	1318
minecraft:sound_event	minecraft:entity.zombie_villager.hurt	1319
minecraft:sound_event	minecraft:entity.zombie_villager.step	1320
minecraft:sound_event	minecraft:entity.zombified_piglin.ambient	1310
minecraft:sound_event	minecraft:entity.zombified_piglin.angry	1311
minecraft:sound_event	minecraft:entity.zombified_piglin.death	1312
minecraft:sound_event	minecraft:entity.zombified_piglin.hurt	1313
minecraft:sound_event	minecraft:event.raid.horn	924
minecraft:sound_event	minecraft:item.armor.equip_chain	53
minecraft:sound_event	minecraft:item.armor.equip_diamond	54
minecraft:sound_event	minecraft:item.armor.equip_elytra	55
minecraft:sound_event	minecraft:item.armor.equip_generic	56
minecraft:sound_event	minecraft:item.armor.equip_gold	57
minecraft:sound_event	minecraft:item.armor.equip_iron	58
minecraft:sound_event	minecraft:item.armor.equip_leather	59
minecraft:sound_event	minecraft:item.armor.equip_netherite	60
minecraft:sound_event	minecraft:item.armor.equip_turtle	61
minecraft:sound_event	minecraft:item.axe.scrape	70
minecraft:sound_event	minecraft:item.axe.strip	69
minecraft:sound_event	minecraft:item.axe.wax_off	71
minecraft:sound_event	minecraft:item.bone_meal.use	143
minecraft:sound_event	minecraft:item.book.page_turn	144
minecraft:sound_event	minecraft:item.book.put	145
minecraft:sound_event	minecraft:item.bottle.empty	147
minecraft:sound_event	minecraft:item.bottle.fill	148
minecraft:sound_event	minecraft:item.bottle.fill_dragonbreath	149
minecraft:sound_event	minecraft:item.bucket.empty	156
minecraft:sound_event	minecraft:item.bucket.empty_axolotl	157
minecraft:sound_event	minecraft:item.bucket.empty_fish	158
minecraft:sound_event	minecraft:item.bucket.empty_lava	159
minecraft:sound_event	minecraft:item.bucket.empty_powder_snow	160
minecraft:sound_event	minecraft:item.bucket.empty_tadpole	161
minecraft:sound_event	minecraft:item.bucket.fill	162
minecraft:sound_event	minecraft:item.bucket.fill_axolotl	163
minecraft:sound_event	minecraft:item.bucket.fill_fish	164
minecraft:sound_event	minecraft:item.bucket.fill_lava	165
minecraft:sound_event	minecraft:item.bucket.fill_powder_snow	166
minecraft:sound_event	minecraft:item.bucket.fill_tadpole	167
minecraft:sound_event	minecraft:item.bundle.drop_contents	168
minecraft:sound_event	minecraft:item.bundle.insert	169
minecraft:sound_event	minecraft:item.bundle.remove_one	170
minecraft:sound_event	minecraft:item.chorus_fruit.teleport	215
minecraft:sound_event	minecraft:item.crop.plant	249
minecraft:sound_event	minecraft:item.crossbow.hit	250
minecraft:sound_event	minecraft:item.crossbow.loading_end	251
minecraft:sound_event	minecraft:item.crossbow.loading_middle	252
minecraft:sound_event	minecraft:item.crossbow.loading_start	253
minecraft:sound_event	minecraft:item.crossbow.quick_charge_1	254
minecraft:sound_event	minecraft:item.crossbow.quick_charge_2	255
minecraft:sound_event	minecraft:item.crossbow.quick_charge_3	256
minecraft:sound_event	minecraft:item.crossbow.shoot	257
minecraft:sound_event	minecraft:item.dye.use	318
minecraft:sound_event	minecraft:item.elytra.flying	328
minecraft:sound_event	minecraft:item.firecharge.use	368
minecraft:sound_event	minecraft:item.flintandsteel.use	383
minecraft:sound_event	minecraft:item.glow_ink_sac.use	452
minecraft:sound_event	minecraft:item.goat_horn.play	471
minecraft:sound_event	minecraft:item.goat_horn.sound.0	524
minecraft:sound_event	minecraft:item.goat_horn.sound.1	525
minecraft:sound_event	minecraft:item.goat_horn.sound.2	526
minecraft:sound_event	minecraft:item.goat_horn.sound.3	527
minecraft:sound_event	minecraft:item.goat_horn.sound.4	528
minecraft:sound_event	minecraft:item.goat_horn.sound.5	529
minecraft:sound_event	minecraft:item.goat_horn.sound.6	530
minecraft:sound_event	minecraft:item.goat_horn.sound.7	531
minecraft:sound_event	minecraft:item.hoe.till	507
minecraft:sound_event	minecraft:item.honey_bottle.drink	523
minecraft:sound_event	minecraft:item.honeycomb.wax_on	522
minecraft:sound_event	minecraft:item.ink_sac.use	563
minecraft:sound_event	minecraft:item.lodestone_compass.lock	617
minecraft:sound_event	minecraft:item.nether_wart.plant	722
minecraft:sound_event	minecraft:item.shield.block	1003
minecraft:sound_event	minecraft:item.shield.break	1004
minecraft:sound_event	minecraft:item.shovel.flatten	1010
minecraft:sound_event	minecraft:item.spyglass.stop_using	1107
minecraft:sound_event	minecraft:item.spyglass.use	1106
minecraft:sound_event	minecraft:item.totem.use	1134
minecraft:sound_event	minecraft:item.trident.hit	1135
minecraft:sound_event	minecraft:item.trident.hit_ground	1136
minecraft:sound_event	minecraft:item.trident.return	1137
minecraft:sound_event	minecraft:item.trident.riptide_1	1138
minecraft:sound_event	minecraft:item.trident.riptide_2	1139
minecraft:sound_event	minecraft:item.trident.riptide_3	1140
minecraft:sound_event	minecraft:item.trident.throw	1141
minecraft:sound_event	minecraft:item.trident.thunder	1142
minecraft:sound_event	minecraft:music.creative	677
minecraft:sound_event	minecraft:music.credits	678
minecraft:sound_event	minecraft:music.dragon	694
minecraft:sound_event	minecraft:music.end	695
minecraft:sound_event	minecraft:music.game	696
minecraft:sound_event	minecraft:music.menu	697
minecraft:sound_event	minecraft:music.nether.basalt_deltas	698
minecraft:sound_event	minecraft:music.nether.crimson_forest	699
minecraft:sound_event	minecraft:music.nether.nether_wastes	709
minecraft:sound_event	minecraft:music.nether.soul_sand_valley	712
minecraft:sound_event	minecraft:music.nether.warped_forest	714
minecraft:sound_event	minecraft:music.overworld.deep_dark	700
minecraft:sound_event	minecraft:music.overworld.dripstone_caves	701
minecraft:sound_event	minecraft:music.overworld.frozen_peaks	710
minecraft:sound_event	minecraft:music.overworld.grove	702
minecraft:sound_event	minecraft:music.overworld.jagged_peaks	703
minecraft:sound_event	minecraft:music.overworld.jungle_and_forest	706
minecraft:sound_event	minecraft:music.overworld.lush_caves	704
minecraft:sound_event	minecraft:music.overworld.meadow	708
minecraft:sound_event	minecraft:music.overworld.old_growth_taiga	707
minecraft:sound_event	minecraft:music.overworld.snowy_slopes	711
minecraft:sound_event	minecraft:music.overworld.stony_peaks	713
minecraft:sound_event	minecraft:music.overworld.swamp	705
minecraft:sound_event	minecraft:music.under_water	715
minecraft:sound_event	minecraft:music_disc.11	680
minecraft:sound_event	minecraft:music_disc.13	681
minecraft:sound_event	minecraft:music_disc.5	679
minecraft:sound_event	minecraft:music_disc.blocks	682
minecraft:sound_event	minecraft:music_disc.cat	683
minecraft:sound_event	minecraft:music_disc.chirp	684
minecraft:sound_event	minecraft:music_disc.far	685
minecraft:sound_event	minecraft:music_disc.mall	686
minecraft:sound_event	minecraft:music_disc.mellohi	687
minecraft:sound_event	minecraft:music_disc.otherside	693
minecraft:sound_event	minecraft:music_disc.pigstep	688
minecraft:sound_event	minecraft:music_disc.stal	689
minecraft:sound_event	minecraft:music_disc.strad	690
minecraft:sound_event	minecraft:music_disc.wait	691
minecraft:sound_event	minecraft:music_disc.ward	692
minecraft:sound_event	minecraft:particle.soul_escape	1068
minecraft:sound_event	minecraft:ui.button.click	1168
minecraft:sound_event	minecraft:ui.cartography_table.take_result	1171
minecraft:sound_event	minecraft:ui.loom.select_pattern	1169
minecraft:sound_event	minecraft:ui.loom.take_result	1170
minecraft:sound_event	minecraft:ui.stonecutter.select_recipe	1173
minecraft:sound_event	minecraft:ui.stonecutter.take_result	1172
minecraft:sound_event	minecraft:ui.toast.challenge_complete	1174
minecraft:sound_event	minecraft:ui.toast.in	1175
minecraft:sound_event	minecraft:ui.toast.out	1176
minecraft:sound_event	minecraft:weather.rain	1242
minecraft:sound_event	minecraft:weather.rain.above	1243
minecraft:stat_type	minecraft:broken	3
minecraft:stat_type	minecraft:crafted	1
minecraft:stat_type	minecraft:custom	8
minecraft:stat_type	minecraft:dropped	5
minecraft:stat_type	minecraft:killed	6
minecraft:stat_type	minecraft:killed_by	7
minecraft:stat_type	minecraft:mined	0
minecraft:stat_type	minecraft:picked_up	4
minecraft:stat_type	minecraft:used	2
minecraft:villager_profession	minecraft:armorer	1
minecraft:villager_profession	minecraft:butcher	2
minecraft:villager_profession	minecraft:cartographer	3
minecraft:villager_profession	minecraft:cleric	4
minecraft:villager_profession	minecraft:farmer	5
minecraft:villager_profession	minecraft:fisherman	6
minecraft:villager_profession	minecraft:fletcher	7
minecraft:villager_profession	minecraft:leatherworker	8
minecraft:villager_profession	minecraft:librarian	9
minecraft:villager_profession	minecraft:mason	10
minecraft:villager_profession	minecraft:nitwit	11
minecraft:villager_profession	minecraft:none	0
minecraft:villager_profession	minecraft:shepherd	12
minecraft:villager_profession	minecraft:toolsmith	13
minecraft:villager_profession	minecraft:weaponsmith	14
minecraft:villager_type	minecraft:desert	0
minecraft:villager_type	minecraft:jungle	1
minecraft:villager_type	minecraft:plains	2
minecraft:villager_type	minecraft:savanna	3
minecraft:villager_type	minecraft:snow	4
minecraft:villager_type	minecraft:swamp	5
minecraft:villager_type	minecraft:taiga	6
minecraft:worldgen/biome_source	minecraft:checkerboard	2
minecraft:worldgen/biome_source	minecraft:fixed	0
minecraft:worldgen/biome_source	minecraft:multi_noise	1
minecraft:worldgen/biome_source	minecraft:the_end	3
minecraft:worldgen/block_state_provider_type	minecraft:dual_noise_provider	4
minecraft:worldgen/block_state_provider_type	minecraft:noise_provider	3
minecraft:worldgen/block_state_provider_type	minecraft:noise_threshold_provider	2
minecraft:worldgen/block_state_provider_type	minecraft:randomized_int_state_provider	6
minecraft:worldgen/block_state_provider_type	minecraft:rotated_block_provider	5
minecraft:worldgen/block_state_provider_type	minecraft:simple_state_provider	0
minecraft:worldgen/block_state_provider_type	minecraft:weighted_state_provider	1
minecraft:worldgen/carver	minecraft:canyon	2
minecraft:worldgen/carver	minecraft:cave	0
minecraft:worldgen/carver	minecraft:nether_cave	1
minecraft:worldgen/chunk_generator	minecraft:debug	2
minecraft:worldgen/chunk_generator	minecraft:flat	1
minecraft:worldgen/chunk_generator	minecraft:noise	0
minecraft:worldgen/density_function_type	minecraft:abs	19
minecraft:worldgen/density_function_type	minecraft:add	25
minecraft:worldgen/density_function_type	minecraft:beardifier	2
minecraft:worldgen/density_function_type	minecraft:blend_alpha	0
minecraft:worldgen/density_function_type	minecraft:blend_density	17
minecraft:worldgen/density_function_type	minecraft:blend_offset	1
minecraft:worldgen/density_function_type	minecraft:cache_2d	6
minecraft:worldgen/density_function_type	minecraft:cache_all_in_cell	8
minecraft:worldgen/density_function_type	minecraft:cache_once	7
minecraft:worldgen/density_function_type	minecraft:clamp	18
minecraft:worldgen/density_function_type	minecraft:constant	30
minecraft:worldgen/density_function_type	minecraft:cube	21
minecraft:worldgen/density_function_type	minecraft:end_islands	10
minecraft:worldgen/density_function_type	minecraft:flat_cache	5
minecraft:worldgen/density_function_type	minecraft:half_negative	22
minecraft:worldgen/density_function_type	minecraft:interpolated	4
minecraft:worldgen/density_function_type	minecraft:max	28
minecraft:worldgen/density_function_type	minecraft:min	27
minecraft:worldgen/density_function_type	minecraft:mul	26
minecraft:worldgen/density_function_type	minecraft:noise	9
minecraft:worldgen/density_function_type	minecraft:old_blended_noise	3
minecraft:worldgen/density_function_type	minecraft:quarter_negative	23
minecraft:worldgen/density_function_type	minecraft:range_choice	13
minecraft:worldgen/density_function_type	minecraft:shift	16
minecraft:worldgen/density_function_type	minecraft:shift_a	14
minecraft:worldgen/density_function_type	minecraft:shift_b	15
minecraft:worldgen/density_function_type	minecraft:shifted_noise	12
minecraft:worldgen/density_function_type	minecraft:spline	29
minecraft:worldgen/density_function_type	minecraft:square	20
minecraft:worldgen/density_function_type	minecraft:squeeze	24
minecraft:worldgen/density_function_type	minecraft:weird_scaled_sampler	11
minecraft:worldgen/density_function_type	minecraft:y_clamped_gradient	31
minecraft:worldgen/feature	minecraft:bamboo	41
minecraft:worldgen/feature	minecraft:basalt_columns	46
minecraft:worldgen/feature	minecraft:basalt_pillar	51
minecraft:worldgen/feature	minecraft:block_column	18
minecraft:worldgen/feature	minecraft:block_pile	5
minecraft:worldgen/feature	minecraft:blue_ice	25
minecraft:worldgen/feature	minecraft:bonus_chest	50
minecraft:worldgen/feature	minecraft:chorus_plant	7
minecraft:worldgen/feature	minecraft:coral_claw	38
minecraft:worldgen/feature	minecraft:coral_mushroom	37
minecraft:worldgen/feature	minecraft:coral_tree	36
minecraft:worldgen/feature	minecraft:delta_feature	47
minecraft:worldgen/feature	minecraft:desert_well	10
minecraft:worldgen/feature	minecraft:disk	28
minecraft:worldgen/feature	minecraft:dripstone_cluster	57
minecraft:worldgen/feature	minecraft:end_gateway	33
minecraft:worldgen/feature	minecraft:end_island	32
minecraft:worldgen/feature	minecraft:end_spike	31
minecraft:worldgen/feature	minecraft:fill_layer	49
minecraft:worldgen/feature	minecraft:flower	2
minecraft:worldgen/feature	minecraft:forest_rock	27
minecraft:worldgen/feature	minecraft:fossil	11
minecraft:worldgen/feature	minecraft:freeze_top_layer	16
minecraft:worldgen/feature	minecraft:geode	56
minecraft:worldgen/feature	minecraft:glowstone_blob	15
minecraft:worldgen/feature	minecraft:huge_brown_mushroom	13
minecraft:worldgen/feature	minecraft:huge_fungus	42
minecraft:worldgen/feature	minecraft:huge_red_mushroom	12
minecraft:worldgen/feature	minecraft:ice_spike	14
minecraft:worldgen/feature	minecraft:iceberg	26
minecraft:worldgen/feature	minecraft:kelp	35
minecraft:worldgen/feature	minecraft:lake	29
minecraft:worldgen/feature	minecraft:large_dripstone	58
minecraft:worldgen/feature	minecraft:monster_room	24
minecraft:worldgen/feature	minecraft:multiface_growth	22
minecraft:worldgen/feature	minecraft:nether_forest_vegetation	43
minecraft:worldgen/feature	minecraft:netherrack_replace_blobs	48
minecraft:worldgen/feature	minecraft:no_bonemeal_flower	3
minecraft:worldgen/feature	minecraft:no_op	0
minecraft:worldgen/feature	minecraft:ore	30
minecraft:worldgen/feature	minecraft:pointed_dripstone	59
minecraft:worldgen/feature	minecraft:random_boolean_selector	55
minecraft:worldgen/feature	minecraft:random_patch	4
minecraft:worldgen/feature	minecraft:random_selector	53
minecraft:worldgen/feature	minecraft:replace_single_block	8
minecraft:worldgen/feature	minecraft:root_system	21
minecraft:worldgen/feature	minecraft:scattered_ore	52
minecraft:worldgen/feature	minecraft:sculk_patch	60
minecraft:worldgen/feature	minecraft:sea_pickle	39
minecraft:worldgen/feature	minecraft:seagrass	34
minecraft:worldgen/feature	minecraft:simple_block	40
minecraft:worldgen/feature	minecraft:simple_random_selector	54
minecraft:worldgen/feature	minecraft:spring_feature	6
minecraft:worldgen/feature	minecraft:tree	1
minecraft:worldgen/feature	minecraft:twisting_vines	45
minecraft:worldgen/feature	minecraft:underwater_magma	23
minecraft:worldgen/feature	minecraft:vegetation_patch	19
minecraft:worldgen/feature	minecraft:vines	17
minecraft:worldgen/feature	minecraft:void_start_platform	9
minecraft:worldgen/feature	minecraft:waterlogged_vegetation_patch	20
minecraft:worldgen/feature	minecraft:weeping_vines	44
minecraft:worldgen/feature_size_type	minecraft:three_layers_feature_size	1
minecraft:worldgen/feature_size_type	minecraft:two_layers_feature_size	0
minecraft:worldgen/foliage_placer_type	minecraft:acacia_foliage_placer	3
minecraft:worldgen/foliage_placer_type	minecraft:blob_foliage_placer	0
minecraft:worldgen/foliage_placer_type	minecraft:bush_foliage_placer	4
minecraft:worldgen/foliage_placer_type	minecraft:dark_oak_foliage_placer	8
minecraft:worldgen/foliage_placer_type	minecraft:fancy_foliage_placer	5
minecraft:worldgen/foliage_placer_type	minecraft:jungle_foliage_placer	6
minecraft:worldgen/foliage_placer_type	minecraft:mega_pine_foliage_placer	7
minecraft:worldgen/foliage_placer_type	minecraft:pine_foliage_placer	2
minecraft:worldgen/foliage_placer_type	minecraft:random_spread_foliage_placer	9
minecraft:worldgen/foliage_placer_type	minecraft:spruce_foliage_placer	1
minecraft:worldgen/material_condition	minecraft:above_preliminary_surface	9
minecraft:worldgen/material_condition	minecraft:biome	0
minecraft:worldgen/material_condition	minecraft:hole	8
minecraft:worldgen/material_condition	minecraft:noise_threshold	1
minecraft:worldgen/material_condition	minecraft:not	7
minecraft:worldgen/material_condition	minecraft:steep	6
minecraft:worldgen/material_condition	minecraft:stone_depth	10
minecraft:worldgen/material_condition	minecraft:temperature	5
minecraft:worldgen/material_condition	minecraft:vertical_gradient	2
minecraft:worldgen/material_condition	minecraft:water	4
minecraft:worldgen/material_condition	minecraft:y_above	3
minecraft:worldgen/material_rule	minecraft:bandlands	0
minecraft:worldgen/material_rule	minecraft:block	1
minecraft:worldgen/material_rule	minecraft:condition	3
minecraft:worldgen/material_rule	minecraft:sequence	2
minecraft:worldgen/placement_modifier_type	minecraft:biome	4
minecraft:worldgen/placement_modifier_type	minecraft:block_predicate_filter	0
minecraft:worldgen/placement_modifier_type	minecraft:carving_mask	14
minecraft:worldgen/placement_modifier_type	minecraft:count	5
minecraft:worldgen/placement_modifier_type	minecraft:count_on_every_layer	8
minecraft:worldgen/placement_modifier_type	minecraft:environment_scan	9
minecraft:worldgen/placement_modifier_type	minecraft:height_range	11
minecraft:worldgen/placement_modifier_type	minecraft:heightmap	10
minecraft:worldgen/placement_modifier_type	minecraft:in_square	12
minecraft:worldgen/placement_modifier_type	minecraft:noise_based_count	6
minecraft:worldgen/placement_modifier_type	minecraft:noise_threshold_count	7
minecraft:worldgen/placement_modifier_type	minecraft:random_offset	13
minecraft:worldgen/placement_modifier_type	minecraft:rarity_filter	1
minecraft:worldgen/placement_modifier_type	minecraft:surface_relative_threshold_filter	2
minecraft:worldgen/placement_modifier_type	minecraft:surface_water_depth_filter	3
minecraft:worldgen/root_placer_type	minecraft:mangrove_root_placer	0
minecraft:worldgen/structure_piece	minecraft:btp	52
minecraft:worldgen/structure_piece	minecraft:ecp	50
minecraft:worldgen/structure_piece	minecraft:iglu	34
minecraft:worldgen/structure_piece	minecraft:jigsaw	55
minecraft:worldgen/structure_piece	minecraft:mscorridor	0
minecraft:worldgen/structure_piece	minecraft:mscrossing	1
minecraft:worldgen/structure_piece	minecraft:msroom	2
minecraft:worldgen/structure_piece	minecraft:msstairs	3
minecraft:worldgen/structure_piece	minecraft:nebcr	4
minecraft:worldgen/structure_piece	minecraft:nebef	5
minecraft:worldgen/structure_piece	minecraft:nebs	6
minecraft:worldgen/structure_piece	minecraft:neccs	7
minecraft:worldgen/structure_piece	minecraft:nece	9
minecraft:worldgen/structure_piece	minecraft:necsr	14
minecraft:worldgen/structure_piece	minecraft:nectb	8
minecraft:worldgen/structure_piece	minecraft:nefos	54
minecraft:worldgen/structure_piece	minecraft:nemt	15
minecraft:worldgen/structure_piece	minecraft:nerc	16
minecraft:worldgen/structure_piece	minecraft:nesc	12
minecraft:worldgen/structure_piece	minecraft:nesclt	11
minecraft:worldgen/structure_piece	minecraft:nescrt	13
minecraft:worldgen/structure_piece	minecraft:nescsc	10
minecraft:worldgen/structure_piece	minecraft:nesr	17
minecraft:worldgen/structure_piece	minecraft:nestart	18
minecraft:worldgen/structure_piece	minecraft:omb	38
minecraft:worldgen/structure_piece	minecraft:omcr	39
minecraft:worldgen/structure_piece	minecraft:omdxr	40
minecraft:worldgen/structure_piece	minecraft:omdxyr	41
minecraft:worldgen/structure_piece	minecraft:omdyr	42
minecraft:worldgen/structure_piece	minecraft:omdyzr	43
minecraft:worldgen/structure_piece	minecraft:omdzr	44
minecraft:worldgen/structure_piece	minecraft:omentry	45
minecraft:worldgen/structure_piece	minecraft:ompenthouse	46
minecraft:worldgen/structure_piece	minecraft:omsimple	47
minecraft:worldgen/structure_piece	minecraft:omsimplet	48
minecraft:worldgen/structure_piece	minecraft:omwr	49
minecraft:worldgen/structure_piece	minecraft:orp	33
minecraft:worldgen/structure_piece	minecraft:rupo	35
minecraft:worldgen/structure_piece	minecraft:sh5c	21
minecraft:worldgen/structure_piece	minecraft:shcc	19
minecraft:worldgen/structure_piece	minecraft:shfc	20
minecraft:worldgen/structure_piece	minecraft:shipwreck	53
minecraft:worldgen/structure_piece	minecraft:shli	23
minecraft:worldgen/structure_piece	minecraft:shlt	22
minecraft:worldgen/structure_piece	minecraft:shph	25
minecraft:worldgen/structure_piece	minecraft:shpr	24
minecraft:worldgen/structure_piece	minecraft:shrc	27
minecraft:worldgen/structure_piece	minecraft:shrt	26
minecraft:worldgen/structure_piece	minecraft:shs	30
minecraft:worldgen/structure_piece	minecraft:shsd	28
minecraft:worldgen/structure_piece	minecraft:shssd	31
minecraft:worldgen/structure_piece	minecraft:shstart	29
minecraft:worldgen/structure_piece	minecraft:tedp	37
minecraft:worldgen/structure_piece	minecraft:tejp	32
minecraft:worldgen/structure_piece	minecraft:tesh	36
minecraft:worldgen/structure_piece	minecraft:wmp	51
minecraft:worldgen/structure_placement	minecraft:concentric_rings	1
minecraft:worldgen/structure_placement	minecraft:random_spread	0
minecraft:worldgen/structure_pool_element	minecraft:empty_pool_element	3
minecraft:worldgen/structure_pool_element	minecraft:feature_pool_element	2
minecraft:worldgen/structure_pool_element	minecraft:legacy_single_pool_element	4
minecraft:worldgen/structure_pool_element	minecraft:list_pool_element	1
minecraft:worldgen/structure_pool_element	minecraft:single_pool_element	0
minecraft:worldgen/structure_processor	minecraft:blackstone_replace	7
minecraft:worldgen/structure_processor	minecraft:block_age	6
minecraft:worldgen/structure_processor	minecraft:block_ignore	0
minecraft:worldgen/structure_processor	minecraft:block_rot	1
minecraft:worldgen/structure_processor	minecraft:gravity	2
minecraft:worldgen/structure_processor	minecraft:jigsaw_replacement	3
minecraft:worldgen/structure_processor	minecraft:lava_submerged_block	8
minecraft:worldgen/structure_processor	minecraft:nop	5
minecraft:worldgen/structure_processor	minecraft:protected_blocks	9
minecraft:worldgen/structure_processor	minecraft:rule	4
minecraft:worldgen/structure_type	minecraft:buried_treasure	0
minecraft:worldgen/structure_type	minecraft:desert_pyramid	1
minecraft:worldgen/structure_type	minecraft:end_city	2
minecraft:worldgen/structure_type	minecraft:fortress	3
minecraft:worldgen/structure_type	minecraft:igloo	4
minecraft:worldgen/structure_type	minecraft:jigsaw	5
minecraft:worldgen/structure_type	minecraft:jungle_temple	6
minecraft:worldgen/structure_type	minecraft:mineshaft	7
minecraft:worldgen/structure_type	minecraft:nether_fossil	8
minecraft:worldgen/structure_type	minecraft:ocean_monument	9
minecraft:worldgen/structure_type	minecraft:ocean_ruin	10
minecraft:worldgen/structure_type	minecraft:ruined_portal	11
minecraft:worldgen/structure_type	minecraft:shipwreck	12
minecraft:worldgen/structure_type	minecraft:stronghold	13
minecraft:worldgen/structure_type	minecraft:swamp_hut	14
minecraft:worldgen/structure_type	minecraft:woodland_mansion	15
minecraft:worldgen/tree_decorator_type	minecraft:alter_ground	4
minecraft:worldgen/tree_decorator_type	minecraft:attached_to_leaves	5
minecraft:worldgen/tree_decorator_type	minecraft:beehive	3
minecraft:worldgen/tree_decorator_type	minecraft:cocoa	2
minecraft:worldgen/tree_decorator_type	minecraft:leave_vine	1
minecraft:worldgen/tree_decorator_type	minecraft:trunk_vine	0
minecraft:worldgen/trunk_placer_type	minecraft:bending_trunk_placer	6
minecraft:worldgen/trunk_placer_type	minecraft:dark_oak_trunk_placer	4
minecraft:worldgen/trunk_placer_type	minecraft:fancy_trunk_placer	5
minecraft:worldgen/trunk_placer_type	minecraft:forking_trunk_placer	1
minecraft:worldgen/trunk_placer_type	minecraft:giant_trunk_placer	2
minecraft:worldgen/trunk_placer_type	minecraft:mega_jungle_trunk_placer	3
minecraft:worldgen/trunk_placer_type	minecraft:straight_trunk_placer	0
minecraft:worldgen/trunk_placer_type	minecraft:upwards_branching_trunk_placer	7
