registry_id	entry_id	entry_protocol_id
minecraft:activity	minecraft:admire_item	12
minecraft:activity	minecraft:avoid	13
minecraft:activity	minecraft:celebrate	11
minecraft:activity	minecraft:core	0
minecraft:activity	minecraft:dig	25
minecraft:activity	minecraft:emerge	24
minecraft:activity	minecraft:fight	10
minecraft:activity	minecraft:hide	9
minecraft:activity	minecraft:idle	1
minecraft:activity	minecraft:investigate	22
minecraft:activity	minecraft:lay_spawn	20
minecraft:activity	minecraft:long_jump	16
minecraft:activity	minecraft:meet	5
minecraft:activity	minecraft:panic	6
minecraft:activity	minecraft:play	3
minecraft:activity	minecraft:play_dead	15
minecraft:activity	minecraft:pre_raid	8
minecraft:activity	minecraft:raid	7
minecraft:activity	minecraft:ram	17
minecraft:activity	minecraft:rest	4
minecraft:activity	minecraft:ride	14
minecraft:activity	minecraft:roar	23
minecraft:activity	minecraft:sniff	21
minecraft:activity	minecraft:swim	19
minecraft:activity	minecraft:tongue	18
minecraft:activity	minecraft:work	2
minecraft:attribute	minecraft:generic.armor	8
minecraft:attribute	minecraft:generic.armor_toughness	9
minecraft:attribute	minecraft:generic.attack_damage	5
minecraft:attribute	minecraft:generic.attack_knockback	6
minecraft:attribute	minecraft:generic.attack_speed	7
minecraft:attribute	minecraft:generic.flying_speed	4
minecraft:attribute	minecraft:generic.follow_range	1
minecraft:attribute	minecraft:generic.knockback_resistance	2
minecraft:attribute	minecraft:generic.luck	10
minecraft:attribute	minecraft:generic.max_health	0
minecraft:attribute	minecraft:generic.movement_speed	3
minecraft:attribute	minecraft:horse.jump_strength	12
minecraft:attribute	minecraft:zombie.spawn_reinforcements	11
minecraft:banner_pattern	minecraft:base	0
minecraft:banner_pattern	minecraft:border	30
minecraft:banner_pattern	minecraft:bricks	34
minecraft:banner_pattern	minecraft:circle	24
minecraft:banner_pattern	minecraft:creeper	36
minecraft:banner_pattern	minecraft:cross	14
minecraft:banner_pattern	minecraft:curly_border	31
minecraft:banner_pattern	minecraft:diagonal_left	20
minecraft:banner_pattern	minecraft:diagonal_right	23
minecraft:banner_pattern	minecraft:diagonal_up_left	22
minecraft:banner_pattern	minecraft:diagonal_up_right	21
minecraft:banner_pattern	minecraft:flower	38
minecraft:banner_pattern	minecraft:globe	35
minecraft:banner_pattern	minecraft:gradient	32
minecraft:banner_pattern	minecraft:gradient_up	33
minecraft:banner_pattern	minecraft:half_horizontal	27
minecraft:banner_pattern	minecraft:half_horizontal_bottom	29
minecraft:banner_pattern	minecraft:half_vertical	26
minecraft:banner_pattern	minecraft:half_vertical_right	28
minecraft:banner_pattern	minecraft:mojang	39
minecraft:banner_pattern	minecraft:piglin	40
minecraft:banner_pattern	minecraft:rhombus	25
minecraft:banner_pattern	minecraft:skull	37
minecraft:banner_pattern	minecraft:small_stripes	13
minecraft:banner_pattern	minecraft:square_bottom_left	1
minecraft:banner_pattern	minecraft:square_bottom_right	2
minecraft:banner_pattern	minecraft:square_top_left	3
minecraft:banner_pattern	minecraft:square_top_right	4
minecraft:banner_pattern	minecraft:straight_cross	15
minecraft:banner_pattern	minecraft:stripe_bottom	5
minecraft:banner_pattern	minecraft:stripe_center	9
minecraft:banner_pattern	minecraft:stripe_downleft	12
minecraft:banner_pattern	minecraft:stripe_downright	11
minecraft:banner_pattern	minecraft:stripe_left	7
minecraft:banner_pattern	minecraft:stripe_middle	10
minecraft:banner_pattern	minecraft:stripe_right	8
minecraft:banner_pattern	minecraft:stripe_top	6
minecraft:banner_pattern	minecraft:triangle_bottom	16
minecraft:banner_pattern	minecraft:triangle_top	17
minecraft:banner_pattern	minecraft:triangles_bottom	18
minecraft:banner_pattern	minecraft:triangles_top	19
minecraft:block	minecraft:acacia_button	388
minecraft:block	minecraft:acacia_door	585
minecraft:block	minecraft:acacia_fence	577
minecraft:block	minecraft:acacia_fence_gate	569
minecraft:block	minecraft:acacia_hanging_sign	210
minecraft:block	minecraft:acacia_leaves	85
minecraft:block	minecraft:acacia_log	49
minecraft:block	minecraft:acacia_planks	17
minecraft:block	minecraft:acacia_pressure_plate	236
minecraft:block	minecraft:acacia_sapling	27
minecraft:block	minecraft:acacia_sign	188
minecraft:block	minecraft:acacia_slab	542
minecraft:block	minecraft:acacia_stairs	456
minecraft:block	minecraft:acacia_trapdoor	288
minecraft:block	minecraft:acacia_wall_hanging_sign	221
minecraft:block	minecraft:acacia_wall_sign	201
minecraft:block	minecraft:acacia_wood	69
minecraft:block	minecraft:activator_rail	422
minecraft:block	minecraft:air	0
minecraft:block	minecraft:allium	150
minecraft:block	minecraft:amethyst_block	899
minecraft:block	minecraft:amethyst_cluster	901
minecraft:block	minecraft:ancient_debris	837
minecraft:block	minecraft:andesite	6
minecraft:block	minecraft:andesite_slab	751
minecraft:block	minecraft:andesite_stairs	738
minecraft:block	minecraft:andesite_wall	763
minecraft:block	minecraft:anvil	407
minecraft:block	minecraft:attached_melon_stem	313
minecraft:block	minecraft:attached_pumpkin_stem	312
minecraft:block	minecraft:azalea	954
minecraft:block	minecraft:azalea_leaves	89
minecraft:block	minecraft:azure_bluet	151
minecraft:block	minecraft:bamboo	723
minecraft:block	minecraft:bamboo_block	55
minecraft:block	minecraft:bamboo_button	392
minecraft:block	minecraft:bamboo_door	589
minecraft:block	minecraft:bamboo_fence	581
minecraft:block	minecraft:bamboo_fence_gate	573
minecraft:block	minecraft:bamboo_hanging_sign	217
minecraft:block	minecraft:bamboo_mosaic	22
minecraft:block	minecraft:bamboo_mosaic_slab	547
minecraft:block	minecraft:bamboo_mosaic_stairs	461
minecraft:block	minecraft:bamboo_planks	21
minecraft:block	minecraft:bamboo_pressure_plate	240
minecraft:block	minecraft:bamboo_sapling	722
minecraft:block	minecraft:bamboo_sign	193
minecraft:block	minecraft:bamboo_slab	546
minecraft:block	minecraft:bamboo_stairs	460
minecraft:block	minecraft:bamboo_trapdoor	292
minecraft:block	minecraft:bamboo_wall_hanging_sign	228
minecraft:block	minecraft:bamboo_wall_sign	206
minecraft:block	minecraft:barrel	770
minecraft:block	minecraft:barrier	463
minecraft:block	minecraft:basalt	258
minecraft:block	minecraft:beacon	351
minecraft:block	minecraft:bedrock	31
minecraft:block	minecraft:bee_nest	832
minecraft:block	minecraft:beehive	833
minecraft:block	minecraft:beetroots	598
minecraft:block	minecraft:bell	779
minecraft:block	minecraft:big_dripleaf	959
minecraft:block	minecraft:big_dripleaf_stem	960
minecraft:block	minecraft:birch_button	386
minecraft:block	minecraft:birch_door	583
minecraft:block	minecraft:birch_fence	575
minecraft:block	minecraft:birch_fence_gate	567
minecraft:block	minecraft:birch_hanging_sign	209
minecraft:block	minecraft:birch_leaves	83
minecraft:block	minecraft:birch_log	47
minecraft:block	minecraft:birch_planks	15
minecraft:block	minecraft:birch_pressure_plate	234
minecraft:block	minecraft:birch_sapling	25
minecraft:block	minecraft:birch_sign	187
minecraft:block	minecraft:birch_slab	540
minecraft:block	minecraft:birch_stairs	348
minecraft:block	minecraft:birch_trapdoor	286
minecraft:block	minecraft:birch_wall_hanging_sign	220
minecraft:block	minecraft:birch_wall_sign	200
minecraft:block	minecraft:birch_wood	67
minecraft:block	minecraft:black_banner	517
minecraft:block	minecraft:black_bed	117
minecraft:block	minecraft:black_candle	881
minecraft:block	minecraft:black_candle_cake	898
minecraft:block	minecraft:black_carpet	492
minecraft:block	minecraft:black_concrete	658
minecraft:block	minecraft:black_concrete_powder	674
minecraft:block	minecraft:black_glazed_terracotta	642
minecraft:block	minecraft:black_shulker_box	626
minecraft:block	minecraft:black_stained_glass	283
minecraft:block	minecraft:black_stained_glass_pane	455
minecraft:block	minecraft:black_terracotta	439
minecraft:block	minecraft:black_wall_banner	533
minecraft:block	minecraft:black_wool	144
minecraft:block	minecraft:blackstone	845
minecraft:block	minecraft:blackstone_slab	848
minecraft:block	minecraft:blackstone_stairs	846
minecraft:block	minecraft:blackstone_wall	847
minecraft:block	minecraft:blast_furnace	772
minecraft:block	minecraft:blue_banner	513
minecraft:block	minecraft:blue_bed	113
minecraft:block	minecraft:blue_candle	877
minecraft:block	minecraft:blue_candle_cake	894
minecraft:block	minecraft:blue_carpet	488
minecraft:block	minecraft:blue_concrete	654
minecraft:block	minecraft:blue_concrete_powder	670
minecraft:block	minecraft:blue_glazed_terracotta	638
minecraft:block	minecraft:blue_ice	720
minecraft:block	minecraft:blue_orchid	149
minecraft:block	minecraft:blue_shulker_box	622
minecraft:block	minecraft:blue_stained_glass	279
minecraft:block	minecraft:blue_stained_glass_pane	451
minecraft:block	minecraft:blue_terracotta	435
minecraft:block	minecraft:blue_wall_banner	529
minecraft:block	minecraft:blue_wool	140
minecraft:block	minecraft:bone_block	607
minecraft:block	minecraft:bookshelf	166
minecraft:block	minecraft:brain_coral	695
minecraft:block	minecraft:brain_coral_block	685
minecraft:block	minecraft:brain_coral_fan	705
minecraft:block	minecraft:brain_coral_wall_fan	715
minecraft:block	minecraft:brewing_stand	329
minecraft:block	minecraft:brick_slab	554
minecraft:block	minecraft:brick_stairs	319
minecraft:block	minecraft:brick_wall	755
minecraft:block	minecraft:bricks	164
minecraft:block	minecraft:brown_banner	514
minecraft:block	minecraft:brown_bed	114
minecraft:block	minecraft:brown_candle	878
minecraft:block	minecraft:brown_candle_cake	895
minecraft:block	minecraft:brown_carpet	489
minecraft:block	minecraft:brown_concrete	655
minecraft:block	minecraft:brown_concrete_powder	671
minecraft:block	minecraft:brown_glazed_terracotta	639
minecraft:block	minecraft:brown_mushroom	160
minecraft:block	minecraft:brown_mushroom_block	305
minecraft:block	minecraft:brown_shulker_box	623
minecraft:block	minecraft:brown_stained_glass	280
minecraft:block	minecraft:brown_stained_glass_pane	452
minecraft:block	minecraft:brown_terracotta	436
minecraft:block	minecraft:brown_wall_banner	530
minecraft:block	minecraft:brown_wool	141
minecraft:block	minecraft:bubble_column	727
minecraft:block	minecraft:bubble_coral	696
minecraft:block	minecraft:bubble_coral_block	686
minecraft:block	minecraft:bubble_coral_fan	706
minecraft:block	minecraft:bubble_coral_wall_fan	716
minecraft:block	minecraft:budding_amethyst	900
minecraft:block	minecraft:cactus	249
minecraft:block	minecraft:cake	266
minecraft:block	minecraft:calcite	906
minecraft:block	minecraft:campfire	782
minecraft:block	minecraft:candle	865
minecraft:block	minecraft:candle_cake	882
minecraft:block	minecraft:carrots	382
minecraft:block	minecraft:cartography_table	773
minecraft:block	minecraft:carved_pumpkin	264
minecraft:block	minecraft:cauldron	330
minecraft:block	minecraft:cave_air	726
minecraft:block	minecraft:cave_vines	951
minecraft:block	minecraft:cave_vines_plant	952
minecraft:block	minecraft:chain	309
minecraft:block	minecraft:chain_command_block	602
minecraft:block	minecraft:cherry_button	389
minecraft:block	minecraft:cherry_door	586
minecraft:block	minecraft:cherry_fence	578
minecraft:block	minecraft:cherry_fence_gate	570
minecraft:block	minecraft:cherry_hanging_sign	211
minecraft:block	minecraft:cherry_leaves	86
minecraft:block	minecraft:cherry_log	50
minecraft:block	minecraft:cherry_planks	18
minecraft:block	minecraft:cherry_pressure_plate	237
minecraft:block	minecraft:cherry_sapling	28
minecraft:block	minecraft:cherry_sign	189
minecraft:block	minecraft:cherry_slab	543
minecraft:block	minecraft:cherry_stairs	457
minecraft:block	minecraft:cherry_trapdoor	289
minecraft:block	minecraft:cherry_wall_hanging_sign	222
minecraft:block	minecraft:cherry_wall_sign	202
minecraft:block	minecraft:cherry_wood	70
minecraft:block	minecraft:chest	176
minecraft:block	minecraft:chipped_anvil	408
minecraft:block	minecraft:chiseled_bookshelf	167
minecraft:block	minecraft:chiseled_deepslate	982
minecraft:block	minecraft:chiseled_nether_bricks	862
minecraft:block	minecraft:chiseled_polished_blackstone	852
minecraft:block	minecraft:chiseled_quartz_block	419
minecraft:block	minecraft:chiseled_red_sandstone	535
minecraft:block	minecraft:chiseled_sandstone	99
minecraft:block	minecraft:chiseled_stone_bricks	296
minecraft:block	minecraft:chorus_flower	592
minecraft:block	minecraft:chorus_plant	591
minecraft:block	minecraft:clay	250
minecraft:block	minecraft:coal_block	494
minecraft:block	minecraft:coal_ore	42
minecraft:block	minecraft:coarse_dirt	10
minecraft:block	minecraft:cobbled_deepslate	966
minecraft:block	minecraft:cobbled_deepslate_slab	968
minecraft:block	minecraft:cobbled_deepslate_stairs	967
minecraft:block	minecraft:cobbled_deepslate_wall	969
minecraft:block	minecraft:cobblestone	12
minecraft:block	minecraft:cobblestone_slab	553
minecraft:block	minecraft:cobblestone_stairs	197
minecraft:block	minecraft:cobblestone_wall	352
minecraft:block	minecraft:cobweb	121
minecraft:block	minecraft:cocoa	339
minecraft:block	minecraft:command_block	350
minecraft:block	minecraft:comparator	413
minecraft:block	minecraft:composter	830
minecraft:block	minecraft:conduit	721
minecraft:block	minecraft:copper_block	917
minecraft:block	minecraft:copper_ore	918
minecraft:block	minecraft:cornflower	157
minecraft:block	minecraft:cracked_deepslate_bricks	983
minecraft:block	minecraft:cracked_deepslate_tiles	984
minecraft:block	minecraft:cracked_nether_bricks	863
minecraft:block	minecraft:cracked_polished_blackstone_bricks	851
minecraft:block	minecraft:cracked_stone_bricks	295
minecraft:block	minecraft:crafting_table	181
minecraft:block	minecraft:creeper_head	401
minecraft:block	minecraft:creeper_wall_head	402
minecraft:block	minecraft:crimson_button	820
minecraft:block	minecraft:crimson_door	822
minecraft:block	minecraft:crimson_fence	812
minecraft:block	minecraft:crimson_fence_gate	816
minecraft:block	minecraft:crimson_fungus	799
minecraft:block	minecraft:crimson_hanging_sign	214
minecraft:block	minecraft:crimson_hyphae	796
minecraft:block	minecraft:crimson_nylium	798
minecraft:block	minecraft:crimson_planks	806
minecraft:block	minecraft:crimson_pressure_plate	810
minecraft:block	minecraft:crimson_roots	805
minecraft:block	minecraft:crimson_sign	824
minecraft:block	minecraft:crimson_slab	808
minecraft:block	minecraft:crimson_stairs	818
minecraft:block	minecraft:crimson_stem	794
minecraft:block	minecraft:crimson_trapdoor	814
minecraft:block	minecraft:crimson_wall_hanging_sign	226
minecraft:block	minecraft:crimson_wall_sign	826
minecraft:block	minecraft:crying_obsidian	838
minecraft:block	minecraft:cut_copper	923
minecraft:block	minecraft:cut_copper_slab	931
minecraft:block	minecraft:cut_copper_stairs	927
minecraft:block	minecraft:cut_red_sandstone	536
minecraft:block	minecraft:cut_red_sandstone_slab	560
minecraft:block	minecraft:cut_sandstone	100
minecraft:block	minecraft:cut_sandstone_slab	551
minecraft:block	minecraft:cyan_banner	511
minecraft:block	minecraft:cyan_bed	111
minecraft:block	minecraft:cyan_candle	875
minecraft:block	minecraft:cyan_candle_cake	892
minecraft:block	minecraft:cyan_carpet	486
minecraft:block	minecraft:cyan_concrete	652
minecraft:block	minecraft:cyan_concrete_powder	668
minecraft:block	minecraft:cyan_glazed_terracotta	636
minecraft:block	minecraft:cyan_shulker_box	620
minecraft:block	minecraft:cyan_stained_glass	277
minecraft:block	minecraft:cyan_stained_glass_pane	449
minecraft:block	minecraft:cyan_terracotta	433
minecraft:block	minecraft:cyan_wall_banner	527
minecraft:block	minecraft:cyan_wool	138
minecraft:block	minecraft:damaged_anvil	409
minecraft:block	minecraft:dandelion	146
minecraft:block	minecraft:dark_oak_button	390
minecraft:block	minecraft:dark_oak_door	587
minecraft:block	minecraft:dark_oak_fence	579
minecraft:block	minecraft:dark_oak_fence_gate	571
minecraft:block	minecraft:dark_oak_hanging_sign	213
minecraft:block	minecraft:dark_oak_leaves	87
minecraft:block	minecraft:dark_oak_log	51
minecraft:block	minecraft:dark_oak_planks	19
minecraft:block	minecraft:dark_oak_pressure_plate	238
minecraft:block	minecraft:dark_oak_sapling	29
minecraft:block	minecraft:dark_oak_sign	191
minecraft:block	minecraft:dark_oak_slab	544
minecraft:block	minecraft:dark_oak_stairs	458
minecraft:block	minecraft:dark_oak_trapdoor	290
minecraft:block	minecraft:dark_oak_wall_hanging_sign	224
minecraft:block	minecraft:dark_oak_wall_sign	204
minecraft:block	minecraft:dark_oak_wood	71
minecraft:block	minecraft:dark_prismarine	468
minecraft:block	minecraft:dark_prismarine_slab	474
minecraft:block	minecraft:dark_prismarine_stairs	471
minecraft:block	minecraft:daylight_detector	414
minecraft:block	minecraft:dead_brain_coral	690
minecraft:block	minecraft:dead_brain_coral_block	680
minecraft:block	minecraft:dead_brain_coral_fan	700
minecraft:block	minecraft:dead_brain_coral_wall_fan	710
minecraft:block	minecraft:dead_bubble_coral	691
minecraft:block	minecraft:dead_bubble_coral_block	681
minecraft:block	minecraft:dead_bubble_coral_fan	701
minecraft:block	minecraft:dead_bubble_coral_wall_fan	711
minecraft:block	minecraft:dead_bush	124
minecraft:block	minecraft:dead_fire_coral	692
minecraft:block	minecraft:dead_fire_coral_block	682
minecraft:block	minecraft:dead_fire_coral_fan	702
minecraft:block	minecraft:dead_fire_coral_wall_fan	712
minecraft:block	minecraft:dead_horn_coral	693
minecraft:block	minecraft:dead_horn_coral_block	683
minecraft:block	minecraft:dead_horn_coral_fan	703
minecraft:block	minecraft:dead_horn_coral_wall_fan	713
minecraft:block	minecraft:dead_tube_coral	689
minecraft:block	minecraft:dead_tube_coral_block	679
minecraft:block	minecraft:dead_tube_coral_fan	699
minecraft:block	minecraft:dead_tube_coral_wall_fan	709
minecraft:block	minecraft:decorated_pot	997
minecraft:block	minecraft:deepslate	965
minecraft:block	minecraft:deepslate_brick_slab	980
minecraft:block	minecraft:deepslate_brick_stairs	979
minecraft:block	minecraft:deepslate_brick_wall	981
minecraft:block	minecraft:deepslate_bricks	978
minecraft:block	minecraft:deepslate_coal_ore	43
minecraft:block	minecraft:deepslate_copper_ore	919
minecraft:block	minecraft:deepslate_diamond_ore	179
minecraft:block	minecraft:deepslate_emerald_ore	342
minecraft:block	minecraft:deepslate_gold_ore	39
minecraft:block	minecraft:deepslate_iron_ore	41
minecraft:block	minecraft:deepslate_lapis_ore	95
minecraft:block	minecraft:deepslate_redstone_ore	242
minecraft:block	minecraft:deepslate_tile_slab	976
minecraft:block	minecraft:deepslate_tile_stairs	975
minecraft:block	minecraft:deepslate_tile_wall	977
minecraft:block	minecraft:deepslate_tiles	974
minecraft:block	minecraft:detector_rail	119
minecraft:block	minecraft:diamond_block	180
minecraft:block	minecraft:diamond_ore	178
minecraft:block	minecraft:diorite	4
minecraft:block	minecraft:diorite_slab	754
minecraft:block	minecraft:diorite_stairs	741
minecraft:block	minecraft:diorite_wall	767
minecraft:block	minecraft:dirt	9
minecraft:block	minecraft:dirt_path	599
minecraft:block	minecraft:dispenser	97
minecraft:block	minecraft:dragon_egg	337
minecraft:block	minecraft:dragon_head	403
minecraft:block	minecraft:dragon_wall_head	404
minecraft:block	minecraft:dried_kelp_block	677
minecraft:block	minecraft:dripstone_block	950
minecraft:block	minecraft:dropper	423
minecraft:block	minecraft:emerald_block	346
minecraft:block	minecraft:emerald_ore	341
minecraft:block	minecraft:enchanting_table	328
minecraft:block	minecraft:end_gateway	600
minecraft:block	minecraft:end_portal	334
minecraft:block	minecraft:end_portal_frame	335
minecraft:block	minecraft:end_rod	590
minecraft:block	minecraft:end_stone	336
minecraft:block	minecraft:end_stone_brick_slab	747
minecraft:block	minecraft:end_stone_brick_stairs	733
minecraft:block	minecraft:end_stone_brick_wall	766
minecraft:block	minecraft:end_stone_bricks	596
minecraft:block	minecraft:ender_chest	343
minecraft:block	minecraft:exposed_copper	916
minecraft:block	minecraft:exposed_cut_copper	922
minecraft:block	minecraft:exposed_cut_copper_slab	930
minecraft:block	minecraft:exposed_cut_copper_stairs	926
minecraft:block	minecraft:farmland	183
minecraft:block	minecraft:fern	123
minecraft:block	minecraft:fire	172
minecraft:block	minecraft:fire_coral	697
minecraft:block	minecraft:fire_coral_block	687
minecraft:block	minecraft:fire_coral_fan	707
minecraft:block	minecraft:fire_coral_wall_fan	717
minecraft:block	minecraft:fletching_table	774
minecraft:block	minecraft:flower_pot	354
minecraft:block	minecraft:flowering_azalea	955
minecraft:block	minecraft:flowering_azalea_leaves	90
minecraft:block	minecraft:frogspawn	995
minecraft:block	minecraft:frosted_ice	603
minecraft:block	minecraft:furnace	184
minecraft:block	minecraft:gilded_blackstone	856
minecraft:block	minecraft:glass	93
minecraft:block	minecraft:glass_pane	310
minecraft:block	minecraft:glow_lichen	317
minecraft:block	minecraft:glowstone	262
minecraft:block	minecraft:gold_block	162
minecraft:block	minecraft:gold_ore	38
minecraft:block	minecraft:granite	2
minecraft:block	minecraft:granite_slab	750
minecraft:block	minecraft:granite_stairs	737
minecraft:block	minecraft:granite_wall	759
minecraft:block	minecraft:grass	122
minecraft:block	minecraft:grass_block	8
minecraft:block	minecraft:gravel	37
minecraft:block	minecraft:gray_banner	509
minecraft:block	minecraft:gray_bed	109
minecraft:block	minecraft:gray_candle	873
minecraft:block	minecraft:gray_candle_cake	890
minecraft:block	minecraft:gray_carpet	484
minecraft:block	minecraft:gray_concrete	650
minecraft:block	minecraft:gray_concrete_powder	666
minecraft:block	minecraft:gray_glazed_terracotta	634
minecraft:block	minecraft:gray_shulker_box	618
minecraft:block	minecraft:gray_stained_glass	275
minecraft:block	minecraft:gray_stained_glass_pane	447
minecraft:block	minecraft:gray_terracotta	431
minecraft:block	minecraft:gray_wall_banner	525
minecraft:block	minecraft:gray_wool	136
minecraft:block	minecraft:green_banner	515
minecraft:block	minecraft:green_bed	115
minecraft:block	minecraft:green_candle	879
minecraft:block	minecraft:green_candle_cake	896
minecraft:block	minecraft:green_carpet	490
minecraft:block	minecraft:green_concrete	656
minecraft:block	minecraft:green_concrete_powder	672
minecraft:block	minecraft:green_glazed_terracotta	640
minecraft:block	minecraft:green_shulker_box	624
minecraft:block	minecraft:green_stained_glass	281
minecraft:block	minecraft:green_stained_glass_pane	453
minecraft:block	minecraft:green_terracotta	437
minecraft:block	minecraft:green_wall_banner	531
minecraft:block	minecraft:green_wool	142
minecraft:block	minecraft:grindstone	775
minecraft:block	minecraft:hanging_roots	962
minecraft:block	minecraft:hay_block	476
minecraft:block	minecraft:heavy_weighted_pressure_plate	412
minecraft:block	minecraft:honey_block	834
minecraft:block	minecraft:honeycomb_block	835
minecraft:block	minecraft:hopper	417
minecraft:block	minecraft:horn_coral	698
minecraft:block	minecraft:horn_coral_block	688
minecraft:block	minecraft:horn_coral_fan	708
minecraft:block	minecraft:horn_coral_wall_fan	718
minecraft:block	minecraft:ice	247
minecraft:block	minecraft:infested_chiseled_stone_bricks	304
minecraft:block	minecraft:infested_cobblestone	300
minecraft:block	minecraft:infested_cracked_stone_bricks	303
minecraft:block	minecraft:infested_deepslate	985
minecraft:block	minecraft:infested_mossy_stone_bricks	302
minecraft:block	minecraft:infested_stone	299
minecraft:block	minecraft:infested_stone_bricks	301
minecraft:block	minecraft:iron_bars	308
minecraft:block	minecraft:iron_block	163
minecraft:block	minecraft:iron_door	231
minecraft:block	minecraft:iron_ore	40
minecraft:block	minecraft:iron_trapdoor	465
minecraft:block	minecraft:jack_o_lantern	265
minecraft:block	minecraft:jigsaw	829
minecraft:block	minecraft:jukebox	252
minecraft:block	minecraft:jungle_button	387
minecraft:block	minecraft:jungle_door	584
minecraft:block	minecraft:jungle_fence	576
minecraft:block	minecraft:jungle_fence_gate	568
minecraft:block	minecraft:jungle_hanging_sign	212
minecraft:block	minecraft:jungle_leaves	84
minecraft:block	minecraft:jungle_log	48
minecraft:block	minecraft:jungle_planks	16
minecraft:block	minecraft:jungle_pressure_plate	235
minecraft:block	minecraft:jungle_sapling	26
minecraft:block	minecraft:jungle_sign	190
minecraft:block	minecraft:jungle_slab	541
minecraft:block	minecraft:jungle_stairs	349
minecraft:block	minecraft:jungle_trapdoor	287
minecraft:block	minecraft:jungle_wall_hanging_sign	223
minecraft:block	minecraft:jungle_wall_sign	203
minecraft:block	minecraft:jungle_wood	68
minecraft:block	minecraft:kelp	675
minecraft:block	minecraft:kelp_plant	676
minecraft:block	minecraft:ladder	195
minecraft:block	minecraft:lantern	780
minecraft:block	minecraft:lapis_block	96
minecraft:block	minecraft:lapis_ore	94
minecraft:block	minecraft:large_amethyst_bud	902
minecraft:block	minecraft:large_fern	501
minecraft:block	minecraft:lava	33
minecraft:block	minecraft:lava_cauldron	332
minecraft:block	minecraft:lectern	776
minecraft:block	minecraft:lever	229
minecraft:block	minecraft:light	464
minecraft:block	minecraft:light_blue_banner	505
minecraft:block	minecraft:light_blue_bed	105
minecraft:block	minecraft:light_blue_candle	869
minecraft:block	minecraft:light_blue_candle_cake	886
minecraft:block	minecraft:light_blue_carpet	480
minecraft:block	minecraft:light_blue_concrete	646
minecraft:block	minecraft:light_blue_concrete_powder	662
minecraft:block	minecraft:light_blue_glazed_terracotta	630
minecraft:block	minecraft:light_blue_shulker_box	614
minecraft:block	minecraft:light_blue_stained_glass	271
minecraft:block	minecraft:light_blue_stained_glass_pane	443
minecraft:block	minecraft:light_blue_terracotta	427
minecraft:block	minecraft:light_blue_wall_banner	521
minecraft:block	minecraft:light_blue_wool	132
minecraft:block	minecraft:light_gray_banner	510
minecraft:block	minecraft:light_gray_bed	110
minecraft:block	minecraft:light_gray_candle	874
minecraft:block	minecraft:light_gray_candle_cake	891
minecraft:block	minecraft:light_gray_carpet	485
minecraft:block	minecraft:light_gray_concrete	651
minecraft:block	minecraft:light_gray_concrete_powder	667
minecraft:block	minecraft:light_gray_glazed_terracotta	635
minecraft:block	minecraft:light_gray_shulker_box	619
minecraft:block	minecraft:light_gray_stained_glass	276
minecraft:block	minecraft:light_gray_stained_glass_pane	448
minecraft:block	minecraft:light_gray_terracotta	432
minecraft:block	minecraft:light_gray_wall_banner	526
minecraft:block	minecraft:light_gray_wool	137
minecraft:block	minecraft:light_weighted_pressure_plate	411
minecraft:block	minecraft:lightning_rod	948
minecraft:block	minecraft:lilac	497
minecraft:block	minecraft:lily_of_the_valley	159
minecraft:block	minecraft:lily_pad	323
minecraft:block	minecraft:lime_banner	507
minecraft:block	minecraft:lime_bed	107
minecraft:block	minecraft:lime_candle	871
minecraft:block	minecraft:lime_candle_cake	888
minecraft:block	minecraft:lime_carpet	482
minecraft:block	minecraft:lime_concrete	648
minecraft:block	minecraft:lime_concrete_powder	664
minecraft:block	minecraft:lime_glazed_terracotta	632
minecraft:block	minecraft:lime_shulker_box	616
minecraft:block	minecraft:lime_stained_glass	273
minecraft:block	minecraft:lime_stained_glass_pane	445
minecraft:block	minecraft:lime_terracotta	429
minecraft:block	minecraft:lime_wall_banner	523
minecraft:block	minecraft:lime_wool	134
minecraft:block	minecraft:lodestone	844
minecraft:block	minecraft:loom	769
minecraft:block	minecraft:magenta_banner	504
minecraft:block	minecraft:magenta_bed	104
minecraft:block	minecraft:magenta_candle	868
minecraft:block	minecraft:magenta_candle_cake	885
minecraft:block	minecraft:magenta_carpet	479
minecraft:block	minecraft:magenta_concrete	645
minecraft:block	minecraft:magenta_concrete_powder	661
minecraft:block	minecraft:magenta_glazed_terracotta	629
minecraft:block	minecraft:magenta_shulker_box	613
minecraft:block	minecraft:magenta_stained_glass	270
minecraft:block	minecraft:magenta_stained_glass_pane	442
minecraft:block	minecraft:magenta_terracotta	426
minecraft:block	minecraft:magenta_wall_banner	520
minecraft:block	minecraft:magenta_wool	131
minecraft:block	minecraft:magma_block	604
minecraft:block	minecraft:mangrove_button	391
minecraft:block	minecraft:mangrove_door	588
minecraft:block	minecraft:mangrove_fence	580
minecraft:block	minecraft:mangrove_fence_gate	572
minecraft:block	minecraft:mangrove_hanging_sign	216
minecraft:block	minecraft:mangrove_leaves	88
minecraft:block	minecraft:mangrove_log	52
minecraft:block	minecraft:mangrove_planks	20
minecraft:block	minecraft:mangrove_pressure_plate	239
minecraft:block	minecraft:mangrove_propagule	30
minecraft:block	minecraft:mangrove_roots	53
minecraft:block	minecraft:mangrove_sign	192
minecraft:block	minecraft:mangrove_slab	545
minecraft:block	minecraft:mangrove_stairs	459
minecraft:block	minecraft:mangrove_trapdoor	291
minecraft:block	minecraft:mangrove_wall_hanging_sign	225
minecraft:block	minecraft:mangrove_wall_sign	205
minecraft:block	minecraft:mangrove_wood	72
minecraft:block	minecraft:medium_amethyst_bud	903
minecraft:block	minecraft:melon	311
minecraft:block	minecraft:melon_stem	315
minecraft:block	minecraft:moss_block	958
minecraft:block	minecraft:moss_carpet	956
minecraft:block	minecraft:mossy_cobblestone	168
minecraft:block	minecraft:mossy_cobblestone_slab	746
minecraft:block	minecraft:mossy_cobblestone_stairs	732
minecraft:block	minecraft:mossy_cobblestone_wall	353
minecraft:block	minecraft:mossy_stone_brick_slab	744
minecraft:block	minecraft:mossy_stone_brick_stairs	730
minecraft:block	minecraft:mossy_stone_brick_wall	758
minecraft:block	minecraft:mossy_stone_bricks	294
minecraft:block	minecraft:moving_piston	145
minecraft:block	minecraft:mud	964
minecraft:block	minecraft:mud_brick_slab	556
minecraft:block	minecraft:mud_brick_stairs	321
minecraft:block	minecraft:mud_brick_wall	761
minecraft:block	minecraft:mud_bricks	298
minecraft:block	minecraft:muddy_mangrove_roots	54
minecraft:block	minecraft:mushroom_stem	307
minecraft:block	minecraft:mycelium	322
minecraft:block	minecraft:nether_brick_fence	325
minecraft:block	minecraft:nether_brick_slab	557
minecraft:block	minecraft:nether_brick_stairs	326
minecraft:block	minecraft:nether_brick_wall	762
minecraft:block	minecraft:nether_bricks	324
minecraft:block	minecraft:nether_gold_ore	44
minecraft:block	minecraft:nether_portal	263
minecraft:block	minecraft:nether_quartz_ore	416
minecraft:block	minecraft:nether_sprouts	793
minecraft:block	minecraft:nether_wart	327
minecraft:block	minecraft:nether_wart_block	605
minecraft:block	minecraft:netherite_block	836
minecraft:block	minecraft:netherrack	255
minecraft:block	minecraft:note_block	101
minecraft:block	minecraft:oak_button	384
minecraft:block	minecraft:oak_door	194
minecraft:block	minecraft:oak_fence	253
minecraft:block	minecraft:oak_fence_gate	318
minecraft:block	minecraft:oak_hanging_sign	207
minecraft:block	minecraft:oak_leaves	81
minecraft:block	minecraft:oak_log	45
minecraft:block	minecraft:oak_planks	13
minecraft:block	minecraft:oak_pressure_plate	232
minecraft:block	minecraft:oak_sapling	23
minecraft:block	minecraft:oak_sign	185
minecraft:block	minecraft:oak_slab	538
minecraft:block	minecraft:oak_stairs	175
minecraft:block	minecraft:oak_trapdoor	284
minecraft:block	minecraft:oak_wall_hanging_sign	218
minecraft:block	minecraft:oak_wall_sign	198
minecraft:block	minecraft:oak_wood	65
minecraft:block	minecraft:observer	609
minecraft:block	minecraft:obsidian	169
minecraft:block	minecraft:ochre_froglight	992
minecraft:block	minecraft:orange_banner	503
minecraft:block	minecraft:orange_bed	103
minecraft:block	minecraft:orange_candle	867
minecraft:block	minecraft:orange_candle_cake	884
minecraft:block	minecraft:orange_carpet	478
minecraft:block	minecraft:orange_concrete	644
minecraft:block	minecraft:orange_concrete_powder	660
minecraft:block	minecraft:orange_glazed_terracotta	628
minecraft:block	minecraft:orange_shulker_box	612
minecraft:block	minecraft:orange_stained_glass	269
minecraft:block	minecraft:orange_stained_glass_pane	441
minecraft:block	minecraft:orange_terracotta	425
minecraft:block	minecraft:orange_tulip	153
minecraft:block	minecraft:orange_wall_banner	519
minecraft:block	minecraft:orange_wool	130
minecraft:block	minecraft:oxeye_daisy	156
minecraft:block	minecraft:oxidized_copper	914
minecraft:block	minecraft:oxidized_cut_copper	920
minecraft:block	minecraft:oxidized_cut_copper_slab	928
minecraft:block	minecraft:oxidized_cut_copper_stairs	924
minecraft:block	minecraft:packed_ice	495
minecraft:block	minecraft:packed_mud	297
minecraft:block	minecraft:pearlescent_froglight	994
minecraft:block	minecraft:peony	499
minecraft:block	minecraft:petrified_oak_slab	552
minecraft:block	minecraft:piglin_head	405
minecraft:block	minecraft:piglin_wall_head	406
minecraft:block	minecraft:pink_banner	508
minecraft:block	minecraft:pink_bed	108
minecraft:block	minecraft:pink_candle	872
minecraft:block	minecraft:pink_candle_cake	889
minecraft:block	minecraft:pink_carpet	483
minecraft:block	minecraft:pink_concrete	649
minecraft:block	minecraft:pink_concrete_powder	665
minecraft:block	minecraft:pink_glazed_terracotta	633
minecraft:block	minecraft:pink_petals	957
minecraft:block	minecraft:pink_shulker_box	617
minecraft:block	minecraft:pink_stained_glass	274
minecraft:block	minecraft:pink_stained_glass_pane	446
minecraft:block	minecraft:pink_terracotta	430
minecraft:block	minecraft:pink_tulip	155
minecraft:block	minecraft:pink_wall_banner	524
minecraft:block	minecraft:pink_wool	135
minecraft:block	minecraft:piston	127
minecraft:block	minecraft:piston_head	128
minecraft:block	minecraft:player_head	399
minecraft:block	minecraft:player_wall_head	400
minecraft:block	minecraft:podzol	11
minecraft:block	minecraft:pointed_dripstone	949
minecraft:block	minecraft:polished_andesite	7
minecraft:block	minecraft:polished_andesite_slab	753
minecraft:block	minecraft:polished_andesite_stairs	740
minecraft:block	minecraft:polished_basalt	259
minecraft:block	minecraft:polished_blackstone	849
minecraft:block	minecraft:polished_blackstone_brick_slab	853
minecraft:block	minecraft:polished_blackstone_brick_stairs	854
minecraft:block	minecraft:polished_blackstone_brick_wall	855
minecraft:block	minecraft:polished_blackstone_bricks	850
minecraft:block	minecraft:polished_blackstone_button	860
minecraft:block	minecraft:polished_blackstone_pressure_plate	859
minecraft:block	minecraft:polished_blackstone_slab	858
minecraft:block	minecraft:polished_blackstone_stairs	857
minecraft:block	minecraft:polished_blackstone_wall	861
minecraft:block	minecraft:polished_deepslate	970
minecraft:block	minecraft:polished_deepslate_slab	972
minecraft:block	minecraft:polished_deepslate_stairs	971
minecraft:block	minecraft:polished_deepslate_wall	973
minecraft:block	minecraft:polished_diorite	5
minecraft:block	minecraft:polished_diorite_slab	745
minecraft:block	minecraft:polished_diorite_stairs	731
minecraft:block	minecraft:polished_granite	3
minecraft:block	minecraft:polished_granite_slab	742
minecraft:block	minecraft:polished_granite_stairs	728
minecraft:block	minecraft:poppy	148
minecraft:block	minecraft:potatoes	383
minecraft:block	minecraft:potted_acacia_sapling	360
minecraft:block	minecraft:potted_allium	368
minecraft:block	minecraft:potted_azalea_bush	990
minecraft:block	minecraft:potted_azure_bluet	369
minecraft:block	minecraft:potted_bamboo	724
minecraft:block	minecraft:potted_birch_sapling	358
minecraft:block	minecraft:potted_blue_orchid	367
minecraft:block	minecraft:potted_brown_mushroom	379
minecraft:block	minecraft:potted_cactus	381
minecraft:block	minecraft:potted_cherry_sapling	361
minecraft:block	minecraft:potted_cornflower	375
minecraft:block	minecraft:potted_crimson_fungus	840
minecraft:block	minecraft:potted_crimson_roots	842
minecraft:block	minecraft:potted_dandelion	365
minecraft:block	minecraft:potted_dark_oak_sapling	362
minecraft:block	minecraft:potted_dead_bush	380
minecraft:block	minecraft:potted_fern	364
minecraft:block	minecraft:potted_flowering_azalea_bush	991
minecraft:block	minecraft:potted_jungle_sapling	359
minecraft:block	minecraft:potted_lily_of_the_valley	376
minecraft:block	minecraft:potted_mangrove_propagule	363
minecraft:block	minecraft:potted_oak_sapling	356
minecraft:block	minecraft:potted_orange_tulip	371
minecraft:block	minecraft:potted_oxeye_daisy	374
minecraft:block	minecraft:potted_pink_tulip	373
minecraft:block	minecraft:potted_poppy	366
minecraft:block	minecraft:potted_red_mushroom	378
minecraft:block	minecraft:potted_red_tulip	370
minecraft:block	minecraft:potted_spruce_sapling	357
minecraft:block	minecraft:potted_torchflower	355
minecraft:block	minecraft:potted_warped_fungus	841
minecraft:block	minecraft:potted_warped_roots	843
minecraft:block	minecraft:potted_white_tulip	372
minecraft:block	minecraft:potted_wither_rose	377
minecraft:block	minecraft:powder_snow	908
minecraft:block	minecraft:powder_snow_cauldron	333
minecraft:block	minecraft:powered_rail	118
minecraft:block	minecraft:prismarine	466
minecraft:block	minecraft:prismarine_brick_slab	473
minecraft:block	minecraft:prismarine_brick_stairs	470
minecraft:block	minecraft:prismarine_bricks	467
minecraft:block	minecraft:prismarine_slab	472
minecraft:block	minecraft:prismarine_stairs	469
minecraft:block	minecraft:prismarine_wall	756
minecraft:block	minecraft:pumpkin	254
minecraft:block	minecraft:pumpkin_stem	314
minecraft:block	minecraft:purple_banner	512
minecraft:block	minecraft:purple_bed	112
minecraft:block	minecraft:purple_candle	876
minecraft:block	minecraft:purple_candle_cake	893
minecraft:block	minecraft:purple_carpet	487
minecraft:block	minecraft:purple_concrete	653
minecraft:block	minecraft:purple_concrete_powder	669
minecraft:block	minecraft:purple_glazed_terracotta	637
minecraft:block	minecraft:purple_shulker_box	621
minecraft:block	minecraft:purple_stained_glass	278
minecraft:block	minecraft:purple_stained_glass_pane	450
minecraft:block	minecraft:purple_terracotta	434
minecraft:block	minecraft:purple_wall_banner	528
minecraft:block	minecraft:purple_wool	139
minecraft:block	minecraft:purpur_block	593
minecraft:block	minecraft:purpur_pillar	594
minecraft:block	minecraft:purpur_slab	561
minecraft:block	minecraft:purpur_stairs	595
minecraft:block	minecraft:quartz_block	418
minecraft:block	minecraft:quartz_bricks	864
minecraft:block	minecraft:quartz_pillar	420
minecraft:block	minecraft:quartz_slab	558
minecraft:block	minecraft:quartz_stairs	421
minecraft:block	minecraft:rail	196
minecraft:block	minecraft:raw_copper_block	988
minecraft:block	minecraft:raw_gold_block	989
minecraft:block	minecraft:raw_iron_block	987
minecraft:block	minecraft:red_banner	516
minecraft:block	minecraft:red_bed	116
minecraft:block	minecraft:red_candle	880
minecraft:block	minecraft:red_candle_cake	897
minecraft:block	minecraft:red_carpet	491
minecraft:block	minecraft:red_concrete	657
minecraft:block	minecraft:red_concrete_powder	673
minecraft:block	minecraft:red_glazed_terracotta	641
minecraft:block	minecraft:red_mushroom	161
minecraft:block	minecraft:red_mushroom_block	306
minecraft:block	minecraft:red_nether_brick_slab	752
minecraft:block	minecraft:red_nether_brick_stairs	739
minecraft:block	minecraft:red_nether_brick_wall	764
minecraft:block	minecraft:red_nether_bricks	606
minecraft:block	minecraft:red_sand	36
minecraft:block	minecraft:red_sandstone	534
minecraft:block	minecraft:red_sandstone_slab	559
minecraft:block	minecraft:red_sandstone_stairs	537
minecraft:block	minecraft:red_sandstone_wall	757
minecraft:block	minecraft:red_shulker_box	625
minecraft:block	minecraft:red_stained_glass	282
minecraft:block	minecraft:red_stained_glass_pane	454
minecraft:block	minecraft:red_terracotta	438
minecraft:block	minecraft:red_tulip	152
minecraft:block	minecraft:red_wall_banner	532
minecraft:block	minecraft:red_wool	143
minecraft:block	minecraft:redstone_block	415
minecraft:block	minecraft:redstone_lamp	338
minecraft:block	minecraft:redstone_ore	241
minecraft:block	minecraft:redstone_torch	243
minecraft:block	minecraft:redstone_wall_torch	244
minecraft:block	minecraft:redstone_wire	177
minecraft:block	minecraft:reinforced_deepslate	996
minecraft:block	minecraft:repeater	267
minecraft:block	minecraft:repeating_command_block	601
minecraft:block	minecraft:respawn_anchor	839
minecraft:block	minecraft:rooted_dirt	963
minecraft:block	minecraft:rose_bush	498
minecraft:block	minecraft:sand	34
minecraft:block	minecraft:sandstone	98
minecraft:block	minecraft:sandstone_slab	550
minecraft:block	minecraft:sandstone_stairs	340
minecraft:block	minecraft:sandstone_wall	765
minecraft:block	minecraft:scaffolding	768
minecraft:block	minecraft:sculk	910
minecraft:block	minecraft:sculk_catalyst	912
minecraft:block	minecraft:sculk_sensor	909
minecraft:block	minecraft:sculk_shrieker	913
minecraft:block	minecraft:sculk_vein	911
minecraft:block	minecraft:sea_lantern	475
minecraft:block	minecraft:sea_pickle	719
minecraft:block	minecraft:seagrass	125
minecraft:block	minecraft:shroomlight	800
minecraft:block	minecraft:shulker_box	610
minecraft:block	minecraft:skeleton_skull	393
minecraft:block	minecraft:skeleton_wall_skull	394
minecraft:block	minecraft:slime_block	462
minecraft:block	minecraft:small_amethyst_bud	904
minecraft:block	minecraft:small_dripleaf	961
minecraft:block	minecraft:smithing_table	777
minecraft:block	minecraft:smoker	771
minecraft:block	minecraft:smooth_basalt	986
minecraft:block	minecraft:smooth_quartz	564
minecraft:block	minecraft:smooth_quartz_slab	749
minecraft:block	minecraft:smooth_quartz_stairs	736
minecraft:block	minecraft:smooth_red_sandstone	565
minecraft:block	minecraft:smooth_red_sandstone_slab	743
minecraft:block	minecraft:smooth_red_sandstone_stairs	729
minecraft:block	minecraft:smooth_sandstone	563
minecraft:block	minecraft:smooth_sandstone_slab	748
minecraft:block	minecraft:smooth_sandstone_stairs	735
minecraft:block	minecraft:smooth_stone	562
minecraft:block	minecraft:smooth_stone_slab	549
minecraft:block	minecraft:snow	246
minecraft:block	minecraft:snow_block	248
minecraft:block	minecraft:soul_campfire	783
minecraft:block	minecraft:soul_fire	173
minecraft:block	minecraft:soul_lantern	781
minecraft:block	minecraft:soul_sand	256
minecraft:block	minecraft:soul_soil	257
minecraft:block	minecraft:soul_torch	260
minecraft:block	minecraft:soul_wall_torch	261
minecraft:block	minecraft:spawner	174
minecraft:block	minecraft:sponge	91
minecraft:block	minecraft:spore_blossom	953
minecraft:block	minecraft:spruce_button	385
minecraft:block	minecraft:spruce_door	582
minecraft:block	minecraft:spruce_fence	574
minecraft:block	minecraft:spruce_fence_gate	566
minecraft:block	minecraft:spruce_hanging_sign	208
minecraft:block	minecraft:spruce_leaves	82
minecraft:block	minecraft:spruce_log	46
minecraft:block	minecraft:spruce_planks	14
minecraft:block	minecraft:spruce_pressure_plate	233
minecraft:block	minecraft:spruce_sapling	24
minecraft:block	minecraft:spruce_sign	186
minecraft:block	minecraft:spruce_slab	539
minecraft:block	minecraft:spruce_stairs	347
minecraft:block	minecraft:spruce_trapdoor	285
minecraft:block	minecraft:spruce_wall_hanging_sign	219
minecraft:block	minecraft:spruce_wall_sign	199
minecraft:block	minecraft:spruce_wood	66
minecraft:block	minecraft:sticky_piston	120
minecraft:block	minecraft:stone	1
minecraft:block	minecraft:stone_brick_slab	555
minecraft:block	minecraft:stone_brick_stairs	320
minecraft:block	minecraft:stone_brick_wall	760
minecraft:block	minecraft:stone_bricks	293
minecraft:block	minecraft:stone_button	245
minecraft:block	minecraft:stone_pressure_plate	230
minecraft:block	minecraft:stone_slab	548
minecraft:block	minecraft:stone_stairs	734
minecraft:block	minecraft:stonecutter	778
minecraft:block	minecraft:stripped_acacia_log	59
minecraft:block	minecraft:stripped_acacia_wood	77
minecraft:block	minecraft:stripped_bamboo_block	64
minecraft:block	minecraft:stripped_birch_log	57
minecraft:block	minecraft:stripped_birch_wood	75
minecraft:block	minecraft:stripped_cherry_log	60
minecraft:block	minecraft:stripped_cherry_wood	78
minecraft:block	minecraft:stripped_crimson_hyphae	797
minecraft:block	minecraft:stripped_crimson_stem	795
minecraft:block	minecraft:stripped_dark_oak_log	61
minecraft:block	minecraft:stripped_dark_oak_wood	79
minecraft:block	minecraft:stripped_jungle_log	58
minecraft:block	minecraft:stripped_jungle_wood	76
minecraft:block	minecraft:stripped_mangrove_log	63
minecraft:block	minecraft:stripped_mangrove_wood	80
minecraft:block	minecraft:stripped_oak_log	62
minecraft:block	minecraft:stripped_oak_wood	73
minecraft:block	minecraft:stripped_spruce_log	56
minecraft:block	minecraft:stripped_spruce_wood	74
minecraft:block	minecraft:stripped_warped_hyphae	788
minecraft:block	minecraft:stripped_warped_stem	786
minecraft:block	minecraft:structure_block	828
minecraft:block	minecraft:structure_void	608
minecraft:block	minecraft:sugar_cane	251
minecraft:block	minecraft:sunflower	496
minecraft:block	minecraft:suspicious_sand	35
minecraft:block	minecraft:sweet_berry_bush	784
minecraft:block	minecraft:tall_grass	500
minecraft:block	minecraft:tall_seagrass	126
minecraft:block	minecraft:target	831
minecraft:block	minecraft:terracotta	493
minecraft:block	minecraft:tinted_glass	907
minecraft:block	minecraft:tnt	165
minecraft:block	minecraft:torch	170
minecraft:block	minecraft:torchflower	147
minecraft:block	minecraft:torchflower_crop	597
minecraft:block	minecraft:trapped_chest	410
minecraft:block	minecraft:tripwire	345
minecraft:block	minecraft:tripwire_hook	344
minecraft:block	minecraft:tube_coral	694
minecraft:block	minecraft:tube_coral_block	684
minecraft:block	minecraft:tube_coral_fan	704
minecraft:block	minecraft:tube_coral_wall_fan	714
minecraft:block	minecraft:tuff	905
minecraft:block	minecraft:turtle_egg	678
minecraft:block	minecraft:twisting_vines	803
minecraft:block	minecraft:twisting_vines_plant	804
minecraft:block	minecraft:verdant_froglight	993
minecraft:block	minecraft:vine	316
minecraft:block	minecraft:void_air	725
minecraft:block	minecraft:wall_torch	171
minecraft:block	minecraft:warped_button	821
minecraft:block	minecraft:warped_door	823
minecraft:block	minecraft:warped_fence	813
minecraft:block	minecraft:warped_fence_gate	817
minecraft:block	minecraft:warped_fungus	790
minecraft:block	minecraft:warped_hanging_sign	215
minecraft:block	minecraft:warped_hyphae	787
minecraft:block	minecraft:warped_nylium	789
minecraft:block	minecraft:warped_planks	807
minecraft:block	minecraft:warped_pressure_plate	811
minecraft:block	minecraft:warped_roots	792
minecraft:block	minecraft:warped_sign	825
minecraft:block	minecraft:warped_slab	809
minecraft:block	minecraft:warped_stairs	819
minecraft:block	minecraft:warped_stem	785
minecraft:block	minecraft:warped_trapdoor	815
minecraft:block	minecraft:warped_wall_hanging_sign	227
minecraft:block	minecraft:warped_wall_sign	827
minecraft:block	minecraft:warped_wart_block	791
minecraft:block	minecraft:water	32
minecraft:block	minecraft:water_cauldron	331
minecraft:block	minecraft:waxed_copper_block	932
minecraft:block	minecraft:waxed_cut_copper	939
minecraft:block	minecraft:waxed_cut_copper_slab	947
minecraft:block	minecraft:waxed_cut_copper_stairs	943
minecraft:block	minecraft:waxed_exposed_copper	934
minecraft:block	minecraft:waxed_exposed_cut_copper	938
minecraft:block	minecraft:waxed_exposed_cut_copper_slab	946
minecraft:block	minecraft:waxed_exposed_cut_copper_stairs	942
minecraft:block	minecraft:waxed_oxidized_copper	935
minecraft:block	minecraft:waxed_oxidized_cut_copper	936
minecraft:block	minecraft:waxed_oxidized_cut_copper_slab	944
minecraft:block	minecraft:waxed_oxidized_cut_copper_stairs	940
minecraft:block	minecraft:waxed_weathered_copper	933
minecraft:block	minecraft:waxed_weathered_cut_copper	937
minecraft:block	minecraft:waxed_weathered_cut_copper_slab	945
minecraft:block	minecraft:waxed_weathered_cut_copper_stairs	941
minecraft:block	minecraft:weathered_copper	915
minecraft:block	minecraft:weathered_cut_copper	921
minecraft:block	minecraft:weathered_cut_copper_slab	929
minecraft:block	minecraft:weathered_cut_copper_stairs	925
minecraft:block	minecraft:weeping_vines	801
minecraft:block	minecraft:weeping_vines_plant	802
minecraft:block	minecraft:wet_sponge	92
minecraft:block	minecraft:wheat	182
minecraft:block	minecraft:white_banner	502
minecraft:block	minecraft:white_bed	102
minecraft:block	minecraft:white_candle	866
minecraft:block	minecraft:white_candle_cake	883
minecraft:block	minecraft:white_carpet	477
minecraft:block	minecraft:white_concrete	643
minecraft:block	minecraft:white_concrete_powder	659
minecraft:block	minecraft:white_glazed_terracotta	627
minecraft:block	minecraft:white_shulker_box	611
minecraft:block	minecraft:white_stained_glass	268
minecraft:block	minecraft:white_stained_glass_pane	440
minecraft:block	minecraft:white_terracotta	424
minecraft:block	minecraft:white_tulip	154
minecraft:block	minecraft:white_wall_banner	518
minecraft:block	minecraft:white_wool	129
minecraft:block	minecraft:wither_rose	158
minecraft:block	minecraft:wither_skeleton_skull	395
minecraft:block	minecraft:wither_skeleton_wall_skull	396
minecraft:block	minecraft:yellow_banner	506
minecraft:block	minecraft:yellow_bed	106
minecraft:block	minecraft:yellow_candle	870
minecraft:block	minecraft:yellow_candle_cake	887
minecraft:block	minecraft:yellow_carpet	481
minecraft:block	minecraft:yellow_concrete	647
minecraft:block	minecraft:yellow_concrete_powder	663
minecraft:block	minecraft:yellow_glazed_terracotta	631
minecraft:block	minecraft:yellow_shulker_box	615
minecraft:block	minecraft:yellow_stained_glass	272
minecraft:block	minecraft:yellow_stained_glass_pane	444
minecraft:block	minecraft:yellow_terracotta	428
minecraft:block	minecraft:yellow_wall_banner	522
minecraft:block	minecraft:yellow_wool	133
minecraft:block	minecraft:zombie_head	397
minecraft:block	minecraft:zombie_wall_head	398
minecraft:block_entity_type	minecraft:banner	19
minecraft:block_entity_type	minecraft:barrel	26
minecraft:block_entity_type	minecraft:beacon	14
minecraft:block_entity_type	minecraft:bed	24
minecraft:block_entity_type	minecraft:beehive	33
minecraft:block_entity_type	minecraft:bell	30
minecraft:block_entity_type	minecraft:blast_furnace	28
minecraft:block_entity_type	minecraft:brewing_stand	11
minecraft:block_entity_type	minecraft:campfire	32
minecraft:block_entity_type	minecraft:chest	1
minecraft:block_entity_type	minecraft:chiseled_bookshelf	37
minecraft:block_entity_type	minecraft:command_block	22
minecraft:block_entity_type	minecraft:comparator	18
minecraft:block_entity_type	minecraft:conduit	25
minecraft:block_entity_type	minecraft:daylight_detector	16
minecraft:block_entity_type	minecraft:decorated_pot	39
minecraft:block_entity_type	minecraft:dispenser	5
minecraft:block_entity_type	minecraft:dropper	6
minecraft:block_entity_type	minecraft:enchanting_table	12
minecraft:block_entity_type	minecraft:end_gateway	21
minecraft:block_entity_type	minecraft:end_portal	13
minecraft:block_entity_type	minecraft:ender_chest	3
minecraft:block_entity_type	minecraft:furnace	0
minecraft:block_entity_type	minecraft:hanging_sign	8
minecraft:block_entity_type	minecraft:hopper	17
minecraft:block_entity_type	minecraft:jigsaw	31
minecraft:block_entity_type	minecraft:jukebox	4
minecraft:block_entity_type	minecraft:lectern	29
minecraft:block_entity_type	minecraft:mob_spawner	9
minecraft:block_entity_type	minecraft:piston	10
minecraft:block_entity_type	minecraft:sculk_catalyst	35
minecraft:block_entity_type	minecraft:sculk_sensor	34
minecraft:block_entity_type	minecraft:sculk_shrieker	36
minecraft:block_entity_type	minecraft:shulker_box	23
minecraft:block_entity_type	minecraft:sign	7
minecraft:block_entity_type	minecraft:skull	15
minecraft:block_entity_type	minecraft:smoker	27
minecraft:block_entity_type	minecraft:structure_block	20
minecraft:block_entity_type	minecraft:suspicious_sand	38
minecraft:block_entity_type	minecraft:trapped_chest	2
minecraft:block_predicate_type	minecraft:all_of	9
minecraft:block_predicate_type	minecraft:any_of	8
minecraft:block_predicate_type	minecraft:has_sturdy_face	3
minecraft:block_predicate_type	minecraft:inside_world_bounds	7
minecraft:block_predicate_type	minecraft:matching_block_tag	1
minecraft:block_predicate_type	minecraft:matching_blocks	0
minecraft:block_predicate_type	minecraft:matching_fluids	2
minecraft:block_predicate_type	minecraft:not	10
minecraft:block_predicate_type	minecraft:replaceable	5
minecraft:block_predicate_type	minecraft:solid	4
minecraft:block_predicate_type	minecraft:true	11
minecraft:block_predicate_type	minecraft:would_survive	6
minecraft:cat_variant	minecraft:all_black	10
minecraft:cat_variant	minecraft:black	1
minecraft:cat_variant	minecraft:british_shorthair	4
minecraft:cat_variant	minecraft:calico	5
minecraft:cat_variant	minecraft:jellie	9
minecraft:cat_variant	minecraft:persian	6
minecraft:cat_variant	minecraft:ragdoll	7
minecraft:cat_variant	minecraft:red	2
minecraft:cat_variant	minecraft:siamese	3
minecraft:cat_variant	minecraft:tabby	0
minecraft:cat_variant	minecraft:white	8
minecraft:chunk_status	minecraft:biomes	3
minecraft:chunk_status	minecraft:carvers	6
minecraft:chunk_status	minecraft:empty	0
minecraft:chunk_status	minecraft:features	8
minecraft:chunk_status	minecraft:full	12
minecraft:chunk_status	minecraft:heightmaps	11
minecraft:chunk_status	minecraft:light	9
minecraft:chunk_status	minecraft:liquid_carvers	7
minecraft:chunk_status	minecraft:noise	4
minecraft:chunk_status	minecraft:spawn	10
minecraft:chunk_status	minecraft:structure_references	2
minecraft:chunk_status	minecraft:structure_starts	1
minecraft:chunk_status	minecraft:surface	5
minecraft:command_argument_type	brigadier:bool	0
minecraft:command_argument_type	brigadier:double	2
minecraft:command_argument_type	brigadier:float	1
minecraft:command_argument_type	brigadier:integer	3
minecraft:command_argument_type	brigadier:long	4
minecraft:command_argument_type	brigadier:string	5
minecraft:command_argument_type	minecraft:angle	26
minecraft:command_argument_type	minecraft:block_pos	8
minecraft:command_argument_type	minecraft:block_predicate	13
minecraft:command_argument_type	minecraft:block_state	12
minecraft:command_argument_type	minecraft:color	16
minecraft:command_argument_type	minecraft:column_pos	9
minecraft:command_argument_type	minecraft:component	17
minecraft:command_argument_type	minecraft:dimension	38
minecraft:command_argument_type	minecraft:entity	6
minecraft:command_argument_type	minecraft:entity_anchor	35
minecraft:command_argument_type	minecraft:float_range	37
minecraft:command_argument_type	minecraft:function	34
minecraft:command_argument_type	minecraft:game_profile	7
minecraft:command_argument_type	minecraft:gamemode	39
minecraft:command_argument_type	minecraft:heightmap	47
minecraft:command_argument_type	minecraft:int_range	36
minecraft:command_argument_type	minecraft:item_predicate	15
minecraft:command_argument_type	minecraft:item_slot	32
minecraft:command_argument_type	minecraft:item_stack	14
minecraft:command_argument_type	minecraft:message	18
minecraft:command_argument_type	minecraft:nbt_compound_tag	19
minecraft:command_argument_type	minecraft:nbt_path	21
minecraft:command_argument_type	minecraft:nbt_tag	20
minecraft:command_argument_type	minecraft:objective	22
minecraft:command_argument_type	minecraft:objective_criteria	23
minecraft:command_argument_type	minecraft:operation	24
minecraft:command_argument_type	minecraft:particle	25
minecraft:command_argument_type	minecraft:resource	43
minecraft:command_argument_type	minecraft:resource_key	44
minecraft:command_argument_type	minecraft:resource_location	33
minecraft:command_argument_type	minecraft:resource_or_tag	41
minecraft:command_argument_type	minecraft:resource_or_tag_key	42
minecraft:command_argument_type	minecraft:rotation	27
minecraft:command_argument_type	minecraft:score_holder	29
minecraft:command_argument_type	minecraft:scoreboard_slot	28
minecraft:command_argument_type	minecraft:swizzle	30
minecraft:command_argument_type	minecraft:team	31
minecraft:command_argument_type	minecraft:template_mirror	45
minecraft:command_argument_type	minecraft:template_rotation	46
minecraft:command_argument_type	minecraft:time	40
minecraft:command_argument_type	minecraft:uuid	48
minecraft:command_argument_type	minecraft:vec2	11
minecraft:command_argument_type	minecraft:vec3	10
minecraft:custom_stat	minecraft:animals_bred	32
minecraft:custom_stat	minecraft:aviate_one_cm	18
minecraft:custom_stat	minecraft:bell_ring	68
minecraft:custom_stat	minecraft:boat_one_cm	15
minecraft:custom_stat	minecraft:clean_armor	40
minecraft:custom_stat	minecraft:clean_banner	41
minecraft:custom_stat	minecraft:clean_shulker_box	42
minecraft:custom_stat	minecraft:climb_one_cm	11
minecraft:custom_stat	minecraft:crouch_one_cm	7
minecraft:custom_stat	minecraft:damage_absorbed	28
minecraft:custom_stat	minecraft:damage_blocked_by_shield	27
minecraft:custom_stat	minecraft:damage_dealt	23
minecraft:custom_stat	minecraft:damage_dealt_absorbed	24
minecraft:custom_stat	minecraft:damage_dealt_resisted	25
minecraft:custom_stat	minecraft:damage_resisted	29
minecraft:custom_stat	minecraft:damage_taken	26
minecraft:custom_stat	minecraft:deaths	30
minecraft:custom_stat	minecraft:drop	22
minecraft:custom_stat	minecraft:eat_cake_slice	37
minecraft:custom_stat	minecraft:enchant_item	53
minecraft:custom_stat	minecraft:fall_one_cm	10
minecraft:custom_stat	minecraft:fill_cauldron	38
minecraft:custom_stat	minecraft:fish_caught	34
minecraft:custom_stat	minecraft:fly_one_cm	12
minecraft:custom_stat	minecraft:horse_one_cm	17
minecraft:custom_stat	minecraft:inspect_dispenser	47
minecraft:custom_stat	minecraft:inspect_dropper	45
minecraft:custom_stat	minecraft:inspect_hopper	46
minecraft:custom_stat	minecraft:interact_with_anvil	71
minecraft:custom_stat	minecraft:interact_with_beacon	44
minecraft:custom_stat	minecraft:interact_with_blast_furnace	61
minecraft:custom_stat	minecraft:interact_with_brewingstand	43
minecraft:custom_stat	minecraft:interact_with_campfire	64
minecraft:custom_stat	minecraft:interact_with_cartography_table	65
minecraft:custom_stat	minecraft:interact_with_crafting_table	56
minecraft:custom_stat	minecraft:interact_with_furnace	55
minecraft:custom_stat	minecraft:interact_with_grindstone	72
minecraft:custom_stat	minecraft:interact_with_lectern	63
minecraft:custom_stat	minecraft:interact_with_loom	66
minecraft:custom_stat	minecraft:interact_with_smithing_table	74
minecraft:custom_stat	minecraft:interact_with_smoker	62
minecraft:custom_stat	minecraft:interact_with_stonecutter	67
minecraft:custom_stat	minecraft:jump	21
minecraft:custom_stat	minecraft:leave_game	0
minecraft:custom_stat	minecraft:minecart_one_cm	14
minecraft:custom_stat	minecraft:mob_kills	31
minecraft:custom_stat	minecraft:open_barrel	60
minecraft:custom_stat	minecraft:open_chest	57
minecraft:custom_stat	minecraft:open_enderchest	52
minecraft:custom_stat	minecraft:open_shulker_box	59
minecraft:custom_stat	minecraft:pig_one_cm	16
minecraft:custom_stat	minecraft:play_noteblock	48
minecraft:custom_stat	minecraft:play_record	54
minecraft:custom_stat	minecraft:play_time	1
minecraft:custom_stat	minecraft:player_kills	33
minecraft:custom_stat	minecraft:pot_flower	50
minecraft:custom_stat	minecraft:raid_trigger	69
minecraft:custom_stat	minecraft:raid_win	70
minecraft:custom_stat	minecraft:sleep_in_bed	58
minecraft:custom_stat	minecraft:sneak_time	5
minecraft:custom_stat	minecraft:sprint_one_cm	8
minecraft:custom_stat	minecraft:strider_one_cm	20
minecraft:custom_stat	minecraft:swim_one_cm	19
minecraft:custom_stat	minecraft:talked_to_villager	35
minecraft:custom_stat	minecraft:target_hit	73
minecraft:custom_stat	minecraft:time_since_death	3
minecraft:custom_stat	minecraft:time_since_rest	4
minecraft:custom_stat	minecraft:total_world_time	2
minecraft:custom_stat	minecraft:traded_with_villager	36
minecraft:custom_stat	minecraft:trigger_trapped_chest	51
minecraft:custom_stat	minecraft:tune_noteblock	49
minecraft:custom_stat	minecraft:use_cauldron	39
minecraft:custom_stat	minecraft:walk_on_water_one_cm	9
minecraft:custom_stat	minecraft:walk_one_cm	6
minecraft:custom_stat	minecraft:walk_under_water_one_cm	13
minecraft:decorated_pot_patterns	minecraft:decorated_pot_base	5
minecraft:decorated_pot_patterns	minecraft:decorated_pot_side	4
minecraft:decorated_pot_patterns	minecraft:pottery_pattern_archer	0
minecraft:decorated_pot_patterns	minecraft:pottery_pattern_arms_up	2
minecraft:decorated_pot_patterns	minecraft:pottery_pattern_prize	1
minecraft:decorated_pot_patterns	minecraft:pottery_pattern_skull	3
minecraft:enchantment	minecraft:aqua_affinity	6
minecraft:enchantment	minecraft:bane_of_arthropods	15
minecraft:enchantment	minecraft:binding_curse	10
minecraft:enchantment	minecraft:blast_protection	3
minecraft:enchantment	minecraft:channeling	33
minecraft:enchantment	minecraft:depth_strider	8
minecraft:enchantment	minecraft:efficiency	20
minecraft:enchantment	minecraft:feather_falling	2
minecraft:enchantment	minecraft:fire_aspect	17
minecraft:enchantment	minecraft:fire_protection	1
minecraft:enchantment	minecraft:flame	26
minecraft:enchantment	minecraft:fortune	23
minecraft:enchantment	minecraft:frost_walker	9
minecraft:enchantment	minecraft:impaling	31
minecraft:enchantment	minecraft:infinity	27
minecraft:enchantment	minecraft:knockback	16
minecraft:enchantment	minecraft:looting	18
minecraft:enchantment	minecraft:loyalty	30
minecraft:enchantment	minecraft:luck_of_the_sea	28
minecraft:enchantment	minecraft:lure	29
minecraft:enchantment	minecraft:mending	37
minecraft:enchantment	minecraft:multishot	34
minecraft:enchantment	minecraft:piercing	36
minecraft:enchantment	minecraft:power	24
minecraft:enchantment	minecraft:projectile_protection	4
minecraft:enchantment	minecraft:protection	0
minecraft:enchantment	minecraft:punch	25
minecraft:enchantment	minecraft:quick_charge	35
minecraft:enchantment	minecraft:respiration	5
minecraft:enchantment	minecraft:riptide	32
minecraft:enchantment	minecraft:sharpness	13
minecraft:enchantment	minecraft:silk_touch	21
minecraft:enchantment	minecraft:smite	14
minecraft:enchantment	minecraft:soul_speed	11
minecraft:enchantment	minecraft:sweeping	19
minecraft:enchantment	minecraft:swift_sneak	12
minecraft:enchantment	minecraft:thorns	7
minecraft:enchantment	minecraft:unbreaking	22
minecraft:enchantment	minecraft:vanishing_curse	38
minecraft:entity_type	minecraft:allay	0
minecraft:entity_type	minecraft:area_effect_cloud	1
minecraft:entity_type	minecraft:armor_stand	2
minecraft:entity_type	minecraft:arrow	3
minecraft:entity_type	minecraft:axolotl	4
minecraft:entity_type	minecraft:bat	5
minecraft:entity_type	minecraft:bee	6
minecraft:entity_type	minecraft:blaze	7
minecraft:entity_type	minecraft:block_display	8
minecraft:entity_type	minecraft:boat	9
minecraft:entity_type	minecraft:camel	10
minecraft:entity_type	minecraft:cat	11
minecraft:entity_type	minecraft:cave_spider	12
minecraft:entity_type	minecraft:chest_boat	13
minecraft:entity_type	minecraft:chest_minecart	14
minecraft:entity_type	minecraft:chicken	15
minecraft:entity_type	minecraft:cod	16
minecraft:entity_type	minecraft:command_block_minecart	17
minecraft:entity_type	minecraft:cow	18
minecraft:entity_type	minecraft:creeper	19
minecraft:entity_type	minecraft:dolphin	20
minecraft:entity_type	minecraft:donkey	21
minecraft:entity_type	minecraft:dragon_fireball	22
minecraft:entity_type	minecraft:drowned	23
minecraft:entity_type	minecraft:egg	24
minecraft:entity_type	minecraft:elder_guardian	25
minecraft:entity_type	minecraft:end_crystal	26
minecraft:entity_type	minecraft:ender_dragon	27
minecraft:entity_type	minecraft:ender_pearl	28
minecraft:entity_type	minecraft:enderman	29
minecraft:entity_type	minecraft:endermite	30
minecraft:entity_type	minecraft:evoker	31
minecraft:entity_type	minecraft:evoker_fangs	32
minecraft:entity_type	minecraft:experience_bottle	33
minecraft:entity_type	minecraft:experience_orb	34
minecraft:entity_type	minecraft:eye_of_ender	35
minecraft:entity_type	minecraft:falling_block	36
minecraft:entity_type	minecraft:fireball	57
minecraft:entity_type	minecraft:firework_rocket	37
minecraft:entity_type	minecraft:fishing_bobber	123
minecraft:entity_type	minecraft:fox	38
minecraft:entity_type	minecraft:frog	39
minecraft:entity_type	minecraft:furnace_minecart	40
minecraft:entity_type	minecraft:ghast	41
minecraft:entity_type	minecraft:giant	42
minecraft:entity_type	minecraft:glow_item_frame	43
minecraft:entity_type	minecraft:glow_squid	44
minecraft:entity_type	minecraft:goat	45
minecraft:entity_type	minecraft:guardian	46
minecraft:entity_type	minecraft:hoglin	47
minecraft:entity_type	minecraft:hopper_minecart	48
minecraft:entity_type	minecraft:horse	49
minecraft:entity_type	minecraft:husk	50
minecraft:entity_type	minecraft:illusioner	51
minecraft:entity_type	minecraft:interaction	52
minecraft:entity_type	minecraft:iron_golem	53
minecraft:entity_type	minecraft:item	54
minecraft:entity_type	minecraft:item_display	55
minecraft:entity_type	minecraft:item_frame	56
minecraft:entity_type	minecraft:leash_knot	58
minecraft:entity_type	minecraft:lightning_bolt	59
minecraft:entity_type	minecraft:llama	60
minecraft:entity_type	minecraft:llama_spit	61
minecraft:entity_type	minecraft:magma_cube	62
minecraft:entity_type	minecraft:marker	63
minecraft:entity_type	minecraft:minecart	64
minecraft:entity_type	minecraft:mooshroom	65
minecraft:entity_type	minecraft:mule	66
minecraft:entity_type	minecraft:ocelot	67
minecraft:entity_type	minecraft:painting	68
minecraft:entity_type	minecraft:panda	69
minecraft:entity_type	minecraft:parrot	70
minecraft:entity_type	minecraft:phantom	71
minecraft:entity_type	minecraft:pig	72
minecraft:entity_type	minecraft:piglin	73
minecraft:entity_type	minecraft:piglin_brute	74
minecraft:entity_type	minecraft:pillager	75
minecraft:entity_type	minecraft:player	122
minecraft:entity_type	minecraft:polar_bear	76
minecraft:entity_type	minecraft:potion	77
minecraft:entity_type	minecraft:pufferfish	78
minecraft:entity_type	minecraft:rabbit	79
minecraft:entity_type	minecraft:ravager	80
minecraft:entity_type	minecraft:salmon	81
minecraft:entity_type	minecraft:sheep	82
minecraft:entity_type	minecraft:shulker	83
minecraft:entity_type	minecraft:shulker_bullet	84
minecraft:entity_type	minecraft:silverfish	85
minecraft:entity_type	minecraft:skeleton	86
minecraft:entity_type	minecraft:skeleton_horse	87
minecraft:entity_type	minecraft:slime	88
minecraft:entity_type	minecraft:small_fireball	89
minecraft:entity_type	minecraft:sniffer	90
minecraft:entity_type	minecraft:snow_golem	91
minecraft:entity_type	minecraft:snowball	92
minecraft:entity_type	minecraft:spawner_minecart	93
minecraft:entity_type	minecraft:spectral_arrow	94
minecraft:entity_type	minecraft:spider	95
minecraft:entity_type	minecraft:squid	96
minecraft:entity_type	minecraft:stray	97
minecraft:entity_type	minecraft:strider	98
minecraft:entity_type	minecraft:tadpole	99
minecraft:entity_type	minecraft:text_display	100
minecraft:entity_type	minecraft:tnt	101
minecraft:entity_type	minecraft:tnt_minecart	102
minecraft:entity_type	minecraft:trader_llama	103
minecraft:entity_type	minecraft:trident	104
minecraft:entity_type	minecraft:tropical_fish	105
minecraft:entity_type	minecraft:turtle	106
minecraft:entity_type	minecraft:vex	107
minecraft:entity_type	minecraft:villager	108
minecraft:entity_type	minecraft:vindicator	109
minecraft:entity_type	minecraft:wandering_trader	110
minecraft:entity_type	minecraft:warden	111
minecraft:entity_type	minecraft:witch	112
minecraft:entity_type	minecraft:wither	113
minecraft:entity_type	minecraft:wither_skeleton	114
minecraft:entity_type	minecraft:wither_skull	115
minecraft:entity_type	minecraft:wolf	116
minecraft:entity_type	minecraft:zoglin	117
minecraft:entity_type	minecraft:zombie	118
minecraft:entity_type	minecraft:zombie_horse	119
minecraft:entity_type	minecraft:zombie_villager	120
minecraft:entity_type	minecraft:zombified_piglin	121
minecraft:float_provider_type	minecraft:clamped_normal	2
minecraft:float_provider_type	minecraft:constant	0
minecraft:float_provider_type	minecraft:trapezoid	3
minecraft:float_provider_type	minecraft:uniform	1
minecraft:fluid	minecraft:empty	0
minecraft:fluid	minecraft:flowing_lava	3
minecraft:fluid	minecraft:flowing_water	1
minecraft:fluid	minecraft:lava	4
minecraft:fluid	minecraft:water	2
minecraft:frog_variant	minecraft:cold	2
minecraft:frog_variant	minecraft:temperate	0
minecraft:frog_variant	minecraft:warm	1
minecraft:game_event	minecraft:block_activate	0
minecraft:game_event	minecraft:block_attach	1
minecraft:game_event	minecraft:block_change	2
minecraft:game_event	minecraft:block_close	3
minecraft:game_event	minecraft:block_deactivate	4
minecraft:game_event	minecraft:block_destroy	5
minecraft:game_event	minecraft:block_detach	6
minecraft:game_event	minecraft:block_open	7
minecraft:game_event	minecraft:block_place	8
minecraft:game_event	minecraft:container_close	9
minecraft:game_event	minecraft:container_open	10
minecraft:game_event	minecraft:dispense_fail	11
minecraft:game_event	minecraft:drink	12
minecraft:game_event	minecraft:eat	13
minecraft:game_event	minecraft:elytra_glide	14
minecraft:game_event	minecraft:entity_damage	15
minecraft:game_event	minecraft:entity_die	16
minecraft:game_event	minecraft:entity_dismount	17
minecraft:game_event	minecraft:entity_interact	18
minecraft:game_event	minecraft:entity_mount	19
minecraft:game_event	minecraft:entity_place	20
minecraft:game_event	minecraft:entity_roar	21
minecraft:game_event	minecraft:entity_shake	22
minecraft:game_event	minecraft:equip	23
minecraft:game_event	minecraft:explode	24
minecraft:game_event	minecraft:flap	25
minecraft:game_event	minecraft:fluid_pickup	26
minecraft:game_event	minecraft:fluid_place	27
minecraft:game_event	minecraft:hit_ground	28
minecraft:game_event	minecraft:instrument_play	29
minecraft:game_event	minecraft:item_interact_finish	30
minecraft:game_event	minecraft:item_interact_start	31
minecraft:game_event	minecraft:jukebox_play	32
minecraft:game_event	minecraft:jukebox_stop_play	33
minecraft:game_event	minecraft:lightning_strike	34
minecraft:game_event	minecraft:note_block_play	35
minecraft:game_event	minecraft:piston_contract	36
minecraft:game_event	minecraft:piston_extend	37
minecraft:game_event	minecraft:prime_fuse	38
minecraft:game_event	minecraft:projectile_land	39
minecraft:game_event	minecraft:projectile_shoot	40
minecraft:game_event	minecraft:sculk_sensor_tendrils_clicking	41
minecraft:game_event	minecraft:shear	42
minecraft:game_event	minecraft:shriek	43
minecraft:game_event	minecraft:splash	44
minecraft:game_event	minecraft:step	45
minecraft:game_event	minecraft:swim	46
minecraft:game_event	minecraft:teleport	47
minecraft:height_provider_type	minecraft:biased_to_bottom	2
minecraft:height_provider_type	minecraft:constant	0
minecraft:height_provider_type	minecraft:trapezoid	4
minecraft:height_provider_type	minecraft:uniform	1
minecraft:height_provider_type	minecraft:very_biased_to_bottom	3
minecraft:height_provider_type	minecraft:weighted_list	5
minecraft:instrument	minecraft:admire_goat_horn	4
minecraft:instrument	minecraft:call_goat_horn	5
minecraft:instrument	minecraft:dream_goat_horn	7
minecraft:instrument	minecraft:feel_goat_horn	3
minecraft:instrument	minecraft:ponder_goat_horn	0
minecraft:instrument	minecraft:seek_goat_horn	2
minecraft:instrument	minecraft:sing_goat_horn	1
minecraft:instrument	minecraft:yearn_goat_horn	6
minecraft:int_provider_type	minecraft:biased_to_bottom	2
minecraft:int_provider_type	minecraft:clamped	3
minecraft:int_provider_type	minecraft:clamped_normal	5
minecraft:int_provider_type	minecraft:constant	0
minecraft:int_provider_type	minecraft:uniform	1
minecraft:int_provider_type	minecraft:weighted_list	4
minecraft:item	minecraft:acacia_boat	740
minecraft:item	minecraft:acacia_button	662
minecraft:item	minecraft:acacia_chest_boat	741
minecraft:item	minecraft:acacia_door	689
minecraft:item	minecraft:acacia_fence	291
minecraft:item	minecraft:acacia_fence_gate	712
minecraft:item	minecraft:acacia_hanging_sign	857
minecraft:item	minecraft:acacia_leaves	157
minecraft:item	minecraft:acacia_log	113
minecraft:item	minecraft:acacia_planks	27
minecraft:item	minecraft:acacia_pressure_plate	677
minecraft:item	minecraft:acacia_sapling	39
minecraft:item	minecraft:acacia_sign	846
minecraft:item	minecraft:acacia_slab	232
minecraft:item	minecraft:acacia_stairs	363
minecraft:item	minecraft:acacia_trapdoor	701
minecraft:item	minecraft:acacia_wood	147
minecraft:item	minecraft:activator_rail	722
minecraft:item	minecraft:air	0
minecraft:item	minecraft:allay_spawn_egg	963
minecraft:item	minecraft:allium	198
minecraft:item	minecraft:amethyst_block	71
minecraft:item	minecraft:amethyst_cluster	1204
minecraft:item	minecraft:amethyst_shard	764
minecraft:item	minecraft:ancient_debris	66
minecraft:item	minecraft:andesite	6
minecraft:item	minecraft:andesite_slab	623
minecraft:item	minecraft:andesite_stairs	606
minecraft:item	minecraft:andesite_wall	383
minecraft:item	minecraft:anvil	395
minecraft:item	minecraft:apple	755
minecraft:item	minecraft:armor_stand	1073
minecraft:item	minecraft:arrow	757
minecraft:item	minecraft:axolotl_bucket	875
minecraft:item	minecraft:axolotl_spawn_egg	964
minecraft:item	minecraft:azalea	174
minecraft:item	minecraft:azalea_leaves	161
minecraft:item	minecraft:azure_bluet	199
minecraft:item	minecraft:baked_potato	1049
minecraft:item	minecraft:bamboo	227
minecraft:item	minecraft:bamboo_block	121
minecraft:item	minecraft:bamboo_button	666
minecraft:item	minecraft:bamboo_chest_raft	749
minecraft:item	minecraft:bamboo_door	693
minecraft:item	minecraft:bamboo_fence	295
minecraft:item	minecraft:bamboo_fence_gate	716
minecraft:item	minecraft:bamboo_hanging_sign	861
minecraft:item	minecraft:bamboo_mosaic	34
minecraft:item	minecraft:bamboo_mosaic_slab	237
minecraft:item	minecraft:bamboo_mosaic_stairs	368
minecraft:item	minecraft:bamboo_planks	31
minecraft:item	minecraft:bamboo_pressure_plate	681
minecraft:item	minecraft:bamboo_raft	748
minecraft:item	minecraft:bamboo_sign	850
minecraft:item	minecraft:bamboo_slab	236
minecraft:item	minecraft:bamboo_stairs	367
minecraft:item	minecraft:bamboo_trapdoor	705
minecraft:item	minecraft:barrel	1148
minecraft:item	minecraft:barrier	419
minecraft:item	minecraft:basalt	304
minecraft:item	minecraft:bat_spawn_egg	965
minecraft:item	minecraft:beacon	372
minecraft:item	minecraft:bedrock	43
minecraft:item	minecraft:bee_nest	1165
minecraft:item	minecraft:bee_spawn_egg	966
minecraft:item	minecraft:beef	943
minecraft:item	minecraft:beehive	1166
minecraft:item	minecraft:beetroot	1103
minecraft:item	minecraft:beetroot_seeds	1104
minecraft:item	minecraft:beetroot_soup	1105
minecraft:item	minecraft:bell	1156
minecraft:item	minecraft:big_dripleaf	225
minecraft:item	minecraft:birch_boat	736
minecraft:item	minecraft:birch_button	660
minecraft:item	minecraft:birch_chest_boat	737
minecraft:item	minecraft:birch_door	687
minecraft:item	minecraft:birch_fence	289
minecraft:item	minecraft:birch_fence_gate	710
minecraft:item	minecraft:birch_hanging_sign	855
minecraft:item	minecraft:birch_leaves	155
minecraft:item	minecraft:birch_log	111
minecraft:item	minecraft:birch_planks	25
minecraft:item	minecraft:birch_pressure_plate	675
minecraft:item	minecraft:birch_sapling	37
minecraft:item	minecraft:birch_sign	844
minecraft:item	minecraft:birch_slab	230
minecraft:item	minecraft:birch_stairs	361
minecraft:item	minecraft:birch_trapdoor	699
minecraft:item	minecraft:birch_wood	145
minecraft:item	minecraft:black_banner	1098
minecraft:item	minecraft:black_bed	935
minecraft:item	minecraft:black_candle	1200
minecraft:item	minecraft:black_carpet	437
minecraft:item	minecraft:black_concrete	546
minecraft:item	minecraft:black_concrete_powder	562
minecraft:item	minecraft:black_dye	915
minecraft:item	minecraft:black_glazed_terracotta	530
minecraft:item	minecraft:black_shulker_box	514
minecraft:item	minecraft:black_stained_glass	462
minecraft:item	minecraft:black_stained_glass_pane	478
minecraft:item	minecraft:black_terracotta	418
minecraft:item	minecraft:black_wool	194
minecraft:item	minecraft:blackstone	1171
minecraft:item	minecraft:blackstone_slab	1172
minecraft:item	minecraft:blackstone_stairs	1173
minecraft:item	minecraft:blackstone_wall	388
minecraft:item	minecraft:blast_furnace	1150
minecraft:item	minecraft:blaze_powder	957
minecraft:item	minecraft:blaze_rod	949
minecraft:item	minecraft:blaze_spawn_egg	967
minecraft:item	minecraft:blue_banner	1094
minecraft:item	minecraft:blue_bed	931
minecraft:item	minecraft:blue_candle	1196
minecraft:item	minecraft:blue_carpet	433
minecraft:item	minecraft:blue_concrete	542
minecraft:item	minecraft:blue_concrete_powder	558
minecraft:item	minecraft:blue_dye	911
minecraft:item	minecraft:blue_glazed_terracotta	526
minecraft:item	minecraft:blue_ice	594
minecraft:item	minecraft:blue_orchid	197
minecraft:item	minecraft:blue_shulker_box	510
minecraft:item	minecraft:blue_stained_glass	458
minecraft:item	minecraft:blue_stained_glass_pane	474
minecraft:item	minecraft:blue_terracotta	414
minecraft:item	minecraft:blue_wool	190
minecraft:item	minecraft:bone	917
minecraft:item	minecraft:bone_block	496
minecraft:item	minecraft:bone_meal	916
minecraft:item	minecraft:book	881
minecraft:item	minecraft:bookshelf	262
minecraft:item	minecraft:bow	756
minecraft:item	minecraft:bowl	804
minecraft:item	minecraft:brain_coral	575
minecraft:item	minecraft:brain_coral_block	570
minecraft:item	minecraft:brain_coral_fan	585
minecraft:item	minecraft:bread	811
minecraft:item	minecraft:brewing_stand	959
minecraft:item	minecraft:brick	877
minecraft:item	minecraft:brick_slab	246
minecraft:item	minecraft:brick_stairs	337
minecraft:item	minecraft:brick_wall	375
minecraft:item	minecraft:bricks	261
minecraft:item	minecraft:brown_banner	1095
minecraft:item	minecraft:brown_bed	932
minecraft:item	minecraft:brown_candle	1197
minecraft:item	minecraft:brown_carpet	434
minecraft:item	minecraft:brown_concrete	543
minecraft:item	minecraft:brown_concrete_powder	559
minecraft:item	minecraft:brown_dye	912
minecraft:item	minecraft:brown_glazed_terracotta	527
minecraft:item	minecraft:brown_mushroom	210
minecraft:item	minecraft:brown_mushroom_block	328
minecraft:item	minecraft:brown_shulker_box	511
minecraft:item	minecraft:brown_stained_glass	459
minecraft:item	minecraft:brown_stained_glass_pane	475
minecraft:item	minecraft:brown_terracotta	415
minecraft:item	minecraft:brown_wool	191
minecraft:item	minecraft:brush	1211
minecraft:item	minecraft:bubble_coral	576
minecraft:item	minecraft:bubble_coral_block	571
minecraft:item	minecraft:bubble_coral_fan	586
minecraft:item	minecraft:bucket	864
minecraft:item	minecraft:budding_amethyst	72
minecraft:item	minecraft:bundle	886
minecraft:item	minecraft:cactus	284
minecraft:item	minecraft:cake	919
minecraft:item	minecraft:calcite	11
minecraft:item	minecraft:camel_spawn_egg	969
minecraft:item	minecraft:campfire	1161
minecraft:item	minecraft:candle	1184
minecraft:item	minecraft:carrot	1047
minecraft:item	minecraft:carrot_on_a_stick	729
minecraft:item	minecraft:cartography_table	1151
minecraft:item	minecraft:carved_pumpkin	299
minecraft:item	minecraft:cat_spawn_egg	968
minecraft:item	minecraft:cauldron	960
minecraft:item	minecraft:cave_spider_spawn_egg	970
minecraft:item	minecraft:chain	332
minecraft:item	minecraft:chain_command_block	491
minecraft:item	minecraft:chainmail_boots	819
minecraft:item	minecraft:chainmail_chestplate	817
minecraft:item	minecraft:chainmail_helmet	816
minecraft:item	minecraft:chainmail_leggings	818
minecraft:item	minecraft:charcoal	759
minecraft:item	minecraft:cherry_boat	742
minecraft:item	minecraft:cherry_button	663
minecraft:item	minecraft:cherry_chest_boat	743
minecraft:item	minecraft:cherry_door	690
minecraft:item	minecraft:cherry_fence	292
minecraft:item	minecraft:cherry_fence_gate	713
minecraft:item	minecraft:cherry_hanging_sign	858
minecraft:item	minecraft:cherry_leaves	158
minecraft:item	minecraft:cherry_log	114
minecraft:item	minecraft:cherry_planks	28
minecraft:item	minecraft:cherry_pressure_plate	678
minecraft:item	minecraft:cherry_sapling	40
minecraft:item	minecraft:cherry_sign	847
minecraft:item	minecraft:cherry_slab	233
minecraft:item	minecraft:cherry_stairs	364
minecraft:item	minecraft:cherry_trapdoor	702
minecraft:item	minecraft:cherry_wood	148
minecraft:item	minecraft:chest	275
minecraft:item	minecraft:chest_minecart	725
minecraft:item	minecraft:chicken	945
minecraft:item	minecraft:chicken_spawn_egg	971
minecraft:item	minecraft:chipped_anvil	396
minecraft:item	minecraft:chiseled_bookshelf	263
minecraft:item	minecraft:chiseled_deepslate	326
minecraft:item	minecraft:chiseled_nether_bricks	344
minecraft:item	minecraft:chiseled_polished_blackstone	1178
minecraft:item	minecraft:chiseled_quartz_block	398
minecraft:item	minecraft:chiseled_red_sandstone	487
minecraft:item	minecraft:chiseled_sandstone	169
minecraft:item	minecraft:chiseled_stone_bricks	319
minecraft:item	minecraft:chorus_flower	270
minecraft:item	minecraft:chorus_fruit	1100
minecraft:item	minecraft:chorus_plant	269
minecraft:item	minecraft:clay	285
minecraft:item	minecraft:clay_ball	878
minecraft:item	minecraft:clock	888
minecraft:item	minecraft:coal	758
minecraft:item	minecraft:coal_block	67
minecraft:item	minecraft:coal_ore	48
minecraft:item	minecraft:coarse_dirt	16
minecraft:item	minecraft:coast_armor_trim_smithing_template	1215
minecraft:item	minecraft:cobbled_deepslate	9
minecraft:item	minecraft:cobbled_deepslate_slab	627
minecraft:item	minecraft:cobbled_deepslate_stairs	610
minecraft:item	minecraft:cobbled_deepslate_wall	391
minecraft:item	minecraft:cobblestone	22
minecraft:item	minecraft:cobblestone_slab	245
minecraft:item	minecraft:cobblestone_stairs	280
minecraft:item	minecraft:cobblestone_wall	373
minecraft:item	minecraft:cobweb	171
minecraft:item	minecraft:cocoa_beans	899
minecraft:item	minecraft:cod	891
minecraft:item	minecraft:cod_bucket	873
minecraft:item	minecraft:cod_spawn_egg	972
minecraft:item	minecraft:command_block	371
minecraft:item	minecraft:command_block_minecart	1080
minecraft:item	minecraft:comparator	636
minecraft:item	minecraft:compass	884
minecraft:item	minecraft:composter	1147
minecraft:item	minecraft:conduit	595
minecraft:item	minecraft:cooked_beef	944
minecraft:item	minecraft:cooked_chicken	946
minecraft:item	minecraft:cooked_cod	895
minecraft:item	minecraft:cooked_mutton	1082
minecraft:item	minecraft:cooked_porkchop	838
minecraft:item	minecraft:cooked_rabbit	1069
minecraft:item	minecraft:cooked_salmon	896
minecraft:item	minecraft:cookie	936
minecraft:item	minecraft:copper_block	74
minecraft:item	minecraft:copper_ingot	768
minecraft:item	minecraft:copper_ore	52
minecraft:item	minecraft:cornflower	205
minecraft:item	minecraft:cow_spawn_egg	973
minecraft:item	minecraft:cracked_deepslate_bricks	323
minecraft:item	minecraft:cracked_deepslate_tiles	325
minecraft:item	minecraft:cracked_nether_bricks	343
minecraft:item	minecraft:cracked_polished_blackstone_bricks	1182
minecraft:item	minecraft:cracked_stone_bricks	318
minecraft:item	minecraft:crafting_table	276
minecraft:item	minecraft:creeper_banner_pattern	1141
minecraft:item	minecraft:creeper_head	1057
minecraft:item	minecraft:creeper_spawn_egg	974
minecraft:item	minecraft:crimson_button	667
minecraft:item	minecraft:crimson_door	694
minecraft:item	minecraft:crimson_fence	296
minecraft:item	minecraft:crimson_fence_gate	717
minecraft:item	minecraft:crimson_fungus	212
minecraft:item	minecraft:crimson_hanging_sign	862
minecraft:item	minecraft:crimson_hyphae	151
minecraft:item	minecraft:crimson_nylium	20
minecraft:item	minecraft:crimson_planks	32
minecraft:item	minecraft:crimson_pressure_plate	682
minecraft:item	minecraft:crimson_roots	214
minecraft:item	minecraft:crimson_sign	851
minecraft:item	minecraft:crimson_slab	238
minecraft:item	minecraft:crimson_stairs	369
minecraft:item	minecraft:crimson_stem	119
minecraft:item	minecraft:crimson_trapdoor	706
minecraft:item	minecraft:crossbow	1137
minecraft:item	minecraft:crying_obsidian	1170
minecraft:item	minecraft:cut_copper	81
minecraft:item	minecraft:cut_copper_slab	89
minecraft:item	minecraft:cut_copper_stairs	85
minecraft:item	minecraft:cut_red_sandstone	488
minecraft:item	minecraft:cut_red_sandstone_slab	252
minecraft:item	minecraft:cut_sandstone	170
minecraft:item	minecraft:cut_sandstone_slab	243
minecraft:item	minecraft:cyan_banner	1092
minecraft:item	minecraft:cyan_bed	929
minecraft:item	minecraft:cyan_candle	1194
minecraft:item	minecraft:cyan_carpet	431
minecraft:item	minecraft:cyan_concrete	540
minecraft:item	minecraft:cyan_concrete_powder	556
minecraft:item	minecraft:cyan_dye	909
minecraft:item	minecraft:cyan_glazed_terracotta	524
minecraft:item	minecraft:cyan_shulker_box	508
minecraft:item	minecraft:cyan_stained_glass	456
minecraft:item	minecraft:cyan_stained_glass_pane	472
minecraft:item	minecraft:cyan_terracotta	412
minecraft:item	minecraft:cyan_wool	188
minecraft:item	minecraft:damaged_anvil	397
minecraft:item	minecraft:dandelion	195
minecraft:item	minecraft:dark_oak_boat	744
minecraft:item	minecraft:dark_oak_button	664
minecraft:item	minecraft:dark_oak_chest_boat	745
minecraft:item	minecraft:dark_oak_door	691
minecraft:item	minecraft:dark_oak_fence	293
minecraft:item	minecraft:dark_oak_fence_gate	714
minecraft:item	minecraft:dark_oak_hanging_sign	859
minecraft:item	minecraft:dark_oak_leaves	159
minecraft:item	minecraft:dark_oak_log	115
minecraft:item	minecraft:dark_oak_planks	29
minecraft:item	minecraft:dark_oak_pressure_plate	679
minecraft:item	minecraft:dark_oak_sapling	41
minecraft:item	minecraft:dark_oak_sign	848
minecraft:item	minecraft:dark_oak_slab	234
minecraft:item	minecraft:dark_oak_stairs	365
minecraft:item	minecraft:dark_oak_trapdoor	703
minecraft:item	minecraft:dark_oak_wood	149
minecraft:item	minecraft:dark_prismarine	481
minecraft:item	minecraft:dark_prismarine_slab	256
minecraft:item	minecraft:dark_prismarine_stairs	484
minecraft:item	minecraft:daylight_detector	649
minecraft:item	minecraft:dead_brain_coral	579
minecraft:item	minecraft:dead_brain_coral_block	565
minecraft:item	minecraft:dead_brain_coral_fan	590
minecraft:item	minecraft:dead_bubble_coral	580
minecraft:item	minecraft:dead_bubble_coral_block	566
minecraft:item	minecraft:dead_bubble_coral_fan	591
minecraft:item	minecraft:dead_bush	176
minecraft:item	minecraft:dead_fire_coral	581
minecraft:item	minecraft:dead_fire_coral_block	567
minecraft:item	minecraft:dead_fire_coral_fan	592
minecraft:item	minecraft:dead_horn_coral	582
minecraft:item	minecraft:dead_horn_coral_block	568
minecraft:item	minecraft:dead_horn_coral_fan	593
minecraft:item	minecraft:dead_tube_coral	583
minecraft:item	minecraft:dead_tube_coral_block	564
minecraft:item	minecraft:dead_tube_coral_fan	589
minecraft:item	minecraft:debug_stick	1116
minecraft:item	minecraft:decorated_pot	264
minecraft:item	minecraft:deepslate	8
minecraft:item	minecraft:deepslate_brick_slab	629
minecraft:item	minecraft:deepslate_brick_stairs	612
minecraft:item	minecraft:deepslate_brick_wall	393
minecraft:item	minecraft:deepslate_bricks	322
minecraft:item	minecraft:deepslate_coal_ore	49
minecraft:item	minecraft:deepslate_copper_ore	53
minecraft:item	minecraft:deepslate_diamond_ore	63
minecraft:item	minecraft:deepslate_emerald_ore	59
minecraft:item	minecraft:deepslate_gold_ore	55
minecraft:item	minecraft:deepslate_iron_ore	51
minecraft:item	minecraft:deepslate_lapis_ore	61
minecraft:item	minecraft:deepslate_redstone_ore	57
minecraft:item	minecraft:deepslate_tile_slab	630
minecraft:item	minecraft:deepslate_tile_stairs	613
minecraft:item	minecraft:deepslate_tile_wall	394
minecraft:item	minecraft:deepslate_tiles	324
minecraft:item	minecraft:detector_rail	720
minecraft:item	minecraft:diamond	760
minecraft:item	minecraft:diamond_axe	796
minecraft:item	minecraft:diamond_block	76
minecraft:item	minecraft:diamond_boots	827
minecraft:item	minecraft:diamond_chestplate	825
minecraft:item	minecraft:diamond_helmet	824
minecraft:item	minecraft:diamond_hoe	797
minecraft:item	minecraft:diamond_horse_armor	1076
minecraft:item	minecraft:diamond_leggings	826
minecraft:item	minecraft:diamond_ore	62
minecraft:item	minecraft:diamond_pickaxe	795
minecraft:item	minecraft:diamond_shovel	794
minecraft:item	minecraft:diamond_sword	793
minecraft:item	minecraft:diorite	4
minecraft:item	minecraft:diorite_slab	626
minecraft:item	minecraft:diorite_stairs	609
minecraft:item	minecraft:diorite_wall	387
minecraft:item	minecraft:dirt	15
minecraft:item	minecraft:dirt_path	440
minecraft:item	minecraft:disc_fragment_5	1132
minecraft:item	minecraft:dispenser	643
minecraft:item	minecraft:dolphin_spawn_egg	975
minecraft:item	minecraft:donkey_spawn_egg	976
minecraft:item	minecraft:dragon_breath	1106
minecraft:item	minecraft:dragon_egg	355
minecraft:item	minecraft:dragon_head	1058
minecraft:item	minecraft:dried_kelp	940
minecraft:item	minecraft:dried_kelp_block	879
minecraft:item	minecraft:dripstone_block	13
minecraft:item	minecraft:dropper	644
minecraft:item	minecraft:drowned_spawn_egg	977
minecraft:item	minecraft:dune_armor_trim_smithing_template	1214
minecraft:item	minecraft:echo_shard	1210
minecraft:item	minecraft:egg	883
minecraft:item	minecraft:elder_guardian_spawn_egg	978
minecraft:item	minecraft:elytra	731
minecraft:item	minecraft:emerald	761
minecraft:item	minecraft:emerald_block	358
minecraft:item	minecraft:emerald_ore	58
minecraft:item	minecraft:enchanted_book	1064
minecraft:item	minecraft:enchanted_golden_apple	841
minecraft:item	minecraft:enchanting_table	351
minecraft:item	minecraft:end_crystal	1099
minecraft:item	minecraft:end_portal_frame	352
minecraft:item	minecraft:end_rod	268
minecraft:item	minecraft:end_stone	353
minecraft:item	minecraft:end_stone_brick_slab	619
minecraft:item	minecraft:end_stone_brick_stairs	601
minecraft:item	minecraft:end_stone_brick_wall	386
minecraft:item	minecraft:end_stone_bricks	354
minecraft:item	minecraft:ender_chest	357
minecraft:item	minecraft:ender_dragon_spawn_egg	979
minecraft:item	minecraft:ender_eye	961
minecraft:item	minecraft:ender_pearl	948
minecraft:item	minecraft:enderman_spawn_egg	980
minecraft:item	minecraft:endermite_spawn_egg	981
minecraft:item	minecraft:evoker_spawn_egg	982
minecraft:item	minecraft:experience_bottle	1040
minecraft:item	minecraft:exposed_copper	78
minecraft:item	minecraft:exposed_cut_copper	82
minecraft:item	minecraft:exposed_cut_copper_slab	90
minecraft:item	minecraft:exposed_cut_copper_stairs	86
minecraft:item	minecraft:eye_armor_trim_smithing_template	1218
minecraft:item	minecraft:farmland	277
minecraft:item	minecraft:feather	807
minecraft:item	minecraft:fermented_spider_eye	956
minecraft:item	minecraft:fern	173
minecraft:item	minecraft:filled_map	937
minecraft:item	minecraft:fire_charge	1041
minecraft:item	minecraft:fire_coral	577
minecraft:item	minecraft:fire_coral_block	572
minecraft:item	minecraft:fire_coral_fan	587
minecraft:item	minecraft:firework_rocket	1062
minecraft:item	minecraft:firework_star	1063
minecraft:item	minecraft:fishing_rod	887
minecraft:item	minecraft:fletching_table	1152
minecraft:item	minecraft:flint	836
minecraft:item	minecraft:flint_and_steel	754
minecraft:item	minecraft:flower_banner_pattern	1140
minecraft:item	minecraft:flower_pot	1046
minecraft:item	minecraft:flowering_azalea	175
minecraft:item	minecraft:flowering_azalea_leaves	162
minecraft:item	minecraft:fox_spawn_egg	983
minecraft:item	minecraft:frog_spawn_egg	984
minecraft:item	minecraft:frogspawn	1209
minecraft:item	minecraft:furnace	278
minecraft:item	minecraft:furnace_minecart	726
minecraft:item	minecraft:ghast_spawn_egg	985
minecraft:item	minecraft:ghast_tear	950
minecraft:item	minecraft:gilded_blackstone	1174
minecraft:item	minecraft:glass	165
minecraft:item	minecraft:glass_bottle	954
minecraft:item	minecraft:glass_pane	333
minecraft:item	minecraft:glistering_melon_slice	962
minecraft:item	minecraft:globe_banner_pattern	1144
minecraft:item	minecraft:glow_berries	1160
minecraft:item	minecraft:glow_ink_sac	898
minecraft:item	minecraft:glow_item_frame	1045
minecraft:item	minecraft:glow_lichen	336
minecraft:item	minecraft:glow_squid_spawn_egg	986
minecraft:item	minecraft:glowstone	308
minecraft:item	minecraft:glowstone_dust	890
minecraft:item	minecraft:goat_horn	1146
minecraft:item	minecraft:goat_spawn_egg	987
minecraft:item	minecraft:gold_block	75
minecraft:item	minecraft:gold_ingot	770
minecraft:item	minecraft:gold_nugget	951
minecraft:item	minecraft:gold_ore	54
minecraft:item	minecraft:golden_apple	840
minecraft:item	minecraft:golden_axe	786
minecraft:item	minecraft:golden_boots	831
minecraft:item	minecraft:golden_carrot	1052
minecraft:item	minecraft:golden_chestplate	829
minecraft:item	minecraft:golden_helmet	828
minecraft:item	minecraft:golden_hoe	787
minecraft:item	minecraft:golden_horse_armor	1075
minecraft:item	minecraft:golden_leggings	830
minecraft:item	minecraft:golden_pickaxe	785
minecraft:item	minecraft:golden_shovel	784
minecraft:item	minecraft:golden_sword	783
minecraft:item	minecraft:granite	2
minecraft:item	minecraft:granite_slab	622
minecraft:item	minecraft:granite_stairs	605
minecraft:item	minecraft:granite_wall	379
minecraft:item	minecraft:grass	172
minecraft:item	minecraft:grass_block	14
minecraft:item	minecraft:gravel	47
minecraft:item	minecraft:gray_banner	1090
minecraft:item	minecraft:gray_bed	927
minecraft:item	minecraft:gray_candle	1192
minecraft:item	minecraft:gray_carpet	429
minecraft:item	minecraft:gray_concrete	538
minecraft:item	minecraft:gray_concrete_powder	554
minecraft:item	minecraft:gray_dye	907
minecraft:item	minecraft:gray_glazed_terracotta	522
minecraft:item	minecraft:gray_shulker_box	506
minecraft:item	minecraft:gray_stained_glass	454
minecraft:item	minecraft:gray_stained_glass_pane	470
minecraft:item	minecraft:gray_terracotta	410
minecraft:item	minecraft:gray_wool	186
minecraft:item	minecraft:green_banner	1096
minecraft:item	minecraft:green_bed	933
minecraft:item	minecraft:green_candle	1198
minecraft:item	minecraft:green_carpet	435
minecraft:item	minecraft:green_concrete	544
minecraft:item	minecraft:green_concrete_powder	560
minecraft:item	minecraft:green_dye	913
minecraft:item	minecraft:green_glazed_terracotta	528
minecraft:item	minecraft:green_shulker_box	512
minecraft:item	minecraft:green_stained_glass	460
minecraft:item	minecraft:green_stained_glass_pane	476
minecraft:item	minecraft:green_terracotta	416
minecraft:item	minecraft:green_wool	192
minecraft:item	minecraft:grindstone	1153
minecraft:item	minecraft:guardian_spawn_egg	988
minecraft:item	minecraft:gunpowder	808
minecraft:item	minecraft:hanging_roots	224
minecraft:item	minecraft:hay_block	421
minecraft:item	minecraft:heart_of_the_sea	1136
minecraft:item	minecraft:heavy_weighted_pressure_plate	672
minecraft:item	minecraft:hoglin_spawn_egg	989
minecraft:item	minecraft:honey_block	640
minecraft:item	minecraft:honey_bottle	1167
minecraft:item	minecraft:honeycomb	1164
minecraft:item	minecraft:honeycomb_block	1168
minecraft:item	minecraft:hopper	642
minecraft:item	minecraft:hopper_minecart	728
minecraft:item	minecraft:horn_coral	578
minecraft:item	minecraft:horn_coral_block	573
minecraft:item	minecraft:horn_coral_fan	588
minecraft:item	minecraft:horse_spawn_egg	990
minecraft:item	minecraft:husk_spawn_egg	991
minecraft:item	minecraft:ice	282
minecraft:item	minecraft:infested_chiseled_stone_bricks	314
minecraft:item	minecraft:infested_cobblestone	310
minecraft:item	minecraft:infested_cracked_stone_bricks	313
minecraft:item	minecraft:infested_deepslate	315
minecraft:item	minecraft:infested_mossy_stone_bricks	312
minecraft:item	minecraft:infested_stone	309
minecraft:item	minecraft:infested_stone_bricks	311
minecraft:item	minecraft:ink_sac	897
minecraft:item	minecraft:iron_axe	791
minecraft:item	minecraft:iron_bars	331
minecraft:item	minecraft:iron_block	73
minecraft:item	minecraft:iron_boots	823
minecraft:item	minecraft:iron_chestplate	821
minecraft:item	minecraft:iron_door	684
minecraft:item	minecraft:iron_golem_spawn_egg	992
minecraft:item	minecraft:iron_helmet	820
minecraft:item	minecraft:iron_hoe	792
minecraft:item	minecraft:iron_horse_armor	1074
minecraft:item	minecraft:iron_ingot	766
minecraft:item	minecraft:iron_leggings	822
minecraft:item	minecraft:iron_nugget	1114
minecraft:item	minecraft:iron_ore	50
minecraft:item	minecraft:iron_pickaxe	790
minecraft:item	minecraft:iron_shovel	789
minecraft:item	minecraft:iron_sword	788
minecraft:item	minecraft:iron_trapdoor	696
minecraft:item	minecraft:item_frame	1044
minecraft:item	minecraft:jack_o_lantern	300
minecraft:item	minecraft:jigsaw	751
minecraft:item	minecraft:jukebox	286
minecraft:item	minecraft:jungle_boat	738
minecraft:item	minecraft:jungle_button	661
minecraft:item	minecraft:jungle_chest_boat	739
minecraft:item	minecraft:jungle_door	688
minecraft:item	minecraft:jungle_fence	290
minecraft:item	minecraft:jungle_fence_gate	711
minecraft:item	minecraft:jungle_hanging_sign	856
minecraft:item	minecraft:jungle_leaves	156
minecraft:item	minecraft:jungle_log	112
minecraft:item	minecraft:jungle_planks	26
minecraft:item	minecraft:jungle_pressure_plate	676
minecraft:item	minecraft:jungle_sapling	38
minecraft:item	minecraft:jungle_sign	845
minecraft:item	minecraft:jungle_slab	231
minecraft:item	minecraft:jungle_stairs	362
minecraft:item	minecraft:jungle_trapdoor	700
minecraft:item	minecraft:jungle_wood	146
minecraft:item	minecraft:kelp	220
minecraft:item	minecraft:knowledge_book	1115
minecraft:item	minecraft:ladder	279
minecraft:item	minecraft:lantern	1157
minecraft:item	minecraft:lapis_block	167
minecraft:item	minecraft:lapis_lazuli	762
minecraft:item	minecraft:lapis_ore	60
minecraft:item	minecraft:large_amethyst_bud	1203
minecraft:item	minecraft:large_fern	446
minecraft:item	minecraft:lava_bucket	866
minecraft:item	minecraft:lead	1078
minecraft:item	minecraft:leather	869
minecraft:item	minecraft:leather_boots	815
minecraft:item	minecraft:leather_chestplate	813
minecraft:item	minecraft:leather_helmet	812
minecraft:item	minecraft:leather_horse_armor	1077
minecraft:item	minecraft:leather_leggings	814
minecraft:item	minecraft:lectern	645
minecraft:item	minecraft:lever	647
minecraft:item	minecraft:light	420
minecraft:item	minecraft:light_blue_banner	1086
minecraft:item	minecraft:light_blue_bed	923
minecraft:item	minecraft:light_blue_candle	1188
minecraft:item	minecraft:light_blue_carpet	425
minecraft:item	minecraft:light_blue_concrete	534
minecraft:item	minecraft:light_blue_concrete_powder	550
minecraft:item	minecraft:light_blue_dye	903
minecraft:item	minecraft:light_blue_glazed_terracotta	518
minecraft:item	minecraft:light_blue_shulker_box	502
minecraft:item	minecraft:light_blue_stained_glass	450
minecraft:item	minecraft:light_blue_stained_glass_pane	466
minecraft:item	minecraft:light_blue_terracotta	406
minecraft:item	minecraft:light_blue_wool	182
minecraft:item	minecraft:light_gray_banner	1091
minecraft:item	minecraft:light_gray_bed	928
minecraft:item	minecraft:light_gray_candle	1193
minecraft:item	minecraft:light_gray_carpet	430
minecraft:item	minecraft:light_gray_concrete	539
minecraft:item	minecraft:light_gray_concrete_powder	555
minecraft:item	minecraft:light_gray_dye	908
minecraft:item	minecraft:light_gray_glazed_terracotta	523
minecraft:item	minecraft:light_gray_shulker_box	507
minecraft:item	minecraft:light_gray_stained_glass	455
minecraft:item	minecraft:light_gray_stained_glass_pane	471
minecraft:item	minecraft:light_gray_terracotta	411
minecraft:item	minecraft:light_gray_wool	187
minecraft:item	minecraft:light_weighted_pressure_plate	671
minecraft:item	minecraft:lightning_rod	648
minecraft:item	minecraft:lilac	442
minecraft:item	minecraft:lily_of_the_valley	206
minecraft:item	minecraft:lily_pad	341
minecraft:item	minecraft:lime_banner	1088
minecraft:item	minecraft:lime_bed	925
minecraft:item	minecraft:lime_candle	1190
minecraft:item	minecraft:lime_carpet	427
minecraft:item	minecraft:lime_concrete	536
minecraft:item	minecraft:lime_concrete_powder	552
minecraft:item	minecraft:lime_dye	905
minecraft:item	minecraft:lime_glazed_terracotta	520
minecraft:item	minecraft:lime_shulker_box	504
minecraft:item	minecraft:lime_stained_glass	452
minecraft:item	minecraft:lime_stained_glass_pane	468
minecraft:item	minecraft:lime_terracotta	408
minecraft:item	minecraft:lime_wool	184
minecraft:item	minecraft:lingering_potion	1110
minecraft:item	minecraft:llama_spawn_egg	993
minecraft:item	minecraft:lodestone	1169
minecraft:item	minecraft:loom	1139
minecraft:item	minecraft:magenta_banner	1085
minecraft:item	minecraft:magenta_bed	922
minecraft:item	minecraft:magenta_candle	1187
minecraft:item	minecraft:magenta_carpet	424
minecraft:item	minecraft:magenta_concrete	533
minecraft:item	minecraft:magenta_concrete_powder	549
minecraft:item	minecraft:magenta_dye	902
minecraft:item	minecraft:magenta_glazed_terracotta	517
minecraft:item	minecraft:magenta_shulker_box	501
minecraft:item	minecraft:magenta_stained_glass	449
minecraft:item	minecraft:magenta_stained_glass_pane	465
minecraft:item	minecraft:magenta_terracotta	405
minecraft:item	minecraft:magenta_wool	181
minecraft:item	minecraft:magma_block	492
minecraft:item	minecraft:magma_cream	958
minecraft:item	minecraft:magma_cube_spawn_egg	994
minecraft:item	minecraft:mangrove_boat	746
minecraft:item	minecraft:mangrove_button	665
minecraft:item	minecraft:mangrove_chest_boat	747
minecraft:item	minecraft:mangrove_door	692
minecraft:item	minecraft:mangrove_fence	294
minecraft:item	minecraft:mangrove_fence_gate	715
minecraft:item	minecraft:mangrove_hanging_sign	860
minecraft:item	minecraft:mangrove_leaves	160
minecraft:item	minecraft:mangrove_log	116
minecraft:item	minecraft:mangrove_planks	30
minecraft:item	minecraft:mangrove_pressure_plate	680
minecraft:item	minecraft:mangrove_propagule	42
minecraft:item	minecraft:mangrove_roots	117
minecraft:item	minecraft:mangrove_sign	849
minecraft:item	minecraft:mangrove_slab	235
minecraft:item	minecraft:mangrove_stairs	366
minecraft:item	minecraft:mangrove_trapdoor	704
minecraft:item	minecraft:mangrove_wood	150
minecraft:item	minecraft:map	1051
minecraft:item	minecraft:medium_amethyst_bud	1202
minecraft:item	minecraft:melon	334
minecraft:item	minecraft:melon_seeds	942
minecraft:item	minecraft:melon_slice	939
minecraft:item	minecraft:milk_bucket	870
minecraft:item	minecraft:minecart	724
minecraft:item	minecraft:mojang_banner_pattern	1143
minecraft:item	minecraft:mooshroom_spawn_egg	995
minecraft:item	minecraft:moss_block	223
minecraft:item	minecraft:moss_carpet	221
minecraft:item	minecraft:mossy_cobblestone	265
minecraft:item	minecraft:mossy_cobblestone_slab	618
minecraft:item	minecraft:mossy_cobblestone_stairs	600
minecraft:item	minecraft:mossy_cobblestone_wall	374
minecraft:item	minecraft:mossy_stone_brick_slab	616
minecraft:item	minecraft:mossy_stone_brick_stairs	598
minecraft:item	minecraft:mossy_stone_brick_wall	378
minecraft:item	minecraft:mossy_stone_bricks	317
minecraft:item	minecraft:mud	19
minecraft:item	minecraft:mud_brick_slab	248
minecraft:item	minecraft:mud_brick_stairs	339
minecraft:item	minecraft:mud_brick_wall	381
minecraft:item	minecraft:mud_bricks	321
minecraft:item	minecraft:muddy_mangrove_roots	118
minecraft:item	minecraft:mule_spawn_egg	996
minecraft:item	minecraft:mushroom_stem	330
minecraft:item	minecraft:mushroom_stew	805
minecraft:item	minecraft:music_disc_11	1127
minecraft:item	minecraft:music_disc_13	1117
minecraft:item	minecraft:music_disc_5	1130
minecraft:item	minecraft:music_disc_blocks	1119
minecraft:item	minecraft:music_disc_cat	1118
minecraft:item	minecraft:music_disc_chirp	1120
minecraft:item	minecraft:music_disc_far	1121
minecraft:item	minecraft:music_disc_mall	1122
minecraft:item	minecraft:music_disc_mellohi	1123
minecraft:item	minecraft:music_disc_otherside	1129
minecraft:item	minecraft:music_disc_pigstep	1131
minecraft:item	minecraft:music_disc_stal	1124
minecraft:item	minecraft:music_disc_strad	1125
minecraft:item	minecraft:music_disc_wait	1128
minecraft:item	minecraft:music_disc_ward	1126
minecraft:item	minecraft:mutton	1081
minecraft:item	minecraft:mycelium	340
minecraft:item	minecraft:name_tag	1079
minecraft:item	minecraft:nautilus_shell	1135
minecraft:item	minecraft:nether_brick	1065
minecraft:item	minecraft:nether_brick_fence	345
minecraft:item	minecraft:nether_brick_slab	249
minecraft:item	minecraft:nether_brick_stairs	346
minecraft:item	minecraft:nether_brick_wall	382
minecraft:item	minecraft:nether_bricks	342
minecraft:item	minecraft:nether_gold_ore	64
minecraft:item	minecraft:nether_quartz_ore	65
minecraft:item	minecraft:nether_sprouts	216
minecraft:item	minecraft:nether_star	1060
minecraft:item	minecraft:nether_wart	952
minecraft:item	minecraft:nether_wart_block	493
minecraft:item	minecraft:netherite_axe	801
minecraft:item	minecraft:netherite_block	77
minecraft:item	minecraft:netherite_boots	835
minecraft:item	minecraft:netherite_chestplate	833
minecraft:item	minecraft:netherite_helmet	832
minecraft:item	minecraft:netherite_hoe	802
minecraft:item	minecraft:netherite_ingot	771
minecraft:item	minecraft:netherite_leggings	834
minecraft:item	minecraft:netherite_pickaxe	800
minecraft:item	minecraft:netherite_scrap	772
minecraft:item	minecraft:netherite_shovel	799
minecraft:item	minecraft:netherite_sword	798
minecraft:item	minecraft:netherite_upgrade_smithing_template	1212
minecraft:item	minecraft:netherrack	301
minecraft:item	minecraft:note_block	655
minecraft:item	minecraft:oak_boat	732
minecraft:item	minecraft:oak_button	658
minecraft:item	minecraft:oak_chest_boat	733
minecraft:item	minecraft:oak_door	685
minecraft:item	minecraft:oak_fence	287
minecraft:item	minecraft:oak_fence_gate	708
minecraft:item	minecraft:oak_hanging_sign	853
minecraft:item	minecraft:oak_leaves	153
minecraft:item	minecraft:oak_log	109
minecraft:item	minecraft:oak_planks	23
minecraft:item	minecraft:oak_pressure_plate	673
minecraft:item	minecraft:oak_sapling	35
minecraft:item	minecraft:oak_sign	842
minecraft:item	minecraft:oak_slab	228
minecraft:item	minecraft:oak_stairs	359
minecraft:item	minecraft:oak_trapdoor	697
minecraft:item	minecraft:oak_wood	143
minecraft:item	minecraft:observer	641
minecraft:item	minecraft:obsidian	266
minecraft:item	minecraft:ocelot_spawn_egg	997
minecraft:item	minecraft:ochre_froglight	1206
minecraft:item	minecraft:orange_banner	1084
minecraft:item	minecraft:orange_bed	921
minecraft:item	minecraft:orange_candle	1186
minecraft:item	minecraft:orange_carpet	423
minecraft:item	minecraft:orange_concrete	532
minecraft:item	minecraft:orange_concrete_powder	548
minecraft:item	minecraft:orange_dye	901
minecraft:item	minecraft:orange_glazed_terracotta	516
minecraft:item	minecraft:orange_shulker_box	500
minecraft:item	minecraft:orange_stained_glass	448
minecraft:item	minecraft:orange_stained_glass_pane	464
minecraft:item	minecraft:orange_terracotta	404
minecraft:item	minecraft:orange_tulip	201
minecraft:item	minecraft:orange_wool	180
minecraft:item	minecraft:oxeye_daisy	204
minecraft:item	minecraft:oxidized_copper	80
minecraft:item	minecraft:oxidized_cut_copper	84
minecraft:item	minecraft:oxidized_cut_copper_slab	92
minecraft:item	minecraft:oxidized_cut_copper_stairs	88
minecraft:item	minecraft:packed_ice	439
minecraft:item	minecraft:packed_mud	320
minecraft:item	minecraft:painting	839
minecraft:item	minecraft:panda_spawn_egg	998
minecraft:item	minecraft:paper	880
minecraft:item	minecraft:parrot_spawn_egg	999
minecraft:item	minecraft:pearlescent_froglight	1208
minecraft:item	minecraft:peony	444
minecraft:item	minecraft:petrified_oak_slab	244
minecraft:item	minecraft:phantom_membrane	1134
minecraft:item	minecraft:phantom_spawn_egg	1000
minecraft:item	minecraft:pig_spawn_egg	1001
minecraft:item	minecraft:piglin_banner_pattern	1145
minecraft:item	minecraft:piglin_brute_spawn_egg	1003
minecraft:item	minecraft:piglin_head	1059
minecraft:item	minecraft:piglin_spawn_egg	1002
minecraft:item	minecraft:pillager_spawn_egg	1004
minecraft:item	minecraft:pink_banner	1089
minecraft:item	minecraft:pink_bed	926
minecraft:item	minecraft:pink_candle	1191
minecraft:item	minecraft:pink_carpet	428
minecraft:item	minecraft:pink_concrete	537
minecraft:item	minecraft:pink_concrete_powder	553
minecraft:item	minecraft:pink_dye	906
minecraft:item	minecraft:pink_glazed_terracotta	521
minecraft:item	minecraft:pink_petals	222
minecraft:item	minecraft:pink_shulker_box	505
minecraft:item	minecraft:pink_stained_glass	453
minecraft:item	minecraft:pink_stained_glass_pane	469
minecraft:item	minecraft:pink_terracotta	409
minecraft:item	minecraft:pink_tulip	203
minecraft:item	minecraft:pink_wool	185
minecraft:item	minecraft:piston	637
minecraft:item	minecraft:player_head	1055
minecraft:item	minecraft:podzol	17
minecraft:item	minecraft:pointed_dripstone	1205
minecraft:item	minecraft:poisonous_potato	1050
minecraft:item	minecraft:polar_bear_spawn_egg	1005
minecraft:item	minecraft:polished_andesite	7
minecraft:item	minecraft:polished_andesite_slab	625
minecraft:item	minecraft:polished_andesite_stairs	608
minecraft:item	minecraft:polished_basalt	305
minecraft:item	minecraft:polished_blackstone	1175
minecraft:item	minecraft:polished_blackstone_brick_slab	1180
minecraft:item	minecraft:polished_blackstone_brick_stairs	1181
minecraft:item	minecraft:polished_blackstone_brick_wall	390
minecraft:item	minecraft:polished_blackstone_bricks	1179
minecraft:item	minecraft:polished_blackstone_button	657
minecraft:item	minecraft:polished_blackstone_pressure_plate	670
minecraft:item	minecraft:polished_blackstone_slab	1176
minecraft:item	minecraft:polished_blackstone_stairs	1177
minecraft:item	minecraft:polished_blackstone_wall	389
minecraft:item	minecraft:polished_deepslate	10
minecraft:item	minecraft:polished_deepslate_slab	628
minecraft:item	minecraft:polished_deepslate_stairs	611
minecraft:item	minecraft:polished_deepslate_wall	392
minecraft:item	minecraft:polished_diorite	5
minecraft:item	minecraft:polished_diorite_slab	617
minecraft:item	minecraft:polished_diorite_stairs	599
minecraft:item	minecraft:polished_granite	3
minecraft:item	minecraft:polished_granite_slab	614
minecraft:item	minecraft:polished_granite_stairs	596
minecraft:item	minecraft:popped_chorus_fruit	1101
minecraft:item	minecraft:poppy	196
minecraft:item	minecraft:porkchop	837
minecraft:item	minecraft:potato	1048
minecraft:item	minecraft:potion	953
minecraft:item	minecraft:pottery_shard_archer	1224
minecraft:item	minecraft:pottery_shard_arms_up	1226
minecraft:item	minecraft:pottery_shard_prize	1225
minecraft:item	minecraft:pottery_shard_skull	1227
minecraft:item	minecraft:powder_snow_bucket	867
minecraft:item	minecraft:powered_rail	719
minecraft:item	minecraft:prismarine	479
minecraft:item	minecraft:prismarine_brick_slab	255
minecraft:item	minecraft:prismarine_brick_stairs	483
minecraft:item	minecraft:prismarine_bricks	480
minecraft:item	minecraft:prismarine_crystals	1067
minecraft:item	minecraft:prismarine_shard	1066
minecraft:item	minecraft:prismarine_slab	254
minecraft:item	minecraft:prismarine_stairs	482
minecraft:item	minecraft:prismarine_wall	376
minecraft:item	minecraft:pufferfish	894
minecraft:item	minecraft:pufferfish_bucket	871
minecraft:item	minecraft:pufferfish_spawn_egg	1006
minecraft:item	minecraft:pumpkin	298
minecraft:item	minecraft:pumpkin_pie	1061
minecraft:item	minecraft:pumpkin_seeds	941
minecraft:item	minecraft:purple_banner	1093
minecraft:item	minecraft:purple_bed	930
minecraft:item	minecraft:purple_candle	1195
minecraft:item	minecraft:purple_carpet	432
minecraft:item	minecraft:purple_concrete	541
minecraft:item	minecraft:purple_concrete_powder	557
minecraft:item	minecraft:purple_dye	910
minecraft:item	minecraft:purple_glazed_terracotta	525
minecraft:item	minecraft:purple_shulker_box	509
minecraft:item	minecraft:purple_stained_glass	457
minecraft:item	minecraft:purple_stained_glass_pane	473
minecraft:item	minecraft:purple_terracotta	413
minecraft:item	minecraft:purple_wool	189
minecraft:item	minecraft:purpur_block	271
minecraft:item	minecraft:purpur_pillar	272
minecraft:item	minecraft:purpur_slab	253
minecraft:item	minecraft:purpur_stairs	273
minecraft:item	minecraft:quartz	763
minecraft:item	minecraft:quartz_block	399
minecraft:item	minecraft:quartz_bricks	400
minecraft:item	minecraft:quartz_pillar	401
minecraft:item	minecraft:quartz_slab	250
minecraft:item	minecraft:quartz_stairs	402
minecraft:item	minecraft:rabbit	1068
minecraft:item	minecraft:rabbit_foot	1071
minecraft:item	minecraft:rabbit_hide	1072
minecraft:item	minecraft:rabbit_spawn_egg	1007
minecraft:item	minecraft:rabbit_stew	1070
minecraft:item	minecraft:rail	721
minecraft:item	minecraft:ravager_spawn_egg	1008
minecraft:item	minecraft:raw_copper	767
minecraft:item	minecraft:raw_copper_block	69
minecraft:item	minecraft:raw_gold	769
minecraft:item	minecraft:raw_gold_block	70
minecraft:item	minecraft:raw_iron	765
minecraft:item	minecraft:raw_iron_block	68
minecraft:item	minecraft:recovery_compass	885
minecraft:item	minecraft:red_banner	1097
minecraft:item	minecraft:red_bed	934
minecraft:item	minecraft:red_candle	1199
minecraft:item	minecraft:red_carpet	436
minecraft:item	minecraft:red_concrete	545
minecraft:item	minecraft:red_concrete_powder	561
minecraft:item	minecraft:red_dye	914
minecraft:item	minecraft:red_glazed_terracotta	529
minecraft:item	minecraft:red_mushroom	211
minecraft:item	minecraft:red_mushroom_block	329
minecraft:item	minecraft:red_nether_brick_slab	624
minecraft:item	minecraft:red_nether_brick_stairs	607
minecraft:item	minecraft:red_nether_brick_wall	384
minecraft:item	minecraft:red_nether_bricks	495
minecraft:item	minecraft:red_sand	46
minecraft:item	minecraft:red_sandstone	486
minecraft:item	minecraft:red_sandstone_slab	251
minecraft:item	minecraft:red_sandstone_stairs	489
minecraft:item	minecraft:red_sandstone_wall	377
minecraft:item	minecraft:red_shulker_box	513
minecraft:item	minecraft:red_stained_glass	461
minecraft:item	minecraft:red_stained_glass_pane	477
minecraft:item	minecraft:red_terracotta	417
minecraft:item	minecraft:red_tulip	200
minecraft:item	minecraft:red_wool	193
minecraft:item	minecraft:redstone	632
minecraft:item	minecraft:redstone_block	634
minecraft:item	minecraft:redstone_lamp	654
minecraft:item	minecraft:redstone_ore	56
minecraft:item	minecraft:redstone_torch	633
minecraft:item	minecraft:reinforced_deepslate	327
minecraft:item	minecraft:repeater	635
minecraft:item	minecraft:repeating_command_block	490
minecraft:item	minecraft:respawn_anchor	1183
minecraft:item	minecraft:rib_armor_trim_smithing_template	1222
minecraft:item	minecraft:rooted_dirt	18
minecraft:item	minecraft:rose_bush	443
minecraft:item	minecraft:rotten_flesh	947
minecraft:item	minecraft:saddle	723
minecraft:item	minecraft:salmon	892
minecraft:item	minecraft:salmon_bucket	872
minecraft:item	minecraft:salmon_spawn_egg	1009
minecraft:item	minecraft:sand	44
minecraft:item	minecraft:sandstone	168
minecraft:item	minecraft:sandstone_slab	242
minecraft:item	minecraft:sandstone_stairs	356
minecraft:item	minecraft:sandstone_wall	385
minecraft:item	minecraft:scaffolding	631
minecraft:item	minecraft:sculk	347
minecraft:item	minecraft:sculk_catalyst	349
minecraft:item	minecraft:sculk_sensor	650
minecraft:item	minecraft:sculk_shrieker	350
minecraft:item	minecraft:sculk_vein	348
minecraft:item	minecraft:scute	753
minecraft:item	minecraft:sea_lantern	485
minecraft:item	minecraft:sea_pickle	178
minecraft:item	minecraft:seagrass	177
minecraft:item	minecraft:sentry_armor_trim_smithing_template	1213
minecraft:item	minecraft:shears	938
minecraft:item	minecraft:sheep_spawn_egg	1010
minecraft:item	minecraft:shield	1111
minecraft:item	minecraft:shroomlight	1163
minecraft:item	minecraft:shulker_box	498
minecraft:item	minecraft:shulker_shell	1113
minecraft:item	minecraft:shulker_spawn_egg	1011
minecraft:item	minecraft:silverfish_spawn_egg	1012
minecraft:item	minecraft:skeleton_horse_spawn_egg	1014
minecraft:item	minecraft:skeleton_skull	1053
minecraft:item	minecraft:skeleton_spawn_egg	1013
minecraft:item	minecraft:skull_banner_pattern	1142
minecraft:item	minecraft:slime_ball	882
minecraft:item	minecraft:slime_block	639
minecraft:item	minecraft:slime_spawn_egg	1015
minecraft:item	minecraft:small_amethyst_bud	1201
minecraft:item	minecraft:small_dripleaf	226
minecraft:item	minecraft:smithing_table	1154
minecraft:item	minecraft:smoker	1149
minecraft:item	minecraft:smooth_basalt	306
minecraft:item	minecraft:smooth_quartz	257
minecraft:item	minecraft:smooth_quartz_slab	621
minecraft:item	minecraft:smooth_quartz_stairs	604
minecraft:item	minecraft:smooth_red_sandstone	258
minecraft:item	minecraft:smooth_red_sandstone_slab	615
minecraft:item	minecraft:smooth_red_sandstone_stairs	597
minecraft:item	minecraft:smooth_sandstone	259
minecraft:item	minecraft:smooth_sandstone_slab	620
minecraft:item	minecraft:smooth_sandstone_stairs	603
minecraft:item	minecraft:smooth_stone	260
minecraft:item	minecraft:smooth_stone_slab	241
minecraft:item	minecraft:sniffer_spawn_egg	1016
minecraft:item	minecraft:snout_armor_trim_smithing_template	1221
minecraft:item	minecraft:snow	281
minecraft:item	minecraft:snow_block	283
minecraft:item	minecraft:snow_golem_spawn_egg	1017
minecraft:item	minecraft:snowball	868
minecraft:item	minecraft:soul_campfire	1162
minecraft:item	minecraft:soul_lantern	1158
minecraft:item	minecraft:soul_sand	302
minecraft:item	minecraft:soul_soil	303
minecraft:item	minecraft:soul_torch	307
minecraft:item	minecraft:spawner	274
minecraft:item	minecraft:spectral_arrow	1108
minecraft:item	minecraft:spider_eye	955
minecraft:item	minecraft:spider_spawn_egg	1018
minecraft:item	minecraft:spire_armor_trim_smithing_template	1223
minecraft:item	minecraft:splash_potion	1107
minecraft:item	minecraft:sponge	163
minecraft:item	minecraft:spore_blossom	209
minecraft:item	minecraft:spruce_boat	734
minecraft:item	minecraft:spruce_button	659
minecraft:item	minecraft:spruce_chest_boat	735
minecraft:item	minecraft:spruce_door	686
minecraft:item	minecraft:spruce_fence	288
minecraft:item	minecraft:spruce_fence_gate	709
minecraft:item	minecraft:spruce_hanging_sign	854
minecraft:item	minecraft:spruce_leaves	154
minecraft:item	minecraft:spruce_log	110
minecraft:item	minecraft:spruce_planks	24
minecraft:item	minecraft:spruce_pressure_plate	674
minecraft:item	minecraft:spruce_sapling	36
minecraft:item	minecraft:spruce_sign	843
minecraft:item	minecraft:spruce_slab	229
minecraft:item	minecraft:spruce_stairs	360
minecraft:item	minecraft:spruce_trapdoor	698
minecraft:item	minecraft:spruce_wood	144
minecraft:item	minecraft:spyglass	889
minecraft:item	minecraft:squid_spawn_egg	1019
minecraft:item	minecraft:stick	803
minecraft:item	minecraft:sticky_piston	638
minecraft:item	minecraft:stone	1
minecraft:item	minecraft:stone_axe	781
minecraft:item	minecraft:stone_brick_slab	247
minecraft:item	minecraft:stone_brick_stairs	338
minecraft:item	minecraft:stone_brick_wall	380
minecraft:item	minecraft:stone_bricks	316
minecraft:item	minecraft:stone_button	656
minecraft:item	minecraft:stone_hoe	782
minecraft:item	minecraft:stone_pickaxe	780
minecraft:item	minecraft:stone_pressure_plate	669
minecraft:item	minecraft:stone_shovel	779
minecraft:item	minecraft:stone_slab	240
minecraft:item	minecraft:stone_stairs	602
minecraft:item	minecraft:stone_sword	778
minecraft:item	minecraft:stonecutter	1155
minecraft:item	minecraft:stray_spawn_egg	1020
minecraft:item	minecraft:strider_spawn_egg	1021
minecraft:item	minecraft:string	806
minecraft:item	minecraft:stripped_acacia_log	126
minecraft:item	minecraft:stripped_acacia_wood	136
minecraft:item	minecraft:stripped_bamboo_block	142
minecraft:item	minecraft:stripped_birch_log	124
minecraft:item	minecraft:stripped_birch_wood	134
minecraft:item	minecraft:stripped_cherry_log	127
minecraft:item	minecraft:stripped_cherry_wood	137
minecraft:item	minecraft:stripped_crimson_hyphae	140
minecraft:item	minecraft:stripped_crimson_stem	130
minecraft:item	minecraft:stripped_dark_oak_log	128
minecraft:item	minecraft:stripped_dark_oak_wood	138
minecraft:item	minecraft:stripped_jungle_log	125
minecraft:item	minecraft:stripped_jungle_wood	135
minecraft:item	minecraft:stripped_mangrove_log	129
minecraft:item	minecraft:stripped_mangrove_wood	139
minecraft:item	minecraft:stripped_oak_log	122
minecraft:item	minecraft:stripped_oak_wood	132
minecraft:item	minecraft:stripped_spruce_log	123
minecraft:item	minecraft:stripped_spruce_wood	133
minecraft:item	minecraft:stripped_warped_hyphae	141
minecraft:item	minecraft:stripped_warped_stem	131
minecraft:item	minecraft:structure_block	750
minecraft:item	minecraft:structure_void	497
minecraft:item	minecraft:sugar	918
minecraft:item	minecraft:sugar_cane	219
minecraft:item	minecraft:sunflower	441
minecraft:item	minecraft:suspicious_sand	45
minecraft:item	minecraft:suspicious_stew	1138
minecraft:item	minecraft:sweet_berries	1159
minecraft:item	minecraft:tadpole_bucket	876
minecraft:item	minecraft:tadpole_spawn_egg	1022
minecraft:item	minecraft:tall_grass	445
minecraft:item	minecraft:target	646
minecraft:item	minecraft:terracotta	438
minecraft:item	minecraft:tide_armor_trim_smithing_template	1220
minecraft:item	minecraft:tinted_glass	166
minecraft:item	minecraft:tipped_arrow	1109
minecraft:item	minecraft:tnt	653
minecraft:item	minecraft:tnt_minecart	727
minecraft:item	minecraft:torch	267
minecraft:item	minecraft:torchflower	208
minecraft:item	minecraft:torchflower_seeds	1102
minecraft:item	minecraft:totem_of_undying	1112
minecraft:item	minecraft:trader_llama_spawn_egg	1023
minecraft:item	minecraft:trapped_chest	652
minecraft:item	minecraft:trident	1133
minecraft:item	minecraft:tripwire_hook	651
minecraft:item	minecraft:tropical_fish	893
minecraft:item	minecraft:tropical_fish_bucket	874
minecraft:item	minecraft:tropical_fish_spawn_egg	1024
minecraft:item	minecraft:tube_coral	574
minecraft:item	minecraft:tube_coral_block	569
minecraft:item	minecraft:tube_coral_fan	584
minecraft:item	minecraft:tuff	12
minecraft:item	minecraft:turtle_egg	563
minecraft:item	minecraft:turtle_helmet	752
minecraft:item	minecraft:turtle_spawn_egg	1025
minecraft:item	minecraft:twisting_vines	218
minecraft:item	minecraft:verdant_froglight	1207
minecraft:item	minecraft:vex_armor_trim_smithing_template	1219
minecraft:item	minecraft:vex_spawn_egg	1026
minecraft:item	minecraft:villager_spawn_egg	1027
minecraft:item	minecraft:vindicator_spawn_egg	1028
minecraft:item	minecraft:vine	335
minecraft:item	minecraft:wandering_trader_spawn_egg	1029
minecraft:item	minecraft:ward_armor_trim_smithing_template	1217
minecraft:item	minecraft:warden_spawn_egg	1030
minecraft:item	minecraft:warped_button	668
minecraft:item	minecraft:warped_door	695
minecraft:item	minecraft:warped_fence	297
minecraft:item	minecraft:warped_fence_gate	718
minecraft:item	minecraft:warped_fungus	213
minecraft:item	minecraft:warped_fungus_on_a_stick	730
minecraft:item	minecraft:warped_hanging_sign	863
minecraft:item	minecraft:warped_hyphae	152
minecraft:item	minecraft:warped_nylium	21
minecraft:item	minecraft:warped_planks	33
minecraft:item	minecraft:warped_pressure_plate	683
minecraft:item	minecraft:warped_roots	215
minecraft:item	minecraft:warped_sign	852
minecraft:item	minecraft:warped_slab	239
minecraft:item	minecraft:warped_stairs	370
minecraft:item	minecraft:warped_stem	120
minecraft:item	minecraft:warped_trapdoor	707
minecraft:item	minecraft:warped_wart_block	494
minecraft:item	minecraft:water_bucket	865
minecraft:item	minecraft:waxed_copper_block	93
minecraft:item	minecraft:waxed_cut_copper	97
minecraft:item	minecraft:waxed_cut_copper_slab	105
minecraft:item	minecraft:waxed_cut_copper_stairs	101
minecraft:item	minecraft:waxed_exposed_copper	94
minecraft:item	minecraft:waxed_exposed_cut_copper	98
minecraft:item	minecraft:waxed_exposed_cut_copper_slab	106
minecraft:item	minecraft:waxed_exposed_cut_copper_stairs	102
minecraft:item	minecraft:waxed_oxidized_copper	96
minecraft:item	minecraft:waxed_oxidized_cut_copper	100
minecraft:item	minecraft:waxed_oxidized_cut_copper_slab	108
minecraft:item	minecraft:waxed_oxidized_cut_copper_stairs	104
minecraft:item	minecraft:waxed_weathered_copper	95
minecraft:item	minecraft:waxed_weathered_cut_copper	99
minecraft:item	minecraft:waxed_weathered_cut_copper_slab	107
minecraft:item	minecraft:waxed_weathered_cut_copper_stairs	103
minecraft:item	minecraft:weathered_copper	79
minecraft:item	minecraft:weathered_cut_copper	83
minecraft:item	minecraft:weathered_cut_copper_slab	91
minecraft:item	minecraft:weathered_cut_copper_stairs	87
minecraft:item	minecraft:weeping_vines	217
minecraft:item	minecraft:wet_sponge	164
minecraft:item	minecraft:wheat	810
minecraft:item	minecraft:wheat_seeds	809
minecraft:item	minecraft:white_banner	1083
minecraft:item	minecraft:white_bed	920
minecraft:item	minecraft:white_candle	1185
minecraft:item	minecraft:white_carpet	422
minecraft:item	minecraft:white_concrete	531
minecraft:item	minecraft:white_concrete_powder	547
minecraft:item	minecraft:white_dye	900
minecraft:item	minecraft:white_glazed_terracotta	515
minecraft:item	minecraft:white_shulker_box	499
minecraft:item	minecraft:white_stained_glass	447
minecraft:item	minecraft:white_stained_glass_pane	463
minecraft:item	minecraft:white_terracotta	403
minecraft:item	minecraft:white_tulip	202
minecraft:item	minecraft:white_wool	179
minecraft:item	minecraft:wild_armor_trim_smithing_template	1216
minecraft:item	minecraft:witch_spawn_egg	1031
minecraft:item	minecraft:wither_rose	207
minecraft:item	minecraft:wither_skeleton_skull	1054
minecraft:item	minecraft:wither_skeleton_spawn_egg	1033
minecraft:item	minecraft:wither_spawn_egg	1032
minecraft:item	minecraft:wolf_spawn_egg	1034
minecraft:item	minecraft:wooden_axe	776
minecraft:item	minecraft:wooden_hoe	777
minecraft:item	minecraft:wooden_pickaxe	775
minecraft:item	minecraft:wooden_shovel	774
minecraft:item	minecraft:wooden_sword	773
minecraft:item	minecraft:writable_book	1042
minecraft:item	minecraft:written_book	1043
minecraft:item	minecraft:yellow_banner	1087
minecraft:item	minecraft:yellow_bed	924
minecraft:item	minecraft:yellow_candle	1189
minecraft:item	minecraft:yellow_carpet	426
minecraft:item	minecraft:yellow_concrete	535
minecraft:item	minecraft:yellow_concrete_powder	551
minecraft:item	minecraft:yellow_dye	904
minecraft:item	minecraft:yellow_glazed_terracotta	519
minecraft:item	minecraft:yellow_shulker_box	503
minecraft:item	minecraft:yellow_stained_glass	451
minecraft:item	minecraft:yellow_stained_glass_pane	467
minecraft:item	minecraft:yellow_terracotta	407
minecraft:item	minecraft:yellow_wool	183
minecraft:item	minecraft:zoglin_spawn_egg	1035
minecraft:item	minecraft:zombie_head	1056
minecraft:item	minecraft:zombie_horse_spawn_egg	1037
minecraft:item	minecraft:zombie_spawn_egg	1036
minecraft:item	minecraft:zombie_villager_spawn_egg	1038
minecraft:item	minecraft:zombified_piglin_spawn_egg	1039
minecraft:loot_condition_type	minecraft:alternative	1
minecraft:loot_condition_type	minecraft:block_state_property	7
minecraft:loot_condition_type	minecraft:damage_source_properties	11
minecraft:loot_condition_type	minecraft:entity_properties	4
minecraft:loot_condition_type	minecraft:entity_scores	6
minecraft:loot_condition_type	minecraft:inverted	0
minecraft:loot_condition_type	minecraft:killed_by_player	5
minecraft:loot_condition_type	minecraft:location_check	12
minecraft:loot_condition_type	minecraft:match_tool	8
minecraft:loot_condition_type	minecraft:random_chance	2
minecraft:loot_condition_type	minecraft:random_chance_with_looting	3
minecraft:loot_condition_type	minecraft:reference	14
minecraft:loot_condition_type	minecraft:survives_explosion	10
minecraft:loot_condition_type	minecraft:table_bonus	9
minecraft:loot_condition_type	minecraft:time_check	15
minecraft:loot_condition_type	minecraft:value_check	16
minecraft:loot_condition_type	minecraft:weather_check	13
minecraft:loot_function_type	minecraft:apply_bonus	15
minecraft:loot_function_type	minecraft:copy_name	12
minecraft:loot_function_type	minecraft:copy_nbt	20
minecraft:loot_function_type	minecraft:copy_state	21
minecraft:loot_function_type	minecraft:enchant_randomly	2
minecraft:loot_function_type	minecraft:enchant_with_levels	1
minecraft:loot_function_type	minecraft:exploration_map	10
minecraft:loot_function_type	minecraft:explosion_decay	17
minecraft:loot_function_type	minecraft:fill_player_head	19
minecraft:loot_function_type	minecraft:furnace_smelt	5
minecraft:loot_function_type	minecraft:limit_count	14
minecraft:loot_function_type	minecraft:looting_enchant	6
minecraft:loot_function_type	minecraft:set_attributes	8
minecraft:loot_function_type	minecraft:set_banner_pattern	22
minecraft:loot_function_type	minecraft:set_contents	13
minecraft:loot_function_type	minecraft:set_count	0
minecraft:loot_function_type	minecraft:set_damage	7
minecraft:loot_function_type	minecraft:set_enchantments	3
minecraft:loot_function_type	minecraft:set_instrument	24
minecraft:loot_function_type	minecraft:set_loot_table	16
minecraft:loot_function_type	minecraft:set_lore	18
minecraft:loot_function_type	minecraft:set_name	9
minecraft:loot_function_type	minecraft:set_nbt	4
minecraft:loot_function_type	minecraft:set_potion	23
minecraft:loot_function_type	minecraft:set_stew_effect	11
minecraft:loot_nbt_provider_type	minecraft:context	1
minecraft:loot_nbt_provider_type	minecraft:storage	0
minecraft:loot_number_provider_type	minecraft:binomial	2
minecraft:loot_number_provider_type	minecraft:constant	0
minecraft:loot_number_provider_type	minecraft:score	3
minecraft:loot_number_provider_type	minecraft:uniform	1
minecraft:loot_pool_entry_type	minecraft:alternatives	5
minecraft:loot_pool_entry_type	minecraft:dynamic	3
minecraft:loot_pool_entry_type	minecraft:empty	0
minecraft:loot_pool_entry_type	minecraft:group	7
minecraft:loot_pool_entry_type	minecraft:item	1
minecraft:loot_pool_entry_type	minecraft:loot_table	2
minecraft:loot_pool_entry_type	minecraft:sequence	6
minecraft:loot_pool_entry_type	minecraft:tag	4
minecraft:loot_score_provider_type	minecraft:context	1
minecraft:loot_score_provider_type	minecraft:fixed	0
minecraft:memory_module_type	minecraft:admiring_disabled	57
minecraft:memory_module_type	minecraft:admiring_item	54
minecraft:memory_module_type	minecraft:angry_at	52
minecraft:memory_module_type	minecraft:ate_recently	72
minecraft:memory_module_type	minecraft:attack_cooling_down	15
minecraft:memory_module_type	minecraft:attack_target	14
minecraft:memory_module_type	minecraft:avoid_target	25
minecraft:memory_module_type	minecraft:breed_target	17
minecraft:memory_module_type	minecraft:cant_reach_walk_target_since	30
minecraft:memory_module_type	minecraft:celebrate_location	59
minecraft:memory_module_type	minecraft:dancing	60
minecraft:memory_module_type	minecraft:dig_cooldown	81
minecraft:memory_module_type	minecraft:disable_walk_to_admire_item	56
minecraft:memory_module_type	minecraft:disturbance_location	76
minecraft:memory_module_type	minecraft:doors_to_close	21
minecraft:memory_module_type	minecraft:dummy	0
minecraft:memory_module_type	minecraft:gaze_cooldown_ticks	41
minecraft:memory_module_type	minecraft:golem_detected_recently	31
minecraft:memory_module_type	minecraft:has_hunting_cooldown	45
minecraft:memory_module_type	minecraft:heard_bell_time	29
minecraft:memory_module_type	minecraft:hiding_place	28
minecraft:memory_module_type	minecraft:home	1
minecraft:memory_module_type	minecraft:hunted_recently	58
minecraft:memory_module_type	minecraft:hurt_by	23
minecraft:memory_module_type	minecraft:hurt_by_entity	24
minecraft:memory_module_type	minecraft:interactable_doors	20
minecraft:memory_module_type	minecraft:interaction_target	16
minecraft:memory_module_type	minecraft:is_emerging	79
minecraft:memory_module_type	minecraft:is_in_water	48
minecraft:memory_module_type	minecraft:is_panicking	50
minecraft:memory_module_type	minecraft:is_pregnant	49
minecraft:memory_module_type	minecraft:is_sniffing	78
minecraft:memory_module_type	minecraft:is_tempted	42
minecraft:memory_module_type	minecraft:item_pickup_cooldown_ticks	92
minecraft:memory_module_type	minecraft:job_site	2
minecraft:memory_module_type	minecraft:last_slept	32
minecraft:memory_module_type	minecraft:last_woken	33
minecraft:memory_module_type	minecraft:last_worked_at_poi	34
minecraft:memory_module_type	minecraft:liked_noteblock	90
minecraft:memory_module_type	minecraft:liked_noteblock_cooldown_ticks	91
minecraft:memory_module_type	minecraft:liked_player	89
minecraft:memory_module_type	minecraft:long_jump_cooling_down	43
minecraft:memory_module_type	minecraft:long_jump_mid_jump	44
minecraft:memory_module_type	minecraft:look_target	13
minecraft:memory_module_type	minecraft:meeting_point	4
minecraft:memory_module_type	minecraft:mobs	6
minecraft:memory_module_type	minecraft:nearby_adult_piglins	64
minecraft:memory_module_type	minecraft:nearest_attackable	27
minecraft:memory_module_type	minecraft:nearest_bed	22
minecraft:memory_module_type	minecraft:nearest_hostile	26
minecraft:memory_module_type	minecraft:nearest_player_holding_wanted_item	71
minecraft:memory_module_type	minecraft:nearest_players	9
minecraft:memory_module_type	minecraft:nearest_repellent	73
minecraft:memory_module_type	minecraft:nearest_targetable_player_not_wearing_gold	63
minecraft:memory_module_type	minecraft:nearest_visible_adult	35
minecraft:memory_module_type	minecraft:nearest_visible_adult_hoglins	66
minecraft:memory_module_type	minecraft:nearest_visible_adult_piglin	67
minecraft:memory_module_type	minecraft:nearest_visible_adult_piglins	65
minecraft:memory_module_type	minecraft:nearest_visible_baby_hoglin	62
minecraft:memory_module_type	minecraft:nearest_visible_huntable_hoglin	61
minecraft:memory_module_type	minecraft:nearest_visible_nemesis	37
minecraft:memory_module_type	minecraft:nearest_visible_player	10
minecraft:memory_module_type	minecraft:nearest_visible_targetable_player	11
minecraft:memory_module_type	minecraft:nearest_visible_wanted_item	36
minecraft:memory_module_type	minecraft:nearest_visible_zombified	68
minecraft:memory_module_type	minecraft:pacified	74
minecraft:memory_module_type	minecraft:path	19
minecraft:memory_module_type	minecraft:play_dead_ticks	38
minecraft:memory_module_type	minecraft:potential_job_site	3
minecraft:memory_module_type	minecraft:ram_cooldown_ticks	46
minecraft:memory_module_type	minecraft:ram_target	47
minecraft:memory_module_type	minecraft:recent_projectile	77
minecraft:memory_module_type	minecraft:ride_target	18
minecraft:memory_module_type	minecraft:roar_sound_cooldown	82
minecraft:memory_module_type	minecraft:roar_sound_delay	80
minecraft:memory_module_type	minecraft:roar_target	75
minecraft:memory_module_type	minecraft:secondary_job_site	5
minecraft:memory_module_type	minecraft:sniff_cooldown	83
minecraft:memory_module_type	minecraft:sniffer_digging	95
minecraft:memory_module_type	minecraft:sniffer_explored_positions	93
minecraft:memory_module_type	minecraft:sniffer_happy	96
minecraft:memory_module_type	minecraft:sniffer_sniffing_target	94
minecraft:memory_module_type	minecraft:sonic_boom_cooldown	86
minecraft:memory_module_type	minecraft:sonic_boom_sound_cooldown	87
minecraft:memory_module_type	minecraft:sonic_boom_sound_delay	88
minecraft:memory_module_type	minecraft:temptation_cooldown_ticks	40
minecraft:memory_module_type	minecraft:tempting_player	39
minecraft:memory_module_type	minecraft:time_trying_to_reach_admire_item	55
minecraft:memory_module_type	minecraft:touch_cooldown	84
minecraft:memory_module_type	minecraft:universal_anger	53
minecraft:memory_module_type	minecraft:unreachable_tongue_targets	51
minecraft:memory_module_type	minecraft:vibration_cooldown	85
minecraft:memory_module_type	minecraft:visible_adult_hoglin_count	70
minecraft:memory_module_type	minecraft:visible_adult_piglin_count	69
minecraft:memory_module_type	minecraft:visible_mobs	7
minecraft:memory_module_type	minecraft:visible_villager_babies	8
minecraft:memory_module_type	minecraft:walk_target	12
minecraft:menu	minecraft:anvil	7
minecraft:menu	minecraft:beacon	8
minecraft:menu	minecraft:blast_furnace	9
minecraft:menu	minecraft:brewing_stand	10
minecraft:menu	minecraft:cartography_table	23
minecraft:menu	minecraft:crafting	11
minecraft:menu	minecraft:enchantment	12
minecraft:menu	minecraft:furnace	13
minecraft:menu	minecraft:generic_3x3	6
minecraft:menu	minecraft:generic_9x1	0
minecraft:menu	minecraft:generic_9x2	1
minecraft:menu	minecraft:generic_9x3	2
minecraft:menu	minecraft:generic_9x4	3
minecraft:menu	minecraft:generic_9x5	4
minecraft:menu	minecraft:generic_9x6	5
minecraft:menu	minecraft:grindstone	14
minecraft:menu	minecraft:hopper	15
minecraft:menu	minecraft:lectern	16
minecraft:menu	minecraft:legacy_smithing	20
minecraft:menu	minecraft:loom	17
minecraft:menu	minecraft:merchant	18
minecraft:menu	minecraft:shulker_box	19
minecraft:menu	minecraft:smithing	21
minecraft:menu	minecraft:smoker	22
minecraft:menu	minecraft:stonecutter	24
minecraft:mob_effect	minecraft:absorption	22
minecraft:mob_effect	minecraft:bad_omen	31
minecraft:mob_effect	minecraft:blindness	15
minecraft:mob_effect	minecraft:conduit_power	29
minecraft:mob_effect	minecraft:darkness	33
minecraft:mob_effect	minecraft:dolphins_grace	30
minecraft:mob_effect	minecraft:fire_resistance	12
minecraft:mob_effect	minecraft:glowing	24
minecraft:mob_effect	minecraft:haste	3
minecraft:mob_effect	minecraft:health_boost	21
minecraft:mob_effect	minecraft:hero_of_the_village	32
minecraft:mob_effect	minecraft:hunger	17
minecraft:mob_effect	minecraft:instant_damage	7
minecraft:mob_effect	minecraft:instant_health	6
minecraft:mob_effect	minecraft:invisibility	14
minecraft:mob_effect	minecraft:jump_boost	8
minecraft:mob_effect	minecraft:levitation	25
minecraft:mob_effect	minecraft:luck	26
minecraft:mob_effect	minecraft:mining_fatigue	4
minecraft:mob_effect	minecraft:nausea	9
minecraft:mob_effect	minecraft:night_vision	16
minecraft:mob_effect	minecraft:poison	19
minecraft:mob_effect	minecraft:regeneration	10
minecraft:mob_effect	minecraft:resistance	11
minecraft:mob_effect	minecraft:saturation	23
minecraft:mob_effect	minecraft:slow_falling	28
minecraft:mob_effect	minecraft:slowness	2
minecraft:mob_effect	minecraft:speed	1
minecraft:mob_effect	minecraft:strength	5
minecraft:mob_effect	minecraft:unluck	27
minecraft:mob_effect	minecraft:water_breathing	13
minecraft:mob_effect	minecraft:weakness	18
minecraft:mob_effect	minecraft:wither	20
minecraft:painting_variant	minecraft:alban	2
minecraft:painting_variant	minecraft:aztec	1
minecraft:painting_variant	minecraft:aztec2	3
minecraft:painting_variant	minecraft:bomb	4
minecraft:painting_variant	minecraft:burning_skull	23
minecraft:painting_variant	minecraft:bust	15
minecraft:painting_variant	minecraft:courbet	8
minecraft:painting_variant	minecraft:creebet	11
minecraft:painting_variant	minecraft:donkey_kong	29
minecraft:painting_variant	minecraft:earth	25
minecraft:painting_variant	minecraft:fighters	20
minecraft:painting_variant	minecraft:fire	28
minecraft:painting_variant	minecraft:graham	13
minecraft:painting_variant	minecraft:kebab	0
minecraft:painting_variant	minecraft:match	14
minecraft:painting_variant	minecraft:pigscene	22
minecraft:painting_variant	minecraft:plant	5
minecraft:painting_variant	minecraft:pointer	21
minecraft:painting_variant	minecraft:pool	7
minecraft:painting_variant	minecraft:sea	9
minecraft:painting_variant	minecraft:skeleton	24
minecraft:painting_variant	minecraft:skull_and_roses	18
minecraft:painting_variant	minecraft:stage	16
minecraft:painting_variant	minecraft:sunset	10
minecraft:painting_variant	minecraft:void	17
minecraft:painting_variant	minecraft:wanderer	12
minecraft:painting_variant	minecraft:wasteland	6
minecraft:painting_variant	minecraft:water	27
minecraft:painting_variant	minecraft:wind	26
minecraft:painting_variant	minecraft:wither	19
minecraft:particle_type	minecraft:ambient_entity_effect	0
minecraft:particle_type	minecraft:angry_villager	1
minecraft:particle_type	minecraft:ash	74
minecraft:particle_type	minecraft:block	2
minecraft:particle_type	minecraft:block_marker	3
minecraft:particle_type	minecraft:bubble	4
minecraft:particle_type	minecraft:bubble_column_up	64
minecraft:particle_type	minecraft:bubble_pop	62
minecraft:particle_type	minecraft:campfire_cosy_smoke	67
minecraft:particle_type	minecraft:campfire_signal_smoke	68
minecraft:particle_type	minecraft:cloud	5
minecraft:particle_type	minecraft:composter	39
minecraft:particle_type	minecraft:crimson_spore	75
minecraft:particle_type	minecraft:crit	6
minecraft:particle_type	minecraft:current_down	63
minecraft:particle_type	minecraft:damage_indicator	7
minecraft:particle_type	minecraft:dolphin	66
minecraft:particle_type	minecraft:dragon_breath	8
minecraft:particle_type	minecraft:dripping_cherry_leaves	29
minecraft:particle_type	minecraft:dripping_dripstone_lava	85
minecraft:particle_type	minecraft:dripping_dripstone_water	87
minecraft:particle_type	minecraft:dripping_honey	69
minecraft:particle_type	minecraft:dripping_lava	9
minecraft:particle_type	minecraft:dripping_obsidian_tear	78
minecraft:particle_type	minecraft:dripping_water	12
minecraft:particle_type	minecraft:dust	14
minecraft:particle_type	minecraft:dust_color_transition	15
minecraft:particle_type	minecraft:effect	16
minecraft:particle_type	minecraft:elder_guardian	17
minecraft:particle_type	minecraft:electric_spark	93
minecraft:particle_type	minecraft:enchant	19
minecraft:particle_type	minecraft:enchanted_hit	18
minecraft:particle_type	minecraft:end_rod	20
minecraft:particle_type	minecraft:entity_effect	21
minecraft:particle_type	minecraft:explosion	23
minecraft:particle_type	minecraft:explosion_emitter	22
minecraft:particle_type	minecraft:falling_cherry_leaves	30
minecraft:particle_type	minecraft:falling_dripstone_lava	86
minecraft:particle_type	minecraft:falling_dripstone_water	88
minecraft:particle_type	minecraft:falling_dust	25
minecraft:particle_type	minecraft:falling_honey	70
minecraft:particle_type	minecraft:falling_lava	10
minecraft:particle_type	minecraft:falling_nectar	72
minecraft:particle_type	minecraft:falling_obsidian_tear	79
minecraft:particle_type	minecraft:falling_spore_blossom	73
minecraft:particle_type	minecraft:falling_water	13
minecraft:particle_type	minecraft:firework	26
minecraft:particle_type	minecraft:fishing	27
minecraft:particle_type	minecraft:flame	28
minecraft:particle_type	minecraft:flash	37
minecraft:particle_type	minecraft:glow	90
minecraft:particle_type	minecraft:glow_squid_ink	89
minecraft:particle_type	minecraft:happy_villager	38
minecraft:particle_type	minecraft:heart	40
minecraft:particle_type	minecraft:instant_effect	41
minecraft:particle_type	minecraft:item	42
minecraft:particle_type	minecraft:item_slime	44
minecraft:particle_type	minecraft:item_snowball	45
minecraft:particle_type	minecraft:landing_cherry_leaves	31
minecraft:particle_type	minecraft:landing_honey	71
minecraft:particle_type	minecraft:landing_lava	11
minecraft:particle_type	minecraft:landing_obsidian_tear	80
minecraft:particle_type	minecraft:large_smoke	46
minecraft:particle_type	minecraft:lava	47
minecraft:particle_type	minecraft:mycelium	48
minecraft:particle_type	minecraft:nautilus	65
minecraft:particle_type	minecraft:note	49
minecraft:particle_type	minecraft:poof	50
minecraft:particle_type	minecraft:portal	51
minecraft:particle_type	minecraft:rain	52
minecraft:particle_type	minecraft:reverse_portal	81
minecraft:particle_type	minecraft:scrape	94
minecraft:particle_type	minecraft:sculk_charge	33
minecraft:particle_type	minecraft:sculk_charge_pop	34
minecraft:particle_type	minecraft:sculk_soul	32
minecraft:particle_type	minecraft:shriek	95
minecraft:particle_type	minecraft:small_flame	83
minecraft:particle_type	minecraft:smoke	53
minecraft:particle_type	minecraft:sneeze	54
minecraft:particle_type	minecraft:snowflake	84
minecraft:particle_type	minecraft:sonic_boom	24
minecraft:particle_type	minecraft:soul	36
minecraft:particle_type	minecraft:soul_fire_flame	35
minecraft:particle_type	minecraft:spit	55
minecraft:particle_type	minecraft:splash	60
minecraft:particle_type	minecraft:spore_blossom_air	77
minecraft:particle_type	minecraft:squid_ink	56
minecraft:particle_type	minecraft:sweep_attack	57
minecraft:particle_type	minecraft:totem_of_undying	58
minecraft:particle_type	minecraft:underwater	59
minecraft:particle_type	minecraft:vibration	43
minecraft:particle_type	minecraft:warped_spore	76
minecraft:particle_type	minecraft:wax_off	92
minecraft:particle_type	minecraft:wax_on	91
minecraft:particle_type	minecraft:white_ash	82
minecraft:particle_type	minecraft:witch	61
minecraft:point_of_interest_type	minecraft:armorer	0
minecraft:point_of_interest_type	minecraft:bee_nest	16
minecraft:point_of_interest_type	minecraft:beehive	15
minecraft:point_of_interest_type	minecraft:butcher	1
minecraft:point_of_interest_type	minecraft:cartographer	2
minecraft:point_of_interest_type	minecraft:cleric	3
minecraft:point_of_interest_type	minecraft:farmer	4
minecraft:point_of_interest_type	minecraft:fisherman	5
minecraft:point_of_interest_type	minecraft:fletcher	6
minecraft:point_of_interest_type	minecraft:home	13
minecraft:point_of_interest_type	minecraft:leatherworker	7
minecraft:point_of_interest_type	minecraft:librarian	8
minecraft:point_of_interest_type	minecraft:lightning_rod	19
minecraft:point_of_interest_type	minecraft:lodestone	18
minecraft:point_of_interest_type	minecraft:mason	9
minecraft:point_of_interest_type	minecraft:meeting	14
minecraft:point_of_interest_type	minecraft:nether_portal	17
minecraft:point_of_interest_type	minecraft:shepherd	10
minecraft:point_of_interest_type	minecraft:toolsmith	11
minecraft:point_of_interest_type	minecraft:weaponsmith	12
minecraft:pos_rule_test	minecraft:always_true	0
minecraft:pos_rule_test	minecraft:axis_aligned_linear_pos	2
minecraft:pos_rule_test	minecraft:linear_pos	1
minecraft:position_source_type	minecraft:block	0
minecraft:position_source_type	minecraft:entity	1
minecraft:potion	minecraft:awkward	4
minecraft:potion	minecraft:empty	0
minecraft:potion	minecraft:fire_resistance	12
minecraft:potion	minecraft:harming	27
minecraft:potion	minecraft:healing	25
minecraft:potion	minecraft:invisibility	7
minecraft:potion	minecraft:leaping	9
minecraft:potion	minecraft:long_fire_resistance	13
minecraft:potion	minecraft:long_invisibility	8
minecraft:potion	minecraft:long_leaping	10
minecraft:potion	minecraft:long_night_vision	6
minecraft:potion	minecraft:long_poison	30
minecraft:potion	minecraft:long_regeneration	33
minecraft:potion	minecraft:long_slow_falling	42
minecraft:potion	minecraft:long_slowness	18
minecraft:potion	minecraft:long_strength	36
minecraft:potion	minecraft:long_swiftness	15
minecraft:potion	minecraft:long_turtle_master	21
minecraft:potion	minecraft:long_water_breathing	24
minecraft:potion	minecraft:long_weakness	39
minecraft:potion	minecraft:luck	40
minecraft:potion	minecraft:mundane	2
minecraft:potion	minecraft:night_vision	5
minecraft:potion	minecraft:poison	29
minecraft:potion	minecraft:regeneration	32
minecraft:potion	minecraft:slow_falling	41
minecraft:potion	minecraft:slowness	17
minecraft:potion	minecraft:strength	35
minecraft:potion	minecraft:strong_harming	28
minecraft:potion	minecraft:strong_healing	26
minecraft:potion	minecraft:strong_leaping	11
minecraft:potion	minecraft:strong_poison	31
minecraft:potion	minecraft:strong_regeneration	34
minecraft:potion	minecraft:strong_slowness	19
minecraft:potion	minecraft:strong_strength	37
minecraft:potion	minecraft:strong_swiftness	16
minecraft:potion	minecraft:strong_turtle_master	22
minecraft:potion	minecraft:swiftness	14
minecraft:potion	minecraft:thick	3
minecraft:potion	minecraft:turtle_master	20
minecraft:potion	minecraft:water	1
minecraft:potion	minecraft:water_breathing	23
minecraft:potion	minecraft:weakness	38
minecraft:recipe_serializer	minecraft:blasting	16
minecraft:recipe_serializer	minecraft:campfire_cooking	18
minecraft:recipe_serializer	minecraft:crafting_decorated_pot	23
minecraft:recipe_serializer	minecraft:crafting_shaped	0
minecraft:recipe_serializer	minecraft:crafting_shapeless	1
minecraft:recipe_serializer	minecraft:crafting_special_armordye	2
minecraft:recipe_serializer	minecraft:crafting_special_bannerduplicate	10
minecraft:recipe_serializer	minecraft:crafting_special_bookcloning	3
minecraft:recipe_serializer	minecraft:crafting_special_firework_rocket	6
minecraft:recipe_serializer	minecraft:crafting_special_firework_star	7
minecraft:recipe_serializer	minecraft:crafting_special_firework_star_fade	8
minecraft:recipe_serializer	minecraft:crafting_special_mapcloning	4
minecraft:recipe_serializer	minecraft:crafting_special_mapextending	5
minecraft:recipe_serializer	minecraft:crafting_special_repairitem	14
minecraft:recipe_serializer	minecraft:crafting_special_shielddecoration	11
minecraft:recipe_serializer	minecraft:crafting_special_shulkerboxcoloring	12
minecraft:recipe_serializer	minecraft:crafting_special_suspiciousstew	13
minecraft:recipe_serializer	minecraft:crafting_special_tippedarrow	9
minecraft:recipe_serializer	minecraft:smelting	15
minecraft:recipe_serializer	minecraft:smithing	20
minecraft:recipe_serializer	minecraft:smithing_transform	21
minecraft:recipe_serializer	minecraft:smithing_trim	22
minecraft:recipe_serializer	minecraft:smoking	17
minecraft:recipe_serializer	minecraft:stonecutting	19
minecraft:recipe_type	minecraft:blasting	2
minecraft:recipe_type	minecraft:campfire_cooking	4
minecraft:recipe_type	minecraft:crafting	0
minecraft:recipe_type	minecraft:smelting	1
minecraft:recipe_type	minecraft:smithing	6
minecraft:recipe_type	minecraft:smoking	3
minecraft:recipe_type	minecraft:stonecutting	5
minecraft:rule_test	minecraft:always_true	0
minecraft:rule_test	minecraft:block_match	1
minecraft:rule_test	minecraft:blockstate_match	2
minecraft:rule_test	minecraft:random_block_match	4
minecraft:rule_test	minecraft:random_blockstate_match	5
minecraft:rule_test	minecraft:tag_match	3
minecraft:schedule	minecraft:empty	0
minecraft:schedule	minecraft:simple	1
minecraft:schedule	minecraft:villager_baby	2
minecraft:schedule	minecraft:villager_default	3
minecraft:sensor_type	minecraft:axolotl_attackables	14
minecraft:sensor_type	minecraft:axolotl_temptations	15
minecraft:sensor_type	minecraft:camel_temptations	18
minecraft:sensor_type	minecraft:dummy	0
minecraft:sensor_type	minecraft:frog_attackables	19
minecraft:sensor_type	minecraft:frog_temptations	17
minecraft:sensor_type	minecraft:goat_temptations	16
minecraft:sensor_type	minecraft:golem_detected	9
minecraft:sensor_type	minecraft:hoglin_specific_sensor	12
minecraft:sensor_type	minecraft:hurt_by	5
minecraft:sensor_type	minecraft:is_in_water	20
minecraft:sensor_type	minecraft:nearest_adult	13
minecraft:sensor_type	minecraft:nearest_bed	4
minecraft:sensor_type	minecraft:nearest_items	1
minecraft:sensor_type	minecraft:nearest_living_entities	2
minecraft:sensor_type	minecraft:nearest_players	3
minecraft:sensor_type	minecraft:piglin_brute_specific_sensor	11
minecraft:sensor_type	minecraft:piglin_specific_sensor	10
minecraft:sensor_type	minecraft:secondary_pois	8
minecraft:sensor_type	minecraft:villager_babies	7
minecraft:sensor_type	minecraft:villager_hostiles	6
minecraft:sensor_type	minecraft:warden_entity_sensor	21
minecraft:sound_event	minecraft:ambient.basalt_deltas.additions	8
minecraft:sound_event	minecraft:ambient.basalt_deltas.loop	9
minecraft:sound_event	minecraft:ambient.basalt_deltas.mood	10
minecraft:sound_event	minecraft:ambient.cave	7
minecraft:sound_event	minecraft:ambient.crimson_forest.additions	11
minecraft:sound_event	minecraft:ambient.crimson_forest.loop	12
minecraft:sound_event	minecraft:ambient.crimson_forest.mood	13
minecraft:sound_event	minecraft:ambient.nether_wastes.additions	14
minecraft:sound_event	minecraft:ambient.nether_wastes.loop	15
minecraft:sound_event	minecraft:ambient.nether_wastes.mood	16
minecraft:sound_event	minecraft:ambient.soul_sand_valley.additions	17
minecraft:sound_event	minecraft:ambient.soul_sand_valley.loop	18
minecraft:sound_event	minecraft:ambient.soul_sand_valley.mood	19
minecraft:sound_event	minecraft:ambient.underwater.enter	23
minecraft:sound_event	minecraft:ambient.underwater.exit	24
minecraft:sound_event	minecraft:ambient.underwater.loop	25
minecraft:sound_event	minecraft:ambient.underwater.loop.additions	26
minecraft:sound_event	minecraft:ambient.underwater.loop.additions.rare	27
minecraft:sound_event	minecraft:ambient.underwater.loop.additions.ultra_rare	28
minecraft:sound_event	minecraft:ambient.warped_forest.additions	20
minecraft:sound_event	minecraft:ambient.warped_forest.loop	21
minecraft:sound_event	minecraft:ambient.warped_forest.mood	22
minecraft:sound_event	minecraft:block.amethyst_block.break	29
minecraft:sound_event	minecraft:block.amethyst_block.chime	30
minecraft:sound_event	minecraft:block.amethyst_block.fall	31
minecraft:sound_event	minecraft:block.amethyst_block.hit	32
minecraft:sound_event	minecraft:block.amethyst_block.place	33
minecraft:sound_event	minecraft:block.amethyst_block.step	34
minecraft:sound_event	minecraft:block.amethyst_cluster.break	35
minecraft:sound_event	minecraft:block.amethyst_cluster.fall	36
minecraft:sound_event	minecraft:block.amethyst_cluster.hit	37
minecraft:sound_event	minecraft:block.amethyst_cluster.place	38
minecraft:sound_event	minecraft:block.amethyst_cluster.step	39
minecraft:sound_event	minecraft:block.ancient_debris.break	40
minecraft:sound_event	minecraft:block.ancient_debris.fall	44
minecraft:sound_event	minecraft:block.ancient_debris.hit	43
minecraft:sound_event	minecraft:block.ancient_debris.place	42
minecraft:sound_event	minecraft:block.ancient_debris.step	41
minecraft:sound_event	minecraft:block.anvil.break	45
minecraft:sound_event	minecraft:block.anvil.destroy	46
minecraft:sound_event	minecraft:block.anvil.fall	47
minecraft:sound_event	minecraft:block.anvil.hit	48
minecraft:sound_event	minecraft:block.anvil.land	49
minecraft:sound_event	minecraft:block.anvil.place	50
minecraft:sound_event	minecraft:block.anvil.step	51
minecraft:sound_event	minecraft:block.anvil.use	52
minecraft:sound_event	minecraft:block.azalea.break	79
minecraft:sound_event	minecraft:block.azalea.fall	80
minecraft:sound_event	minecraft:block.azalea.hit	81
minecraft:sound_event	minecraft:block.azalea.place	82
minecraft:sound_event	minecraft:block.azalea.step	83
minecraft:sound_event	minecraft:block.azalea_leaves.break	84
minecraft:sound_event	minecraft:block.azalea_leaves.fall	85
minecraft:sound_event	minecraft:block.azalea_leaves.hit	86
minecraft:sound_event	minecraft:block.azalea_leaves.place	87
minecraft:sound_event	minecraft:block.azalea_leaves.step	88
minecraft:sound_event	minecraft:block.bamboo.break	89
minecraft:sound_event	minecraft:block.bamboo.fall	90
minecraft:sound_event	minecraft:block.bamboo.hit	91
minecraft:sound_event	minecraft:block.bamboo.place	92
minecraft:sound_event	minecraft:block.bamboo.step	93
minecraft:sound_event	minecraft:block.bamboo_sapling.break	94
minecraft:sound_event	minecraft:block.bamboo_sapling.hit	95
minecraft:sound_event	minecraft:block.bamboo_sapling.place	96
minecraft:sound_event	minecraft:block.bamboo_wood.break	97
minecraft:sound_event	minecraft:block.bamboo_wood.fall	98
minecraft:sound_event	minecraft:block.bamboo_wood.hit	99
minecraft:sound_event	minecraft:block.bamboo_wood.place	100
minecraft:sound_event	minecraft:block.bamboo_wood.step	101
minecraft:sound_event	minecraft:block.bamboo_wood_button.click_off	106
minecraft:sound_event	minecraft:block.bamboo_wood_button.click_on	107
minecraft:sound_event	minecraft:block.bamboo_wood_door.close	102
minecraft:sound_event	minecraft:block.bamboo_wood_door.open	103
minecraft:sound_event	minecraft:block.bamboo_wood_fence_gate.close	110
minecraft:sound_event	minecraft:block.bamboo_wood_fence_gate.open	111
minecraft:sound_event	minecraft:block.bamboo_wood_hanging_sign.break	596
minecraft:sound_event	minecraft:block.bamboo_wood_hanging_sign.fall	597
minecraft:sound_event	minecraft:block.bamboo_wood_hanging_sign.hit	598
minecraft:sound_event	minecraft:block.bamboo_wood_hanging_sign.place	599
minecraft:sound_event	minecraft:block.bamboo_wood_hanging_sign.step	595
minecraft:sound_event	minecraft:block.bamboo_wood_pressure_plate.click_off	108
minecraft:sound_event	minecraft:block.bamboo_wood_pressure_plate.click_on	109
minecraft:sound_event	minecraft:block.bamboo_wood_trapdoor.close	104
minecraft:sound_event	minecraft:block.bamboo_wood_trapdoor.open	105
minecraft:sound_event	minecraft:block.barrel.close	112
minecraft:sound_event	minecraft:block.barrel.open	113
minecraft:sound_event	minecraft:block.basalt.break	114
minecraft:sound_event	minecraft:block.basalt.fall	118
minecraft:sound_event	minecraft:block.basalt.hit	117
minecraft:sound_event	minecraft:block.basalt.place	116
minecraft:sound_event	minecraft:block.basalt.step	115
minecraft:sound_event	minecraft:block.beacon.activate	124
minecraft:sound_event	minecraft:block.beacon.ambient	125
minecraft:sound_event	minecraft:block.beacon.deactivate	126
minecraft:sound_event	minecraft:block.beacon.power_select	127
minecraft:sound_event	minecraft:block.beehive.drip	134
minecraft:sound_event	minecraft:block.beehive.enter	135
minecraft:sound_event	minecraft:block.beehive.exit	136
minecraft:sound_event	minecraft:block.beehive.shear	137
minecraft:sound_event	minecraft:block.beehive.work	138
minecraft:sound_event	minecraft:block.bell.resonate	140
minecraft:sound_event	minecraft:block.bell.use	139
minecraft:sound_event	minecraft:block.big_dripleaf.break	141
minecraft:sound_event	minecraft:block.big_dripleaf.fall	142
minecraft:sound_event	minecraft:block.big_dripleaf.hit	143
minecraft:sound_event	minecraft:block.big_dripleaf.place	144
minecraft:sound_event	minecraft:block.big_dripleaf.step	145
minecraft:sound_event	minecraft:block.big_dripleaf.tilt_down	380
minecraft:sound_event	minecraft:block.big_dripleaf.tilt_up	381
minecraft:sound_event	minecraft:block.blastfurnace.fire_crackle	161
minecraft:sound_event	minecraft:block.bone_block.break	153
minecraft:sound_event	minecraft:block.bone_block.fall	154
minecraft:sound_event	minecraft:block.bone_block.hit	155
minecraft:sound_event	minecraft:block.bone_block.place	156
minecraft:sound_event	minecraft:block.bone_block.step	157
minecraft:sound_event	minecraft:block.brewing_stand.brew	165
minecraft:sound_event	minecraft:block.bubble_column.bubble_pop	168
minecraft:sound_event	minecraft:block.bubble_column.upwards_ambient	169
minecraft:sound_event	minecraft:block.bubble_column.upwards_inside	170
minecraft:sound_event	minecraft:block.bubble_column.whirlpool_ambient	171
minecraft:sound_event	minecraft:block.bubble_column.whirlpool_inside	172
minecraft:sound_event	minecraft:block.cake.add_candle	188
minecraft:sound_event	minecraft:block.calcite.break	189
minecraft:sound_event	minecraft:block.calcite.fall	193
minecraft:sound_event	minecraft:block.calcite.hit	192
minecraft:sound_event	minecraft:block.calcite.place	191
minecraft:sound_event	minecraft:block.calcite.step	190
minecraft:sound_event	minecraft:block.campfire.crackle	205
minecraft:sound_event	minecraft:block.candle.ambient	206
minecraft:sound_event	minecraft:block.candle.break	207
minecraft:sound_event	minecraft:block.candle.extinguish	208
minecraft:sound_event	minecraft:block.candle.fall	209
minecraft:sound_event	minecraft:block.candle.hit	210
minecraft:sound_event	minecraft:block.candle.place	211
minecraft:sound_event	minecraft:block.candle.step	212
minecraft:sound_event	minecraft:block.cave_vines.break	222
minecraft:sound_event	minecraft:block.cave_vines.fall	223
minecraft:sound_event	minecraft:block.cave_vines.hit	224
minecraft:sound_event	minecraft:block.cave_vines.pick_berries	227
minecraft:sound_event	minecraft:block.cave_vines.place	225
minecraft:sound_event	minecraft:block.cave_vines.step	226
minecraft:sound_event	minecraft:block.chain.break	228
minecraft:sound_event	minecraft:block.chain.fall	229
minecraft:sound_event	minecraft:block.chain.hit	230
minecraft:sound_event	minecraft:block.chain.place	231
minecraft:sound_event	minecraft:block.chain.step	232
minecraft:sound_event	minecraft:block.cherry_leaves.break	243
minecraft:sound_event	minecraft:block.cherry_leaves.fall	244
minecraft:sound_event	minecraft:block.cherry_leaves.hit	245
minecraft:sound_event	minecraft:block.cherry_leaves.place	246
minecraft:sound_event	minecraft:block.cherry_leaves.step	247
minecraft:sound_event	minecraft:block.cherry_sapling.break	238
minecraft:sound_event	minecraft:block.cherry_sapling.fall	239
minecraft:sound_event	minecraft:block.cherry_sapling.hit	240
minecraft:sound_event	minecraft:block.cherry_sapling.place	241
minecraft:sound_event	minecraft:block.cherry_sapling.step	242
minecraft:sound_event	minecraft:block.cherry_wood.break	233
minecraft:sound_event	minecraft:block.cherry_wood.fall	234
minecraft:sound_event	minecraft:block.cherry_wood.hit	235
minecraft:sound_event	minecraft:block.cherry_wood.place	236
minecraft:sound_event	minecraft:block.cherry_wood.step	237
minecraft:sound_event	minecraft:block.cherry_wood_button.click_off	257
minecraft:sound_event	minecraft:block.cherry_wood_button.click_on	258
minecraft:sound_event	minecraft:block.cherry_wood_door.close	253
minecraft:sound_event	minecraft:block.cherry_wood_door.open	254
minecraft:sound_event	minecraft:block.cherry_wood_fence_gate.close	261
minecraft:sound_event	minecraft:block.cherry_wood_fence_gate.open	262
minecraft:sound_event	minecraft:block.cherry_wood_hanging_sign.break	249
minecraft:sound_event	minecraft:block.cherry_wood_hanging_sign.fall	250
minecraft:sound_event	minecraft:block.cherry_wood_hanging_sign.hit	251
minecraft:sound_event	minecraft:block.cherry_wood_hanging_sign.place	252
minecraft:sound_event	minecraft:block.cherry_wood_hanging_sign.step	248
minecraft:sound_event	minecraft:block.cherry_wood_pressure_plate.click_off	259
minecraft:sound_event	minecraft:block.cherry_wood_pressure_plate.click_on	260
minecraft:sound_event	minecraft:block.cherry_wood_trapdoor.close	255
minecraft:sound_event	minecraft:block.cherry_wood_trapdoor.open	256
minecraft:sound_event	minecraft:block.chest.close	263
minecraft:sound_event	minecraft:block.chest.locked	264
minecraft:sound_event	minecraft:block.chest.open	265
minecraft:sound_event	minecraft:block.chiseled_bookshelf.break	271
minecraft:sound_event	minecraft:block.chiseled_bookshelf.fall	272
minecraft:sound_event	minecraft:block.chiseled_bookshelf.hit	273
minecraft:sound_event	minecraft:block.chiseled_bookshelf.insert	274
minecraft:sound_event	minecraft:block.chiseled_bookshelf.insert.enchanted	275
minecraft:sound_event	minecraft:block.chiseled_bookshelf.pickup	277
minecraft:sound_event	minecraft:block.chiseled_bookshelf.pickup.enchanted	278
minecraft:sound_event	minecraft:block.chiseled_bookshelf.place	279
minecraft:sound_event	minecraft:block.chiseled_bookshelf.step	276
minecraft:sound_event	minecraft:block.chorus_flower.death	280
minecraft:sound_event	minecraft:block.chorus_flower.grow	281
minecraft:sound_event	minecraft:block.comparator.click	287
minecraft:sound_event	minecraft:block.composter.empty	288
minecraft:sound_event	minecraft:block.composter.fill	289
minecraft:sound_event	minecraft:block.composter.fill_success	290
minecraft:sound_event	minecraft:block.composter.ready	291
minecraft:sound_event	minecraft:block.conduit.activate	292
minecraft:sound_event	minecraft:block.conduit.ambient	293
minecraft:sound_event	minecraft:block.conduit.ambient.short	294
minecraft:sound_event	minecraft:block.conduit.attack.target	295
minecraft:sound_event	minecraft:block.conduit.deactivate	296
minecraft:sound_event	minecraft:block.copper.break	297
minecraft:sound_event	minecraft:block.copper.fall	301
minecraft:sound_event	minecraft:block.copper.hit	300
minecraft:sound_event	minecraft:block.copper.place	299
minecraft:sound_event	minecraft:block.copper.step	298
minecraft:sound_event	minecraft:block.coral_block.break	302
minecraft:sound_event	minecraft:block.coral_block.fall	303
minecraft:sound_event	minecraft:block.coral_block.hit	304
minecraft:sound_event	minecraft:block.coral_block.place	305
minecraft:sound_event	minecraft:block.coral_block.step	306
minecraft:sound_event	minecraft:block.crop.break	315
minecraft:sound_event	minecraft:block.decorated_pot.break	325
minecraft:sound_event	minecraft:block.decorated_pot.fall	326
minecraft:sound_event	minecraft:block.decorated_pot.hit	327
minecraft:sound_event	minecraft:block.decorated_pot.place	329
minecraft:sound_event	minecraft:block.decorated_pot.shatter	330
minecraft:sound_event	minecraft:block.decorated_pot.step	328
minecraft:sound_event	minecraft:block.deepslate.break	336
minecraft:sound_event	minecraft:block.deepslate.fall	337
minecraft:sound_event	minecraft:block.deepslate.hit	338
minecraft:sound_event	minecraft:block.deepslate.place	339
minecraft:sound_event	minecraft:block.deepslate.step	340
minecraft:sound_event	minecraft:block.deepslate_bricks.break	331
minecraft:sound_event	minecraft:block.deepslate_bricks.fall	332
minecraft:sound_event	minecraft:block.deepslate_bricks.hit	333
minecraft:sound_event	minecraft:block.deepslate_bricks.place	334
minecraft:sound_event	minecraft:block.deepslate_bricks.step	335
minecraft:sound_event	minecraft:block.deepslate_tiles.break	341
minecraft:sound_event	minecraft:block.deepslate_tiles.fall	342
minecraft:sound_event	minecraft:block.deepslate_tiles.hit	343
minecraft:sound_event	minecraft:block.deepslate_tiles.place	344
minecraft:sound_event	minecraft:block.deepslate_tiles.step	345
minecraft:sound_event	minecraft:block.dispenser.dispense	346
minecraft:sound_event	minecraft:block.dispenser.fail	347
minecraft:sound_event	minecraft:block.dispenser.launch	348
minecraft:sound_event	minecraft:block.dripstone_block.break	365
minecraft:sound_event	minecraft:block.dripstone_block.fall	369
minecraft:sound_event	minecraft:block.dripstone_block.hit	368
minecraft:sound_event	minecraft:block.dripstone_block.place	367
minecraft:sound_event	minecraft:block.dripstone_block.step	366
minecraft:sound_event	minecraft:block.enchantment_table.use	402
minecraft:sound_event	minecraft:block.end_gateway.spawn	425
minecraft:sound_event	minecraft:block.end_portal.spawn	427
minecraft:sound_event	minecraft:block.end_portal_frame.fill	426
minecraft:sound_event	minecraft:block.ender_chest.close	403
minecraft:sound_event	minecraft:block.ender_chest.open	404
minecraft:sound_event	minecraft:block.fence_gate.close	439
minecraft:sound_event	minecraft:block.fence_gate.open	440
minecraft:sound_event	minecraft:block.fire.ambient	450
minecraft:sound_event	minecraft:block.fire.extinguish	451
minecraft:sound_event	minecraft:block.flowering_azalea.break	457
minecraft:sound_event	minecraft:block.flowering_azalea.fall	458
minecraft:sound_event	minecraft:block.flowering_azalea.hit	459
minecraft:sound_event	minecraft:block.flowering_azalea.place	460
minecraft:sound_event	minecraft:block.flowering_azalea.step	461
minecraft:sound_event	minecraft:block.froglight.break	478
minecraft:sound_event	minecraft:block.froglight.fall	479
minecraft:sound_event	minecraft:block.froglight.hit	480
minecraft:sound_event	minecraft:block.froglight.place	481
minecraft:sound_event	minecraft:block.froglight.step	482
minecraft:sound_event	minecraft:block.frogspawn.break	484
minecraft:sound_event	minecraft:block.frogspawn.fall	485
minecraft:sound_event	minecraft:block.frogspawn.hatch	486
minecraft:sound_event	minecraft:block.frogspawn.hit	487
minecraft:sound_event	minecraft:block.frogspawn.place	488
minecraft:sound_event	minecraft:block.frogspawn.step	483
minecraft:sound_event	minecraft:block.fungus.break	858
minecraft:sound_event	minecraft:block.fungus.fall	862
minecraft:sound_event	minecraft:block.fungus.hit	861
minecraft:sound_event	minecraft:block.fungus.place	860
minecraft:sound_event	minecraft:block.fungus.step	859
minecraft:sound_event	minecraft:block.furnace.fire_crackle	502
minecraft:sound_event	minecraft:block.gilded_blackstone.break	520
minecraft:sound_event	minecraft:block.gilded_blackstone.fall	521
minecraft:sound_event	minecraft:block.gilded_blackstone.hit	522
minecraft:sound_event	minecraft:block.gilded_blackstone.place	523
minecraft:sound_event	minecraft:block.gilded_blackstone.step	524
minecraft:sound_event	minecraft:block.glass.break	525
minecraft:sound_event	minecraft:block.glass.fall	526
minecraft:sound_event	minecraft:block.glass.hit	527
minecraft:sound_event	minecraft:block.glass.place	528
minecraft:sound_event	minecraft:block.glass.step	529
minecraft:sound_event	minecraft:block.grass.break	560
minecraft:sound_event	minecraft:block.grass.fall	561
minecraft:sound_event	minecraft:block.grass.hit	562
minecraft:sound_event	minecraft:block.grass.place	563
minecraft:sound_event	minecraft:block.grass.step	564
minecraft:sound_event	minecraft:block.gravel.break	565
minecraft:sound_event	minecraft:block.gravel.fall	566
minecraft:sound_event	minecraft:block.gravel.hit	567
minecraft:sound_event	minecraft:block.gravel.place	568
minecraft:sound_event	minecraft:block.gravel.step	569
minecraft:sound_event	minecraft:block.grindstone.use	570
minecraft:sound_event	minecraft:block.growing_plant.crop	571
minecraft:sound_event	minecraft:block.hanging_roots.break	580
minecraft:sound_event	minecraft:block.hanging_roots.fall	581
minecraft:sound_event	minecraft:block.hanging_roots.hit	582
minecraft:sound_event	minecraft:block.hanging_roots.place	583
minecraft:sound_event	minecraft:block.hanging_roots.step	584
minecraft:sound_event	minecraft:block.hanging_sign.break	586
minecraft:sound_event	minecraft:block.hanging_sign.fall	587
minecraft:sound_event	minecraft:block.hanging_sign.hit	588
minecraft:sound_event	minecraft:block.hanging_sign.place	589
minecraft:sound_event	minecraft:block.hanging_sign.step	585
minecraft:sound_event	minecraft:block.honey_block.break	609
minecraft:sound_event	minecraft:block.honey_block.fall	610
minecraft:sound_event	minecraft:block.honey_block.hit	611
minecraft:sound_event	minecraft:block.honey_block.place	612
minecraft:sound_event	minecraft:block.honey_block.slide	613
minecraft:sound_event	minecraft:block.honey_block.step	614
minecraft:sound_event	minecraft:block.iron_door.close	657
minecraft:sound_event	minecraft:block.iron_door.open	658
minecraft:sound_event	minecraft:block.iron_trapdoor.close	665
minecraft:sound_event	minecraft:block.iron_trapdoor.open	666
minecraft:sound_event	minecraft:block.ladder.break	674
minecraft:sound_event	minecraft:block.ladder.fall	675
minecraft:sound_event	minecraft:block.ladder.hit	676
minecraft:sound_event	minecraft:block.ladder.place	677
minecraft:sound_event	minecraft:block.ladder.step	678
minecraft:sound_event	minecraft:block.lantern.break	679
minecraft:sound_event	minecraft:block.lantern.fall	680
minecraft:sound_event	minecraft:block.lantern.hit	681
minecraft:sound_event	minecraft:block.lantern.place	682
minecraft:sound_event	minecraft:block.lantern.step	683
minecraft:sound_event	minecraft:block.large_amethyst_bud.break	684
minecraft:sound_event	minecraft:block.large_amethyst_bud.place	685
minecraft:sound_event	minecraft:block.lava.ambient	686
minecraft:sound_event	minecraft:block.lava.extinguish	687
minecraft:sound_event	minecraft:block.lava.pop	688
minecraft:sound_event	minecraft:block.lever.click	691
minecraft:sound_event	minecraft:block.lily_pad.place	1343
minecraft:sound_event	minecraft:block.lodestone.break	705
minecraft:sound_event	minecraft:block.lodestone.fall	709
minecraft:sound_event	minecraft:block.lodestone.hit	708
minecraft:sound_event	minecraft:block.lodestone.place	707
minecraft:sound_event	minecraft:block.lodestone.step	706
minecraft:sound_event	minecraft:block.mangrove_roots.break	717
minecraft:sound_event	minecraft:block.mangrove_roots.fall	718
minecraft:sound_event	minecraft:block.mangrove_roots.hit	719
minecraft:sound_event	minecraft:block.mangrove_roots.place	720
minecraft:sound_event	minecraft:block.mangrove_roots.step	721
minecraft:sound_event	minecraft:block.medium_amethyst_bud.break	722
minecraft:sound_event	minecraft:block.medium_amethyst_bud.place	723
minecraft:sound_event	minecraft:block.metal.break	724
minecraft:sound_event	minecraft:block.metal.fall	725
minecraft:sound_event	minecraft:block.metal.hit	726
minecraft:sound_event	minecraft:block.metal.place	727
minecraft:sound_event	minecraft:block.metal.step	730
minecraft:sound_event	minecraft:block.metal_pressure_plate.click_off	728
minecraft:sound_event	minecraft:block.metal_pressure_plate.click_on	729
minecraft:sound_event	minecraft:block.moss.break	749
minecraft:sound_event	minecraft:block.moss.fall	750
minecraft:sound_event	minecraft:block.moss.hit	751
minecraft:sound_event	minecraft:block.moss.place	752
minecraft:sound_event	minecraft:block.moss.step	753
minecraft:sound_event	minecraft:block.moss_carpet.break	739
minecraft:sound_event	minecraft:block.moss_carpet.fall	740
minecraft:sound_event	minecraft:block.moss_carpet.hit	741
minecraft:sound_event	minecraft:block.moss_carpet.place	742
minecraft:sound_event	minecraft:block.moss_carpet.step	743
minecraft:sound_event	minecraft:block.mud.break	754
minecraft:sound_event	minecraft:block.mud.fall	755
minecraft:sound_event	minecraft:block.mud.hit	756
minecraft:sound_event	minecraft:block.mud.place	757
minecraft:sound_event	minecraft:block.mud.step	758
minecraft:sound_event	minecraft:block.mud_bricks.break	759
minecraft:sound_event	minecraft:block.mud_bricks.fall	760
minecraft:sound_event	minecraft:block.mud_bricks.hit	761
minecraft:sound_event	minecraft:block.mud_bricks.place	762
minecraft:sound_event	minecraft:block.mud_bricks.step	763
minecraft:sound_event	minecraft:block.muddy_mangrove_roots.break	764
minecraft:sound_event	minecraft:block.muddy_mangrove_roots.fall	765
minecraft:sound_event	minecraft:block.muddy_mangrove_roots.hit	766
minecraft:sound_event	minecraft:block.muddy_mangrove_roots.place	767
minecraft:sound_event	minecraft:block.muddy_mangrove_roots.step	768
minecraft:sound_event	minecraft:block.nether_bricks.break	815
minecraft:sound_event	minecraft:block.nether_bricks.fall	819
minecraft:sound_event	minecraft:block.nether_bricks.hit	818
minecraft:sound_event	minecraft:block.nether_bricks.place	817
minecraft:sound_event	minecraft:block.nether_bricks.step	816
minecraft:sound_event	minecraft:block.nether_gold_ore.break	1054
minecraft:sound_event	minecraft:block.nether_gold_ore.fall	1055
minecraft:sound_event	minecraft:block.nether_gold_ore.hit	1056
minecraft:sound_event	minecraft:block.nether_gold_ore.place	1057
minecraft:sound_event	minecraft:block.nether_gold_ore.step	1058
minecraft:sound_event	minecraft:block.nether_ore.break	1059
minecraft:sound_event	minecraft:block.nether_ore.fall	1060
minecraft:sound_event	minecraft:block.nether_ore.hit	1061
minecraft:sound_event	minecraft:block.nether_ore.place	1062
minecraft:sound_event	minecraft:block.nether_ore.step	1063
minecraft:sound_event	minecraft:block.nether_sprouts.break	853
minecraft:sound_event	minecraft:block.nether_sprouts.fall	857
minecraft:sound_event	minecraft:block.nether_sprouts.hit	856
minecraft:sound_event	minecraft:block.nether_sprouts.place	855
minecraft:sound_event	minecraft:block.nether_sprouts.step	854
minecraft:sound_event	minecraft:block.nether_wart.break	820
minecraft:sound_event	minecraft:block.nether_wood.break	822
minecraft:sound_event	minecraft:block.nether_wood.fall	823
minecraft:sound_event	minecraft:block.nether_wood.hit	824
minecraft:sound_event	minecraft:block.nether_wood.place	825
minecraft:sound_event	minecraft:block.nether_wood.step	826
minecraft:sound_event	minecraft:block.nether_wood_button.click_off	831
minecraft:sound_event	minecraft:block.nether_wood_button.click_on	832
minecraft:sound_event	minecraft:block.nether_wood_door.close	827
minecraft:sound_event	minecraft:block.nether_wood_door.open	828
minecraft:sound_event	minecraft:block.nether_wood_fence_gate.close	835
minecraft:sound_event	minecraft:block.nether_wood_fence_gate.open	836
minecraft:sound_event	minecraft:block.nether_wood_hanging_sign.break	591
minecraft:sound_event	minecraft:block.nether_wood_hanging_sign.fall	592
minecraft:sound_event	minecraft:block.nether_wood_hanging_sign.hit	593
minecraft:sound_event	minecraft:block.nether_wood_hanging_sign.place	594
minecraft:sound_event	minecraft:block.nether_wood_hanging_sign.step	590
minecraft:sound_event	minecraft:block.nether_wood_pressure_plate.click_off	833
minecraft:sound_event	minecraft:block.nether_wood_pressure_plate.click_on	834
minecraft:sound_event	minecraft:block.nether_wood_trapdoor.close	829
minecraft:sound_event	minecraft:block.nether_wood_trapdoor.open	830
minecraft:sound_event	minecraft:block.netherite_block.break	873
minecraft:sound_event	minecraft:block.netherite_block.fall	877
minecraft:sound_event	minecraft:block.netherite_block.hit	876
minecraft:sound_event	minecraft:block.netherite_block.place	875
minecraft:sound_event	minecraft:block.netherite_block.step	874
minecraft:sound_event	minecraft:block.netherrack.break	878
minecraft:sound_event	minecraft:block.netherrack.fall	882
minecraft:sound_event	minecraft:block.netherrack.hit	881
minecraft:sound_event	minecraft:block.netherrack.place	880
minecraft:sound_event	minecraft:block.netherrack.step	879
minecraft:sound_event	minecraft:block.note_block.banjo	898
minecraft:sound_event	minecraft:block.note_block.basedrum	883
minecraft:sound_event	minecraft:block.note_block.bass	884
minecraft:sound_event	minecraft:block.note_block.bell	885
minecraft:sound_event	minecraft:block.note_block.bit	897
minecraft:sound_event	minecraft:block.note_block.chime	886
minecraft:sound_event	minecraft:block.note_block.cow_bell	895
minecraft:sound_event	minecraft:block.note_block.didgeridoo	896
minecraft:sound_event	minecraft:block.note_block.flute	887
minecraft:sound_event	minecraft:block.note_block.guitar	888
minecraft:sound_event	minecraft:block.note_block.harp	889
minecraft:sound_event	minecraft:block.note_block.hat	890
minecraft:sound_event	minecraft:block.note_block.imitate.creeper	901
minecraft:sound_event	minecraft:block.note_block.imitate.ender_dragon	902
minecraft:sound_event	minecraft:block.note_block.imitate.piglin	904
minecraft:sound_event	minecraft:block.note_block.imitate.skeleton	900
minecraft:sound_event	minecraft:block.note_block.imitate.wither_skeleton	903
minecraft:sound_event	minecraft:block.note_block.imitate.zombie	899
minecraft:sound_event	minecraft:block.note_block.iron_xylophone	894
minecraft:sound_event	minecraft:block.note_block.pling	891
minecraft:sound_event	minecraft:block.note_block.snare	892
minecraft:sound_event	minecraft:block.note_block.xylophone	893
minecraft:sound_event	minecraft:block.nylium.break	848
minecraft:sound_event	minecraft:block.nylium.fall	852
minecraft:sound_event	minecraft:block.nylium.hit	851
minecraft:sound_event	minecraft:block.nylium.place	850
minecraft:sound_event	minecraft:block.nylium.step	849
minecraft:sound_event	minecraft:block.packed_mud.break	838
minecraft:sound_event	minecraft:block.packed_mud.fall	839
minecraft:sound_event	minecraft:block.packed_mud.hit	840
minecraft:sound_event	minecraft:block.packed_mud.place	841
minecraft:sound_event	minecraft:block.packed_mud.step	842
minecraft:sound_event	minecraft:block.pink_petals.break	744
minecraft:sound_event	minecraft:block.pink_petals.fall	745
minecraft:sound_event	minecraft:block.pink_petals.hit	746
minecraft:sound_event	minecraft:block.pink_petals.place	747
minecraft:sound_event	minecraft:block.pink_petals.step	748
minecraft:sound_event	minecraft:block.piston.contract	991
minecraft:sound_event	minecraft:block.piston.extend	992
minecraft:sound_event	minecraft:block.pointed_dripstone.break	370
minecraft:sound_event	minecraft:block.pointed_dripstone.drip_lava	376
minecraft:sound_event	minecraft:block.pointed_dripstone.drip_lava_into_cauldron	378
minecraft:sound_event	minecraft:block.pointed_dripstone.drip_water	377
minecraft:sound_event	minecraft:block.pointed_dripstone.drip_water_into_cauldron	379
minecraft:sound_event	minecraft:block.pointed_dripstone.fall	374
minecraft:sound_event	minecraft:block.pointed_dripstone.hit	373
minecraft:sound_event	minecraft:block.pointed_dripstone.land	375
minecraft:sound_event	minecraft:block.pointed_dripstone.place	372
minecraft:sound_event	minecraft:block.pointed_dripstone.step	371
minecraft:sound_event	minecraft:block.polished_deepslate.break	1019
minecraft:sound_event	minecraft:block.polished_deepslate.fall	1020
minecraft:sound_event	minecraft:block.polished_deepslate.hit	1021
minecraft:sound_event	minecraft:block.polished_deepslate.place	1022
minecraft:sound_event	minecraft:block.polished_deepslate.step	1023
minecraft:sound_event	minecraft:block.portal.ambient	1024
minecraft:sound_event	minecraft:block.portal.travel	1025
minecraft:sound_event	minecraft:block.portal.trigger	1026
minecraft:sound_event	minecraft:block.powder_snow.break	1027
minecraft:sound_event	minecraft:block.powder_snow.fall	1028
minecraft:sound_event	minecraft:block.powder_snow.hit	1029
minecraft:sound_event	minecraft:block.powder_snow.place	1030
minecraft:sound_event	minecraft:block.powder_snow.step	1031
minecraft:sound_event	minecraft:block.pumpkin.carve	1039
minecraft:sound_event	minecraft:block.redstone_torch.burnout	1064
minecraft:sound_event	minecraft:block.respawn_anchor.ambient	1065
minecraft:sound_event	minecraft:block.respawn_anchor.charge	1066
minecraft:sound_event	minecraft:block.respawn_anchor.deplete	1067
minecraft:sound_event	minecraft:block.respawn_anchor.set_spawn	1068
minecraft:sound_event	minecraft:block.rooted_dirt.break	1069
minecraft:sound_event	minecraft:block.rooted_dirt.fall	1070
minecraft:sound_event	minecraft:block.rooted_dirt.hit	1071
minecraft:sound_event	minecraft:block.rooted_dirt.place	1072
minecraft:sound_event	minecraft:block.rooted_dirt.step	1073
minecraft:sound_event	minecraft:block.roots.break	497
minecraft:sound_event	minecraft:block.roots.fall	501
minecraft:sound_event	minecraft:block.roots.hit	500
minecraft:sound_event	minecraft:block.roots.place	499
minecraft:sound_event	minecraft:block.roots.step	498
minecraft:sound_event	minecraft:block.sand.break	1078
minecraft:sound_event	minecraft:block.sand.fall	1079
minecraft:sound_event	minecraft:block.sand.hit	1080
minecraft:sound_event	minecraft:block.sand.place	1081
minecraft:sound_event	minecraft:block.sand.step	1082
minecraft:sound_event	minecraft:block.scaffolding.break	1083
minecraft:sound_event	minecraft:block.scaffolding.fall	1084
minecraft:sound_event	minecraft:block.scaffolding.hit	1085
minecraft:sound_event	minecraft:block.scaffolding.place	1086
minecraft:sound_event	minecraft:block.scaffolding.step	1087
minecraft:sound_event	minecraft:block.sculk.break	1090
minecraft:sound_event	minecraft:block.sculk.charge	1089
minecraft:sound_event	minecraft:block.sculk.fall	1091
minecraft:sound_event	minecraft:block.sculk.hit	1092
minecraft:sound_event	minecraft:block.sculk.place	1093
minecraft:sound_event	minecraft:block.sculk.spread	1088
minecraft:sound_event	minecraft:block.sculk.step	1094
minecraft:sound_event	minecraft:block.sculk_catalyst.bloom	1095
minecraft:sound_event	minecraft:block.sculk_catalyst.break	1096
minecraft:sound_event	minecraft:block.sculk_catalyst.fall	1097
minecraft:sound_event	minecraft:block.sculk_catalyst.hit	1098
minecraft:sound_event	minecraft:block.sculk_catalyst.place	1099
minecraft:sound_event	minecraft:block.sculk_catalyst.step	1100
minecraft:sound_event	minecraft:block.sculk_sensor.break	1103
minecraft:sound_event	minecraft:block.sculk_sensor.clicking	1101
minecraft:sound_event	minecraft:block.sculk_sensor.clicking_stop	1102
minecraft:sound_event	minecraft:block.sculk_sensor.fall	1104
minecraft:sound_event	minecraft:block.sculk_sensor.hit	1105
minecraft:sound_event	minecraft:block.sculk_sensor.place	1106
minecraft:sound_event	minecraft:block.sculk_sensor.step	1107
minecraft:sound_event	minecraft:block.sculk_shrieker.break	1108
minecraft:sound_event	minecraft:block.sculk_shrieker.fall	1109
minecraft:sound_event	minecraft:block.sculk_shrieker.hit	1110
minecraft:sound_event	minecraft:block.sculk_shrieker.place	1111
minecraft:sound_event	minecraft:block.sculk_shrieker.shriek	1112
minecraft:sound_event	minecraft:block.sculk_shrieker.step	1113
minecraft:sound_event	minecraft:block.sculk_vein.break	1114
minecraft:sound_event	minecraft:block.sculk_vein.fall	1115
minecraft:sound_event	minecraft:block.sculk_vein.hit	1116
minecraft:sound_event	minecraft:block.sculk_vein.place	1117
minecraft:sound_event	minecraft:block.sculk_vein.step	1118
minecraft:sound_event	minecraft:block.shroomlight.break	1126
minecraft:sound_event	minecraft:block.shroomlight.fall	1130
minecraft:sound_event	minecraft:block.shroomlight.hit	1129
minecraft:sound_event	minecraft:block.shroomlight.place	1128
minecraft:sound_event	minecraft:block.shroomlight.step	1127
minecraft:sound_event	minecraft:block.shulker_box.close	1133
minecraft:sound_event	minecraft:block.shulker_box.open	1134
minecraft:sound_event	minecraft:block.slime_block.break	1167
minecraft:sound_event	minecraft:block.slime_block.fall	1168
minecraft:sound_event	minecraft:block.slime_block.hit	1169
minecraft:sound_event	minecraft:block.slime_block.place	1170
minecraft:sound_event	minecraft:block.slime_block.step	1171
minecraft:sound_event	minecraft:block.small_amethyst_bud.break	1172
minecraft:sound_event	minecraft:block.small_amethyst_bud.place	1173
minecraft:sound_event	minecraft:block.small_dripleaf.break	1174
minecraft:sound_event	minecraft:block.small_dripleaf.fall	1175
minecraft:sound_event	minecraft:block.small_dripleaf.hit	1176
minecraft:sound_event	minecraft:block.small_dripleaf.place	1177
minecraft:sound_event	minecraft:block.small_dripleaf.step	1178
minecraft:sound_event	minecraft:block.smithing_table.use	1208
minecraft:sound_event	minecraft:block.smoker.smoke	1209
minecraft:sound_event	minecraft:block.snow.break	1223
minecraft:sound_event	minecraft:block.snow.fall	1224
minecraft:sound_event	minecraft:block.snow.hit	1230
minecraft:sound_event	minecraft:block.snow.place	1231
minecraft:sound_event	minecraft:block.snow.step	1232
minecraft:sound_event	minecraft:block.soul_sand.break	1179
minecraft:sound_event	minecraft:block.soul_sand.fall	1183
minecraft:sound_event	minecraft:block.soul_sand.hit	1182
minecraft:sound_event	minecraft:block.soul_sand.place	1181
minecraft:sound_event	minecraft:block.soul_sand.step	1180
minecraft:sound_event	minecraft:block.soul_soil.break	1184
minecraft:sound_event	minecraft:block.soul_soil.fall	1188
minecraft:sound_event	minecraft:block.soul_soil.hit	1187
minecraft:sound_event	minecraft:block.soul_soil.place	1186
minecraft:sound_event	minecraft:block.soul_soil.step	1185
minecraft:sound_event	minecraft:block.spore_blossom.break	1190
minecraft:sound_event	minecraft:block.spore_blossom.fall	1191
minecraft:sound_event	minecraft:block.spore_blossom.hit	1192
minecraft:sound_event	minecraft:block.spore_blossom.place	1193
minecraft:sound_event	minecraft:block.spore_blossom.step	1194
minecraft:sound_event	minecraft:block.stem.break	843
minecraft:sound_event	minecraft:block.stem.fall	847
minecraft:sound_event	minecraft:block.stem.hit	846
minecraft:sound_event	minecraft:block.stem.place	845
minecraft:sound_event	minecraft:block.stem.step	844
minecraft:sound_event	minecraft:block.stone.break	1245
minecraft:sound_event	minecraft:block.stone.fall	1248
minecraft:sound_event	minecraft:block.stone.hit	1249
minecraft:sound_event	minecraft:block.stone.place	1250
minecraft:sound_event	minecraft:block.stone.step	1253
minecraft:sound_event	minecraft:block.stone_button.click_off	1246
minecraft:sound_event	minecraft:block.stone_button.click_on	1247
minecraft:sound_event	minecraft:block.stone_pressure_plate.click_off	1251
minecraft:sound_event	minecraft:block.stone_pressure_plate.click_on	1252
minecraft:sound_event	minecraft:block.suspicious_sand.break	473
minecraft:sound_event	minecraft:block.suspicious_sand.fall	477
minecraft:sound_event	minecraft:block.suspicious_sand.hit	476
minecraft:sound_event	minecraft:block.suspicious_sand.place	475
minecraft:sound_event	minecraft:block.suspicious_sand.step	474
minecraft:sound_event	minecraft:block.sweet_berry_bush.break	1258
minecraft:sound_event	minecraft:block.sweet_berry_bush.pick_berries	1260
minecraft:sound_event	minecraft:block.sweet_berry_bush.place	1259
minecraft:sound_event	minecraft:block.tripwire.attach	1276
minecraft:sound_event	minecraft:block.tripwire.click_off	1277
minecraft:sound_event	minecraft:block.tripwire.click_on	1278
minecraft:sound_event	minecraft:block.tripwire.detach	1279
minecraft:sound_event	minecraft:block.tuff.break	1284
minecraft:sound_event	minecraft:block.tuff.fall	1288
minecraft:sound_event	minecraft:block.tuff.hit	1287
minecraft:sound_event	minecraft:block.tuff.place	1286
minecraft:sound_event	minecraft:block.tuff.step	1285
minecraft:sound_event	minecraft:block.vine.break	1338
minecraft:sound_event	minecraft:block.vine.fall	1339
minecraft:sound_event	minecraft:block.vine.hit	1340
minecraft:sound_event	minecraft:block.vine.place	1341
minecraft:sound_event	minecraft:block.vine.step	1342
minecraft:sound_event	minecraft:block.wart_block.break	868
minecraft:sound_event	minecraft:block.wart_block.fall	872
minecraft:sound_event	minecraft:block.wart_block.hit	871
minecraft:sound_event	minecraft:block.wart_block.place	870
minecraft:sound_event	minecraft:block.wart_block.step	869
minecraft:sound_event	minecraft:block.water.ambient	1374
minecraft:sound_event	minecraft:block.weeping_vines.break	863
minecraft:sound_event	minecraft:block.weeping_vines.fall	867
minecraft:sound_event	minecraft:block.weeping_vines.hit	866
minecraft:sound_event	minecraft:block.weeping_vines.place	865
minecraft:sound_event	minecraft:block.weeping_vines.step	864
minecraft:sound_event	minecraft:block.wet_grass.break	1377
minecraft:sound_event	minecraft:block.wet_grass.fall	1378
minecraft:sound_event	minecraft:block.wet_grass.hit	1379
minecraft:sound_event	minecraft:block.wet_grass.place	1380
minecraft:sound_event	minecraft:block.wet_grass.step	1381
minecraft:sound_event	minecraft:block.wood.break	1415
minecraft:sound_event	minecraft:block.wood.fall	1416
minecraft:sound_event	minecraft:block.wood.hit	1417
minecraft:sound_event	minecraft:block.wood.place	1418
minecraft:sound_event	minecraft:block.wood.step	1419
minecraft:sound_event	minecraft:block.wooden_button.click_off	1411
minecraft:sound_event	minecraft:block.wooden_button.click_on	1412
minecraft:sound_event	minecraft:block.wooden_door.close	1407
minecraft:sound_event	minecraft:block.wooden_door.open	1408
minecraft:sound_event	minecraft:block.wooden_pressure_plate.click_off	1413
minecraft:sound_event	minecraft:block.wooden_pressure_plate.click_on	1414
minecraft:sound_event	minecraft:block.wooden_trapdoor.close	1409
minecraft:sound_event	minecraft:block.wooden_trapdoor.open	1410
minecraft:sound_event	minecraft:block.wool.break	1420
minecraft:sound_event	minecraft:block.wool.fall	1421
minecraft:sound_event	minecraft:block.wool.hit	1422
minecraft:sound_event	minecraft:block.wool.place	1423
minecraft:sound_event	minecraft:block.wool.step	1424
minecraft:sound_event	minecraft:enchant.thorns.hit	1265
minecraft:sound_event	minecraft:entity.allay.ambient_with_item	0
minecraft:sound_event	minecraft:entity.allay.ambient_without_item	1
minecraft:sound_event	minecraft:entity.allay.death	2
minecraft:sound_event	minecraft:entity.allay.hurt	3
minecraft:sound_event	minecraft:entity.allay.item_given	4
minecraft:sound_event	minecraft:entity.allay.item_taken	5
minecraft:sound_event	minecraft:entity.allay.item_thrown	6
minecraft:sound_event	minecraft:entity.armor_stand.break	62
minecraft:sound_event	minecraft:entity.armor_stand.fall	63
minecraft:sound_event	minecraft:entity.armor_stand.hit	64
minecraft:sound_event	minecraft:entity.armor_stand.place	65
minecraft:sound_event	minecraft:entity.arrow.hit	66
minecraft:sound_event	minecraft:entity.arrow.hit_player	67
minecraft:sound_event	minecraft:entity.arrow.shoot	68
minecraft:sound_event	minecraft:entity.axolotl.attack	72
minecraft:sound_event	minecraft:entity.axolotl.death	73
minecraft:sound_event	minecraft:entity.axolotl.hurt	74
minecraft:sound_event	minecraft:entity.axolotl.idle_air	75
minecraft:sound_event	minecraft:entity.axolotl.idle_water	76
minecraft:sound_event	minecraft:entity.axolotl.splash	77
minecraft:sound_event	minecraft:entity.axolotl.swim	78
minecraft:sound_event	minecraft:entity.bat.ambient	119
minecraft:sound_event	minecraft:entity.bat.death	120
minecraft:sound_event	minecraft:entity.bat.hurt	121
minecraft:sound_event	minecraft:entity.bat.loop	122
minecraft:sound_event	minecraft:entity.bat.takeoff	123
minecraft:sound_event	minecraft:entity.bee.death	128
minecraft:sound_event	minecraft:entity.bee.hurt	129
minecraft:sound_event	minecraft:entity.bee.loop	131
minecraft:sound_event	minecraft:entity.bee.loop_aggressive	130
minecraft:sound_event	minecraft:entity.bee.pollinate	133
minecraft:sound_event	minecraft:entity.bee.sting	132
minecraft:sound_event	minecraft:entity.blaze.ambient	146
minecraft:sound_event	minecraft:entity.blaze.burn	147
minecraft:sound_event	minecraft:entity.blaze.death	148
minecraft:sound_event	minecraft:entity.blaze.hurt	149
minecraft:sound_event	minecraft:entity.blaze.shoot	150
minecraft:sound_event	minecraft:entity.boat.paddle_land	151
minecraft:sound_event	minecraft:entity.boat.paddle_water	152
minecraft:sound_event	minecraft:entity.camel.ambient	194
minecraft:sound_event	minecraft:entity.camel.dash	195
minecraft:sound_event	minecraft:entity.camel.dash_ready	196
minecraft:sound_event	minecraft:entity.camel.death	197
minecraft:sound_event	minecraft:entity.camel.eat	198
minecraft:sound_event	minecraft:entity.camel.hurt	199
minecraft:sound_event	minecraft:entity.camel.saddle	200
minecraft:sound_event	minecraft:entity.camel.sit	201
minecraft:sound_event	minecraft:entity.camel.stand	202
minecraft:sound_event	minecraft:entity.camel.step	203
minecraft:sound_event	minecraft:entity.camel.step_sand	204
minecraft:sound_event	minecraft:entity.cat.ambient	213
minecraft:sound_event	minecraft:entity.cat.beg_for_food	218
minecraft:sound_event	minecraft:entity.cat.death	215
minecraft:sound_event	minecraft:entity.cat.eat	216
minecraft:sound_event	minecraft:entity.cat.hiss	217
minecraft:sound_event	minecraft:entity.cat.hurt	219
minecraft:sound_event	minecraft:entity.cat.purr	220
minecraft:sound_event	minecraft:entity.cat.purreow	221
minecraft:sound_event	minecraft:entity.cat.stray_ambient	214
minecraft:sound_event	minecraft:entity.chicken.ambient	266
minecraft:sound_event	minecraft:entity.chicken.death	267
minecraft:sound_event	minecraft:entity.chicken.egg	268
minecraft:sound_event	minecraft:entity.chicken.hurt	269
minecraft:sound_event	minecraft:entity.chicken.step	270
minecraft:sound_event	minecraft:entity.cod.ambient	283
minecraft:sound_event	minecraft:entity.cod.death	284
minecraft:sound_event	minecraft:entity.cod.flop	285
minecraft:sound_event	minecraft:entity.cod.hurt	286
minecraft:sound_event	minecraft:entity.cow.ambient	307
minecraft:sound_event	minecraft:entity.cow.death	308
minecraft:sound_event	minecraft:entity.cow.hurt	309
minecraft:sound_event	minecraft:entity.cow.milk	310
minecraft:sound_event	minecraft:entity.cow.step	311
minecraft:sound_event	minecraft:entity.creeper.death	312
minecraft:sound_event	minecraft:entity.creeper.hurt	313
minecraft:sound_event	minecraft:entity.creeper.primed	314
minecraft:sound_event	minecraft:entity.dolphin.ambient	349
minecraft:sound_event	minecraft:entity.dolphin.ambient_water	350
minecraft:sound_event	minecraft:entity.dolphin.attack	351
minecraft:sound_event	minecraft:entity.dolphin.death	352
minecraft:sound_event	minecraft:entity.dolphin.eat	353
minecraft:sound_event	minecraft:entity.dolphin.hurt	354
minecraft:sound_event	minecraft:entity.dolphin.jump	355
minecraft:sound_event	minecraft:entity.dolphin.play	356
minecraft:sound_event	minecraft:entity.dolphin.splash	357
minecraft:sound_event	minecraft:entity.dolphin.swim	358
minecraft:sound_event	minecraft:entity.donkey.ambient	359
minecraft:sound_event	minecraft:entity.donkey.angry	360
minecraft:sound_event	minecraft:entity.donkey.chest	361
minecraft:sound_event	minecraft:entity.donkey.death	362
minecraft:sound_event	minecraft:entity.donkey.eat	363
minecraft:sound_event	minecraft:entity.donkey.hurt	364
minecraft:sound_event	minecraft:entity.dragon_fireball.explode	407
minecraft:sound_event	minecraft:entity.drowned.ambient	382
minecraft:sound_event	minecraft:entity.drowned.ambient_water	383
minecraft:sound_event	minecraft:entity.drowned.death	384
minecraft:sound_event	minecraft:entity.drowned.death_water	385
minecraft:sound_event	minecraft:entity.drowned.hurt	386
minecraft:sound_event	minecraft:entity.drowned.hurt_water	387
minecraft:sound_event	minecraft:entity.drowned.shoot	388
minecraft:sound_event	minecraft:entity.drowned.step	389
minecraft:sound_event	minecraft:entity.drowned.swim	390
minecraft:sound_event	minecraft:entity.egg.throw	392
minecraft:sound_event	minecraft:entity.elder_guardian.ambient	393
minecraft:sound_event	minecraft:entity.elder_guardian.ambient_land	394
minecraft:sound_event	minecraft:entity.elder_guardian.curse	395
minecraft:sound_event	minecraft:entity.elder_guardian.death	396
minecraft:sound_event	minecraft:entity.elder_guardian.death_land	397
minecraft:sound_event	minecraft:entity.elder_guardian.flop	398
minecraft:sound_event	minecraft:entity.elder_guardian.hurt	399
minecraft:sound_event	minecraft:entity.elder_guardian.hurt_land	400
minecraft:sound_event	minecraft:entity.ender_dragon.ambient	405
minecraft:sound_event	minecraft:entity.ender_dragon.death	406
minecraft:sound_event	minecraft:entity.ender_dragon.flap	408
minecraft:sound_event	minecraft:entity.ender_dragon.growl	409
minecraft:sound_event	minecraft:entity.ender_dragon.hurt	410
minecraft:sound_event	minecraft:entity.ender_dragon.shoot	411
minecraft:sound_event	minecraft:entity.ender_eye.death	412
minecraft:sound_event	minecraft:entity.ender_eye.launch	413
minecraft:sound_event	minecraft:entity.ender_pearl.throw	424
minecraft:sound_event	minecraft:entity.enderman.ambient	414
minecraft:sound_event	minecraft:entity.enderman.death	415
minecraft:sound_event	minecraft:entity.enderman.hurt	416
minecraft:sound_event	minecraft:entity.enderman.scream	417
minecraft:sound_event	minecraft:entity.enderman.stare	418
minecraft:sound_event	minecraft:entity.enderman.teleport	419
minecraft:sound_event	minecraft:entity.endermite.ambient	420
minecraft:sound_event	minecraft:entity.endermite.death	421
minecraft:sound_event	minecraft:entity.endermite.hurt	422
minecraft:sound_event	minecraft:entity.endermite.step	423
minecraft:sound_event	minecraft:entity.evoker.ambient	428
minecraft:sound_event	minecraft:entity.evoker.cast_spell	429
minecraft:sound_event	minecraft:entity.evoker.celebrate	430
minecraft:sound_event	minecraft:entity.evoker.death	431
minecraft:sound_event	minecraft:entity.evoker.hurt	433
minecraft:sound_event	minecraft:entity.evoker.prepare_attack	434
minecraft:sound_event	minecraft:entity.evoker.prepare_summon	435
minecraft:sound_event	minecraft:entity.evoker.prepare_wololo	436
minecraft:sound_event	minecraft:entity.evoker_fangs.attack	432
minecraft:sound_event	minecraft:entity.experience_bottle.throw	437
minecraft:sound_event	minecraft:entity.experience_orb.pickup	438
minecraft:sound_event	minecraft:entity.firework_rocket.blast	442
minecraft:sound_event	minecraft:entity.firework_rocket.blast_far	443
minecraft:sound_event	minecraft:entity.firework_rocket.large_blast	444
minecraft:sound_event	minecraft:entity.firework_rocket.large_blast_far	445
minecraft:sound_event	minecraft:entity.firework_rocket.launch	446
minecraft:sound_event	minecraft:entity.firework_rocket.shoot	447
minecraft:sound_event	minecraft:entity.firework_rocket.twinkle	448
minecraft:sound_event	minecraft:entity.firework_rocket.twinkle_far	449
minecraft:sound_event	minecraft:entity.fish.swim	452
minecraft:sound_event	minecraft:entity.fishing_bobber.retrieve	453
minecraft:sound_event	minecraft:entity.fishing_bobber.splash	454
minecraft:sound_event	minecraft:entity.fishing_bobber.throw	455
minecraft:sound_event	minecraft:entity.fox.aggro	462
minecraft:sound_event	minecraft:entity.fox.ambient	463
minecraft:sound_event	minecraft:entity.fox.bite	464
minecraft:sound_event	minecraft:entity.fox.death	465
minecraft:sound_event	minecraft:entity.fox.eat	466
minecraft:sound_event	minecraft:entity.fox.hurt	467
minecraft:sound_event	minecraft:entity.fox.screech	468
minecraft:sound_event	minecraft:entity.fox.sleep	469
minecraft:sound_event	minecraft:entity.fox.sniff	470
minecraft:sound_event	minecraft:entity.fox.spit	471
minecraft:sound_event	minecraft:entity.fox.teleport	472
minecraft:sound_event	minecraft:entity.frog.ambient	489
minecraft:sound_event	minecraft:entity.frog.death	490
minecraft:sound_event	minecraft:entity.frog.eat	491
minecraft:sound_event	minecraft:entity.frog.hurt	492
minecraft:sound_event	minecraft:entity.frog.lay_spawn	493
minecraft:sound_event	minecraft:entity.frog.long_jump	494
minecraft:sound_event	minecraft:entity.frog.step	495
minecraft:sound_event	minecraft:entity.frog.tongue	496
minecraft:sound_event	minecraft:entity.generic.big_fall	503
minecraft:sound_event	minecraft:entity.generic.burn	504
minecraft:sound_event	minecraft:entity.generic.death	505
minecraft:sound_event	minecraft:entity.generic.drink	506
minecraft:sound_event	minecraft:entity.generic.eat	507
minecraft:sound_event	minecraft:entity.generic.explode	508
minecraft:sound_event	minecraft:entity.generic.extinguish_fire	509
minecraft:sound_event	minecraft:entity.generic.hurt	510
minecraft:sound_event	minecraft:entity.generic.small_fall	511
minecraft:sound_event	minecraft:entity.generic.splash	512
minecraft:sound_event	minecraft:entity.generic.swim	513
minecraft:sound_event	minecraft:entity.ghast.ambient	514
minecraft:sound_event	minecraft:entity.ghast.death	515
minecraft:sound_event	minecraft:entity.ghast.hurt	516
minecraft:sound_event	minecraft:entity.ghast.scream	517
minecraft:sound_event	minecraft:entity.ghast.shoot	518
minecraft:sound_event	minecraft:entity.ghast.warn	519
minecraft:sound_event	minecraft:entity.glow_item_frame.add_item	531
minecraft:sound_event	minecraft:entity.glow_item_frame.break	532
minecraft:sound_event	minecraft:entity.glow_item_frame.place	533
minecraft:sound_event	minecraft:entity.glow_item_frame.remove_item	534
minecraft:sound_event	minecraft:entity.glow_item_frame.rotate_item	535
minecraft:sound_event	minecraft:entity.glow_squid.ambient	536
minecraft:sound_event	minecraft:entity.glow_squid.death	537
minecraft:sound_event	minecraft:entity.glow_squid.hurt	538
minecraft:sound_event	minecraft:entity.glow_squid.squirt	539
minecraft:sound_event	minecraft:entity.goat.ambient	540
minecraft:sound_event	minecraft:entity.goat.death	541
minecraft:sound_event	minecraft:entity.goat.eat	542
minecraft:sound_event	minecraft:entity.goat.horn_break	548
minecraft:sound_event	minecraft:entity.goat.hurt	543
minecraft:sound_event	minecraft:entity.goat.long_jump	544
minecraft:sound_event	minecraft:entity.goat.milk	545
minecraft:sound_event	minecraft:entity.goat.prepare_ram	546
minecraft:sound_event	minecraft:entity.goat.ram_impact	547
minecraft:sound_event	minecraft:entity.goat.screaming.ambient	550
minecraft:sound_event	minecraft:entity.goat.screaming.death	551
minecraft:sound_event	minecraft:entity.goat.screaming.eat	552
minecraft:sound_event	minecraft:entity.goat.screaming.horn_break	558
minecraft:sound_event	minecraft:entity.goat.screaming.hurt	553
minecraft:sound_event	minecraft:entity.goat.screaming.long_jump	554
minecraft:sound_event	minecraft:entity.goat.screaming.milk	555
minecraft:sound_event	minecraft:entity.goat.screaming.prepare_ram	556
minecraft:sound_event	minecraft:entity.goat.screaming.ram_impact	557
minecraft:sound_event	minecraft:entity.goat.step	559
minecraft:sound_event	minecraft:entity.guardian.ambient	572
minecraft:sound_event	minecraft:entity.guardian.ambient_land	573
minecraft:sound_event	minecraft:entity.guardian.attack	574
minecraft:sound_event	minecraft:entity.guardian.death	575
minecraft:sound_event	minecraft:entity.guardian.death_land	576
minecraft:sound_event	minecraft:entity.guardian.flop	577
minecraft:sound_event	minecraft:entity.guardian.hurt	578
minecraft:sound_event	minecraft:entity.guardian.hurt_land	579
minecraft:sound_event	minecraft:entity.hoglin.ambient	601
minecraft:sound_event	minecraft:entity.hoglin.angry	602
minecraft:sound_event	minecraft:entity.hoglin.attack	603
minecraft:sound_event	minecraft:entity.hoglin.converted_to_zombified	604
minecraft:sound_event	minecraft:entity.hoglin.death	605
minecraft:sound_event	minecraft:entity.hoglin.hurt	606
minecraft:sound_event	minecraft:entity.hoglin.retreat	607
minecraft:sound_event	minecraft:entity.hoglin.step	608
minecraft:sound_event	minecraft:entity.horse.ambient	625
minecraft:sound_event	minecraft:entity.horse.angry	626
minecraft:sound_event	minecraft:entity.horse.armor	627
minecraft:sound_event	minecraft:entity.horse.breathe	628
minecraft:sound_event	minecraft:entity.horse.death	629
minecraft:sound_event	minecraft:entity.horse.eat	630
minecraft:sound_event	minecraft:entity.horse.gallop	631
minecraft:sound_event	minecraft:entity.horse.hurt	632
minecraft:sound_event	minecraft:entity.horse.jump	633
minecraft:sound_event	minecraft:entity.horse.land	634
minecraft:sound_event	minecraft:entity.horse.saddle	635
minecraft:sound_event	minecraft:entity.horse.step	636
minecraft:sound_event	minecraft:entity.horse.step_wood	637
minecraft:sound_event	minecraft:entity.hostile.big_fall	638
minecraft:sound_event	minecraft:entity.hostile.death	639
minecraft:sound_event	minecraft:entity.hostile.hurt	640
minecraft:sound_event	minecraft:entity.hostile.small_fall	641
minecraft:sound_event	minecraft:entity.hostile.splash	642
minecraft:sound_event	minecraft:entity.hostile.swim	643
minecraft:sound_event	minecraft:entity.husk.ambient	644
minecraft:sound_event	minecraft:entity.husk.converted_to_zombie	645
minecraft:sound_event	minecraft:entity.husk.death	646
minecraft:sound_event	minecraft:entity.husk.hurt	647
minecraft:sound_event	minecraft:entity.husk.step	648
minecraft:sound_event	minecraft:entity.illusioner.ambient	649
minecraft:sound_event	minecraft:entity.illusioner.cast_spell	650
minecraft:sound_event	minecraft:entity.illusioner.death	651
minecraft:sound_event	minecraft:entity.illusioner.hurt	652
minecraft:sound_event	minecraft:entity.illusioner.mirror_move	653
minecraft:sound_event	minecraft:entity.illusioner.prepare_blindness	654
minecraft:sound_event	minecraft:entity.illusioner.prepare_mirror	655
minecraft:sound_event	minecraft:entity.iron_golem.attack	659
minecraft:sound_event	minecraft:entity.iron_golem.damage	660
minecraft:sound_event	minecraft:entity.iron_golem.death	661
minecraft:sound_event	minecraft:entity.iron_golem.hurt	662
minecraft:sound_event	minecraft:entity.iron_golem.repair	663
minecraft:sound_event	minecraft:entity.iron_golem.step	664
minecraft:sound_event	minecraft:entity.item.break	672
minecraft:sound_event	minecraft:entity.item.pickup	673
minecraft:sound_event	minecraft:entity.item_frame.add_item	667
minecraft:sound_event	minecraft:entity.item_frame.break	668
minecraft:sound_event	minecraft:entity.item_frame.place	669
minecraft:sound_event	minecraft:entity.item_frame.remove_item	670
minecraft:sound_event	minecraft:entity.item_frame.rotate_item	671
minecraft:sound_event	minecraft:entity.leash_knot.break	689
minecraft:sound_event	minecraft:entity.leash_knot.place	690
minecraft:sound_event	minecraft:entity.lightning_bolt.impact	692
minecraft:sound_event	minecraft:entity.lightning_bolt.thunder	693
minecraft:sound_event	minecraft:entity.lingering_potion.throw	694
minecraft:sound_event	minecraft:entity.llama.ambient	695
minecraft:sound_event	minecraft:entity.llama.angry	696
minecraft:sound_event	minecraft:entity.llama.chest	697
minecraft:sound_event	minecraft:entity.llama.death	698
minecraft:sound_event	minecraft:entity.llama.eat	699
minecraft:sound_event	minecraft:entity.llama.hurt	700
minecraft:sound_event	minecraft:entity.llama.spit	701
minecraft:sound_event	minecraft:entity.llama.step	702
minecraft:sound_event	minecraft:entity.llama.swag	703
minecraft:sound_event	minecraft:entity.magma_cube.death	711
minecraft:sound_event	minecraft:entity.magma_cube.death_small	704
minecraft:sound_event	minecraft:entity.magma_cube.hurt	712
minecraft:sound_event	minecraft:entity.magma_cube.hurt_small	713
minecraft:sound_event	minecraft:entity.magma_cube.jump	714
minecraft:sound_event	minecraft:entity.magma_cube.squish	715
minecraft:sound_event	minecraft:entity.magma_cube.squish_small	716
minecraft:sound_event	minecraft:entity.minecart.inside	732
minecraft:sound_event	minecraft:entity.minecart.inside.underwater	731
minecraft:sound_event	minecraft:entity.minecart.riding	733
minecraft:sound_event	minecraft:entity.mooshroom.convert	734
minecraft:sound_event	minecraft:entity.mooshroom.eat	735
minecraft:sound_event	minecraft:entity.mooshroom.milk	736
minecraft:sound_event	minecraft:entity.mooshroom.shear	738
minecraft:sound_event	minecraft:entity.mooshroom.suspicious_milk	737
minecraft:sound_event	minecraft:entity.mule.ambient	769
minecraft:sound_event	minecraft:entity.mule.angry	770
minecraft:sound_event	minecraft:entity.mule.chest	771
minecraft:sound_event	minecraft:entity.mule.death	772
minecraft:sound_event	minecraft:entity.mule.eat	773
minecraft:sound_event	minecraft:entity.mule.hurt	774
minecraft:sound_event	minecraft:entity.ocelot.ambient	906
minecraft:sound_event	minecraft:entity.ocelot.death	907
minecraft:sound_event	minecraft:entity.ocelot.hurt	905
minecraft:sound_event	minecraft:entity.painting.break	908
minecraft:sound_event	minecraft:entity.painting.place	909
minecraft:sound_event	minecraft:entity.panda.aggressive_ambient	917
minecraft:sound_event	minecraft:entity.panda.ambient	912
minecraft:sound_event	minecraft:entity.panda.bite	920
minecraft:sound_event	minecraft:entity.panda.cant_breed	916
minecraft:sound_event	minecraft:entity.panda.death	913
minecraft:sound_event	minecraft:entity.panda.eat	914
minecraft:sound_event	minecraft:entity.panda.hurt	919
minecraft:sound_event	minecraft:entity.panda.pre_sneeze	910
minecraft:sound_event	minecraft:entity.panda.sneeze	911
minecraft:sound_event	minecraft:entity.panda.step	915
minecraft:sound_event	minecraft:entity.panda.worried_ambient	918
minecraft:sound_event	minecraft:entity.parrot.ambient	921
minecraft:sound_event	minecraft:entity.parrot.death	922
minecraft:sound_event	minecraft:entity.parrot.eat	923
minecraft:sound_event	minecraft:entity.parrot.fly	924
minecraft:sound_event	minecraft:entity.parrot.hurt	925
minecraft:sound_event	minecraft:entity.parrot.imitate.blaze	926
minecraft:sound_event	minecraft:entity.parrot.imitate.creeper	927
minecraft:sound_event	minecraft:entity.parrot.imitate.drowned	928
minecraft:sound_event	minecraft:entity.parrot.imitate.elder_guardian	929
minecraft:sound_event	minecraft:entity.parrot.imitate.ender_dragon	930
minecraft:sound_event	minecraft:entity.parrot.imitate.endermite	931
minecraft:sound_event	minecraft:entity.parrot.imitate.evoker	932
minecraft:sound_event	minecraft:entity.parrot.imitate.ghast	933
minecraft:sound_event	minecraft:entity.parrot.imitate.guardian	934
minecraft:sound_event	minecraft:entity.parrot.imitate.hoglin	935
minecraft:sound_event	minecraft:entity.parrot.imitate.husk	936
minecraft:sound_event	minecraft:entity.parrot.imitate.illusioner	937
minecraft:sound_event	minecraft:entity.parrot.imitate.magma_cube	938
minecraft:sound_event	minecraft:entity.parrot.imitate.phantom	939
minecraft:sound_event	minecraft:entity.parrot.imitate.piglin	940
minecraft:sound_event	minecraft:entity.parrot.imitate.piglin_brute	941
minecraft:sound_event	minecraft:entity.parrot.imitate.pillager	942
minecraft:sound_event	minecraft:entity.parrot.imitate.ravager	943
minecraft:sound_event	minecraft:entity.parrot.imitate.shulker	944
minecraft:sound_event	minecraft:entity.parrot.imitate.silverfish	945
minecraft:sound_event	minecraft:entity.parrot.imitate.skeleton	946
minecraft:sound_event	minecraft:entity.parrot.imitate.slime	947
minecraft:sound_event	minecraft:entity.parrot.imitate.spider	948
minecraft:sound_event	minecraft:entity.parrot.imitate.stray	949
minecraft:sound_event	minecraft:entity.parrot.imitate.vex	950
minecraft:sound_event	minecraft:entity.parrot.imitate.vindicator	951
minecraft:sound_event	minecraft:entity.parrot.imitate.warden	952
minecraft:sound_event	minecraft:entity.parrot.imitate.witch	953
minecraft:sound_event	minecraft:entity.parrot.imitate.wither	954
minecraft:sound_event	minecraft:entity.parrot.imitate.wither_skeleton	955
minecraft:sound_event	minecraft:entity.parrot.imitate.zoglin	956
minecraft:sound_event	minecraft:entity.parrot.imitate.zombie	957
minecraft:sound_event	minecraft:entity.parrot.imitate.zombie_villager	958
minecraft:sound_event	minecraft:entity.parrot.step	959
minecraft:sound_event	minecraft:entity.phantom.ambient	960
minecraft:sound_event	minecraft:entity.phantom.bite	961
minecraft:sound_event	minecraft:entity.phantom.death	962
minecraft:sound_event	minecraft:entity.phantom.flap	963
minecraft:sound_event	minecraft:entity.phantom.hurt	964
minecraft:sound_event	minecraft:entity.phantom.swoop	965
minecraft:sound_event	minecraft:entity.pig.ambient	966
minecraft:sound_event	minecraft:entity.pig.death	967
minecraft:sound_event	minecraft:entity.pig.hurt	968
minecraft:sound_event	minecraft:entity.pig.saddle	969
minecraft:sound_event	minecraft:entity.pig.step	970
minecraft:sound_event	minecraft:entity.piglin.admiring_item	971
minecraft:sound_event	minecraft:entity.piglin.ambient	972
minecraft:sound_event	minecraft:entity.piglin.angry	973
minecraft:sound_event	minecraft:entity.piglin.celebrate	974
minecraft:sound_event	minecraft:entity.piglin.converted_to_zombified	980
minecraft:sound_event	minecraft:entity.piglin.death	975
minecraft:sound_event	minecraft:entity.piglin.hurt	977
minecraft:sound_event	minecraft:entity.piglin.jealous	976
minecraft:sound_event	minecraft:entity.piglin.retreat	978
minecraft:sound_event	minecraft:entity.piglin.step	979
minecraft:sound_event	minecraft:entity.piglin_brute.ambient	981
minecraft:sound_event	minecraft:entity.piglin_brute.angry	982
minecraft:sound_event	minecraft:entity.piglin_brute.converted_to_zombified	986
minecraft:sound_event	minecraft:entity.piglin_brute.death	983
minecraft:sound_event	minecraft:entity.piglin_brute.hurt	984
minecraft:sound_event	minecraft:entity.piglin_brute.step	985
minecraft:sound_event	minecraft:entity.pillager.ambient	987
minecraft:sound_event	minecraft:entity.pillager.celebrate	988
minecraft:sound_event	minecraft:entity.pillager.death	989
minecraft:sound_event	minecraft:entity.pillager.hurt	990
minecraft:sound_event	minecraft:entity.player.attack.crit	993
minecraft:sound_event	minecraft:entity.player.attack.knockback	994
minecraft:sound_event	minecraft:entity.player.attack.nodamage	995
minecraft:sound_event	minecraft:entity.player.attack.strong	996
minecraft:sound_event	minecraft:entity.player.attack.sweep	997
minecraft:sound_event	minecraft:entity.player.attack.weak	998
minecraft:sound_event	minecraft:entity.player.big_fall	999
minecraft:sound_event	minecraft:entity.player.breath	1000
minecraft:sound_event	minecraft:entity.player.burp	1001
minecraft:sound_event	minecraft:entity.player.death	1002
minecraft:sound_event	minecraft:entity.player.hurt	1003
minecraft:sound_event	minecraft:entity.player.hurt_drown	1004
minecraft:sound_event	minecraft:entity.player.hurt_freeze	1005
minecraft:sound_event	minecraft:entity.player.hurt_on_fire	1006
minecraft:sound_event	minecraft:entity.player.hurt_sweet_berry_bush	1007
minecraft:sound_event	minecraft:entity.player.levelup	1008
minecraft:sound_event	minecraft:entity.player.small_fall	1009
minecraft:sound_event	minecraft:entity.player.splash	1010
minecraft:sound_event	minecraft:entity.player.splash.high_speed	1011
minecraft:sound_event	minecraft:entity.player.swim	1012
minecraft:sound_event	minecraft:entity.polar_bear.ambient	1013
minecraft:sound_event	minecraft:entity.polar_bear.ambient_baby	1014
minecraft:sound_event	minecraft:entity.polar_bear.death	1015
minecraft:sound_event	minecraft:entity.polar_bear.hurt	1016
minecraft:sound_event	minecraft:entity.polar_bear.step	1017
minecraft:sound_event	minecraft:entity.polar_bear.warning	1018
minecraft:sound_event	minecraft:entity.puffer_fish.ambient	1032
minecraft:sound_event	minecraft:entity.puffer_fish.blow_out	1033
minecraft:sound_event	minecraft:entity.puffer_fish.blow_up	1034
minecraft:sound_event	minecraft:entity.puffer_fish.death	1035
minecraft:sound_event	minecraft:entity.puffer_fish.flop	1036
minecraft:sound_event	minecraft:entity.puffer_fish.hurt	1037
minecraft:sound_event	minecraft:entity.puffer_fish.sting	1038
minecraft:sound_event	minecraft:entity.rabbit.ambient	1040
minecraft:sound_event	minecraft:entity.rabbit.attack	1041
minecraft:sound_event	minecraft:entity.rabbit.death	1042
minecraft:sound_event	minecraft:entity.rabbit.hurt	1043
minecraft:sound_event	minecraft:entity.rabbit.jump	1044
minecraft:sound_event	minecraft:entity.ravager.ambient	1046
minecraft:sound_event	minecraft:entity.ravager.attack	1047
minecraft:sound_event	minecraft:entity.ravager.celebrate	1048
minecraft:sound_event	minecraft:entity.ravager.death	1049
minecraft:sound_event	minecraft:entity.ravager.hurt	1050
minecraft:sound_event	minecraft:entity.ravager.roar	1053
minecraft:sound_event	minecraft:entity.ravager.step	1051
minecraft:sound_event	minecraft:entity.ravager.stunned	1052
minecraft:sound_event	minecraft:entity.salmon.ambient	1074
minecraft:sound_event	minecraft:entity.salmon.death	1075
minecraft:sound_event	minecraft:entity.salmon.flop	1076
minecraft:sound_event	minecraft:entity.salmon.hurt	1077
minecraft:sound_event	minecraft:entity.sheep.ambient	1119
minecraft:sound_event	minecraft:entity.sheep.death	1120
minecraft:sound_event	minecraft:entity.sheep.hurt	1121
minecraft:sound_event	minecraft:entity.sheep.shear	1122
minecraft:sound_event	minecraft:entity.sheep.step	1123
minecraft:sound_event	minecraft:entity.shulker.ambient	1132
minecraft:sound_event	minecraft:entity.shulker.close	1137
minecraft:sound_event	minecraft:entity.shulker.death	1138
minecraft:sound_event	minecraft:entity.shulker.hurt	1139
minecraft:sound_event	minecraft:entity.shulker.hurt_closed	1140
minecraft:sound_event	minecraft:entity.shulker.open	1141
minecraft:sound_event	minecraft:entity.shulker.shoot	1142
minecraft:sound_event	minecraft:entity.shulker.teleport	1143
minecraft:sound_event	minecraft:entity.shulker_bullet.hit	1135
minecraft:sound_event	minecraft:entity.shulker_bullet.hurt	1136
minecraft:sound_event	minecraft:entity.silverfish.ambient	1144
minecraft:sound_event	minecraft:entity.silverfish.death	1145
minecraft:sound_event	minecraft:entity.silverfish.hurt	1146
minecraft:sound_event	minecraft:entity.silverfish.step	1147
minecraft:sound_event	minecraft:entity.skeleton.ambient	1148
minecraft:sound_event	minecraft:entity.skeleton.converted_to_stray	1149
minecraft:sound_event	minecraft:entity.skeleton.death	1150
minecraft:sound_event	minecraft:entity.skeleton.hurt	1159
minecraft:sound_event	minecraft:entity.skeleton.shoot	1160
minecraft:sound_event	minecraft:entity.skeleton.step	1161
minecraft:sound_event	minecraft:entity.skeleton_horse.ambient	1151
minecraft:sound_event	minecraft:entity.skeleton_horse.ambient_water	1155
minecraft:sound_event	minecraft:entity.skeleton_horse.death	1152
minecraft:sound_event	minecraft:entity.skeleton_horse.gallop_water	1156
minecraft:sound_event	minecraft:entity.skeleton_horse.hurt	1153
minecraft:sound_event	minecraft:entity.skeleton_horse.jump_water	1157
minecraft:sound_event	minecraft:entity.skeleton_horse.step_water	1158
minecraft:sound_event	minecraft:entity.skeleton_horse.swim	1154
minecraft:sound_event	minecraft:entity.slime.attack	1162
minecraft:sound_event	minecraft:entity.slime.death	1163
minecraft:sound_event	minecraft:entity.slime.death_small	1204
minecraft:sound_event	minecraft:entity.slime.hurt	1164
minecraft:sound_event	minecraft:entity.slime.hurt_small	1205
minecraft:sound_event	minecraft:entity.slime.jump	1165
minecraft:sound_event	minecraft:entity.slime.jump_small	1206
minecraft:sound_event	minecraft:entity.slime.squish	1166
minecraft:sound_event	minecraft:entity.slime.squish_small	1207
minecraft:sound_event	minecraft:entity.sniffer.death	1214
minecraft:sound_event	minecraft:entity.sniffer.digging	1219
minecraft:sound_event	minecraft:entity.sniffer.digging_stop	1220
minecraft:sound_event	minecraft:entity.sniffer.drop_seed	1215
minecraft:sound_event	minecraft:entity.sniffer.eat	1211
minecraft:sound_event	minecraft:entity.sniffer.happy	1221
minecraft:sound_event	minecraft:entity.sniffer.hurt	1213
minecraft:sound_event	minecraft:entity.sniffer.idle	1212
minecraft:sound_event	minecraft:entity.sniffer.scenting	1216
minecraft:sound_event	minecraft:entity.sniffer.searching	1218
minecraft:sound_event	minecraft:entity.sniffer.sniffing	1217
minecraft:sound_event	minecraft:entity.sniffer.step	1210
minecraft:sound_event	minecraft:entity.snow_golem.ambient	1225
minecraft:sound_event	minecraft:entity.snow_golem.death	1226
minecraft:sound_event	minecraft:entity.snow_golem.hurt	1227
minecraft:sound_event	minecraft:entity.snow_golem.shear	1229
minecraft:sound_event	minecraft:entity.snow_golem.shoot	1228
minecraft:sound_event	minecraft:entity.snowball.throw	1222
minecraft:sound_event	minecraft:entity.spider.ambient	1233
minecraft:sound_event	minecraft:entity.spider.death	1234
minecraft:sound_event	minecraft:entity.spider.hurt	1235
minecraft:sound_event	minecraft:entity.spider.step	1236
minecraft:sound_event	minecraft:entity.splash_potion.break	1237
minecraft:sound_event	minecraft:entity.splash_potion.throw	1238
minecraft:sound_event	minecraft:entity.squid.ambient	1241
minecraft:sound_event	minecraft:entity.squid.death	1242
minecraft:sound_event	minecraft:entity.squid.hurt	1243
minecraft:sound_event	minecraft:entity.squid.squirt	1244
minecraft:sound_event	minecraft:entity.stray.ambient	1254
minecraft:sound_event	minecraft:entity.stray.death	1255
minecraft:sound_event	minecraft:entity.stray.hurt	1256
minecraft:sound_event	minecraft:entity.stray.step	1257
minecraft:sound_event	minecraft:entity.strider.ambient	1195
minecraft:sound_event	minecraft:entity.strider.death	1198
minecraft:sound_event	minecraft:entity.strider.eat	1202
minecraft:sound_event	minecraft:entity.strider.happy	1196
minecraft:sound_event	minecraft:entity.strider.hurt	1199
minecraft:sound_event	minecraft:entity.strider.retreat	1197
minecraft:sound_event	minecraft:entity.strider.saddle	1203
minecraft:sound_event	minecraft:entity.strider.step	1200
minecraft:sound_event	minecraft:entity.strider.step_lava	1201
minecraft:sound_event	minecraft:entity.tadpole.death	1261
minecraft:sound_event	minecraft:entity.tadpole.flop	1262
minecraft:sound_event	minecraft:entity.tadpole.grow_up	1263
minecraft:sound_event	minecraft:entity.tadpole.hurt	1264
minecraft:sound_event	minecraft:entity.tnt.primed	1266
minecraft:sound_event	minecraft:entity.tropical_fish.ambient	1280
minecraft:sound_event	minecraft:entity.tropical_fish.death	1281
minecraft:sound_event	minecraft:entity.tropical_fish.flop	1282
minecraft:sound_event	minecraft:entity.tropical_fish.hurt	1283
minecraft:sound_event	minecraft:entity.turtle.ambient_land	1289
minecraft:sound_event	minecraft:entity.turtle.death	1290
minecraft:sound_event	minecraft:entity.turtle.death_baby	1291
minecraft:sound_event	minecraft:entity.turtle.egg_break	1292
minecraft:sound_event	minecraft:entity.turtle.egg_crack	1293
minecraft:sound_event	minecraft:entity.turtle.egg_hatch	1294
minecraft:sound_event	minecraft:entity.turtle.hurt	1295
minecraft:sound_event	minecraft:entity.turtle.hurt_baby	1296
minecraft:sound_event	minecraft:entity.turtle.lay_egg	1297
minecraft:sound_event	minecraft:entity.turtle.shamble	1298
minecraft:sound_event	minecraft:entity.turtle.shamble_baby	1299
minecraft:sound_event	minecraft:entity.turtle.swim	1300
minecraft:sound_event	minecraft:entity.vex.ambient	1310
minecraft:sound_event	minecraft:entity.vex.charge	1311
minecraft:sound_event	minecraft:entity.vex.death	1312
minecraft:sound_event	minecraft:entity.vex.hurt	1313
minecraft:sound_event	minecraft:entity.villager.ambient	1314
minecraft:sound_event	minecraft:entity.villager.celebrate	1315
minecraft:sound_event	minecraft:entity.villager.death	1316
minecraft:sound_event	minecraft:entity.villager.hurt	1317
minecraft:sound_event	minecraft:entity.villager.no	1318
minecraft:sound_event	minecraft:entity.villager.trade	1319
minecraft:sound_event	minecraft:entity.villager.work_armorer	1321
minecraft:sound_event	minecraft:entity.villager.work_butcher	1322
minecraft:sound_event	minecraft:entity.villager.work_cartographer	1323
minecraft:sound_event	minecraft:entity.villager.work_cleric	1324
minecraft:sound_event	minecraft:entity.villager.work_farmer	1325
minecraft:sound_event	minecraft:entity.villager.work_fisherman	1326
minecraft:sound_event	minecraft:entity.villager.work_fletcher	1327
minecraft:sound_event	minecraft:entity.villager.work_leatherworker	1328
minecraft:sound_event	minecraft:entity.villager.work_librarian	1329
minecraft:sound_event	minecraft:entity.villager.work_mason	1330
minecraft:sound_event	minecraft:entity.villager.work_shepherd	1331
minecraft:sound_event	minecraft:entity.villager.work_toolsmith	1332
minecraft:sound_event	minecraft:entity.villager.work_weaponsmith	1333
minecraft:sound_event	minecraft:entity.villager.yes	1320
minecraft:sound_event	minecraft:entity.vindicator.ambient	1334
minecraft:sound_event	minecraft:entity.vindicator.celebrate	1335
minecraft:sound_event	minecraft:entity.vindicator.death	1336
minecraft:sound_event	minecraft:entity.vindicator.hurt	1337
minecraft:sound_event	minecraft:entity.wandering_trader.ambient	1344
minecraft:sound_event	minecraft:entity.wandering_trader.death	1345
minecraft:sound_event	minecraft:entity.wandering_trader.disappeared	1346
minecraft:sound_event	minecraft:entity.wandering_trader.drink_milk	1347
minecraft:sound_event	minecraft:entity.wandering_trader.drink_potion	1348
minecraft:sound_event	minecraft:entity.wandering_trader.hurt	1349
minecraft:sound_event	minecraft:entity.wandering_trader.no	1350
minecraft:sound_event	minecraft:entity.wandering_trader.reappeared	1351
minecraft:sound_event	minecraft:entity.wandering_trader.trade	1352
minecraft:sound_event	minecraft:entity.wandering_trader.yes	1353
minecraft:sound_event	minecraft:entity.warden.agitated	1354
minecraft:sound_event	minecraft:entity.warden.ambient	1355
minecraft:sound_event	minecraft:entity.warden.angry	1356
minecraft:sound_event	minecraft:entity.warden.attack_impact	1357
minecraft:sound_event	minecraft:entity.warden.death	1358
minecraft:sound_event	minecraft:entity.warden.dig	1359
minecraft:sound_event	minecraft:entity.warden.emerge	1360
minecraft:sound_event	minecraft:entity.warden.heartbeat	1361
minecraft:sound_event	minecraft:entity.warden.hurt	1362
minecraft:sound_event	minecraft:entity.warden.listening	1363
minecraft:sound_event	minecraft:entity.warden.listening_angry	1364
minecraft:sound_event	minecraft:entity.warden.nearby_close	1365
minecraft:sound_event	minecraft:entity.warden.nearby_closer	1366
minecraft:sound_event	minecraft:entity.warden.nearby_closest	1367
minecraft:sound_event	minecraft:entity.warden.roar	1368
minecraft:sound_event	minecraft:entity.warden.sniff	1369
minecraft:sound_event	minecraft:entity.warden.sonic_boom	1370
minecraft:sound_event	minecraft:entity.warden.sonic_charge	1371
minecraft:sound_event	minecraft:entity.warden.step	1372
minecraft:sound_event	minecraft:entity.warden.tendril_clicks	1373
minecraft:sound_event	minecraft:entity.witch.ambient	1382
minecraft:sound_event	minecraft:entity.witch.celebrate	1383
minecraft:sound_event	minecraft:entity.witch.death	1384
minecraft:sound_event	minecraft:entity.witch.drink	1385
minecraft:sound_event	minecraft:entity.witch.hurt	1386
minecraft:sound_event	minecraft:entity.witch.throw	1387
minecraft:sound_event	minecraft:entity.wither.ambient	1388
minecraft:sound_event	minecraft:entity.wither.break_block	1389
minecraft:sound_event	minecraft:entity.wither.death	1390
minecraft:sound_event	minecraft:entity.wither.hurt	1391
minecraft:sound_event	minecraft:entity.wither.shoot	1392
minecraft:sound_event	minecraft:entity.wither.spawn	1397
minecraft:sound_event	minecraft:entity.wither_skeleton.ambient	1393
minecraft:sound_event	minecraft:entity.wither_skeleton.death	1394
minecraft:sound_event	minecraft:entity.wither_skeleton.hurt	1395
minecraft:sound_event	minecraft:entity.wither_skeleton.step	1396
minecraft:sound_event	minecraft:entity.wolf.ambient	1398
minecraft:sound_event	minecraft:entity.wolf.death	1399
minecraft:sound_event	minecraft:entity.wolf.growl	1400
minecraft:sound_event	minecraft:entity.wolf.howl	1401
minecraft:sound_event	minecraft:entity.wolf.hurt	1402
minecraft:sound_event	minecraft:entity.wolf.pant	1403
minecraft:sound_event	minecraft:entity.wolf.shake	1404
minecraft:sound_event	minecraft:entity.wolf.step	1405
minecraft:sound_event	minecraft:entity.wolf.whine	1406
minecraft:sound_event	minecraft:entity.zoglin.ambient	1425
minecraft:sound_event	minecraft:entity.zoglin.angry	1426
minecraft:sound_event	minecraft:entity.zoglin.attack	1427
minecraft:sound_event	minecraft:entity.zoglin.death	1428
minecraft:sound_event	minecraft:entity.zoglin.hurt	1429
minecraft:sound_event	minecraft:entity.zoglin.step	1430
minecraft:sound_event	minecraft:entity.zombie.ambient	1431
minecraft:sound_event	minecraft:entity.zombie.attack_iron_door	1433
minecraft:sound_event	minecraft:entity.zombie.attack_wooden_door	1432
minecraft:sound_event	minecraft:entity.zombie.break_wooden_door	1434
minecraft:sound_event	minecraft:entity.zombie.converted_to_drowned	1435
minecraft:sound_event	minecraft:entity.zombie.death	1436
minecraft:sound_event	minecraft:entity.zombie.destroy_egg	1437
minecraft:sound_event	minecraft:entity.zombie.hurt	1441
minecraft:sound_event	minecraft:entity.zombie.infect	1442
minecraft:sound_event	minecraft:entity.zombie.step	1447
minecraft:sound_event	minecraft:entity.zombie_horse.ambient	1438
minecraft:sound_event	minecraft:entity.zombie_horse.death	1439
minecraft:sound_event	minecraft:entity.zombie_horse.hurt	1440
minecraft:sound_event	minecraft:entity.zombie_villager.ambient	1448
minecraft:sound_event	minecraft:entity.zombie_villager.converted	1449
minecraft:sound_event	minecraft:entity.zombie_villager.cure	1450
minecraft:sound_event	minecraft:entity.zombie_villager.death	1451
minecraft:sound_event	minecraft:entity.zombie_villager.hurt	1452
minecraft:sound_event	minecraft:entity.zombie_villager.step	1453
minecraft:sound_event	minecraft:entity.zombified_piglin.ambient	1443
minecraft:sound_event	minecraft:entity.zombified_piglin.angry	1444
minecraft:sound_event	minecraft:entity.zombified_piglin.death	1445
minecraft:sound_event	minecraft:entity.zombified_piglin.hurt	1446
minecraft:sound_event	minecraft:event.raid.horn	1045
minecraft:sound_event	minecraft:intentionally_empty	837
minecraft:sound_event	minecraft:item.armor.equip_chain	53
minecraft:sound_event	minecraft:item.armor.equip_diamond	54
minecraft:sound_event	minecraft:item.armor.equip_elytra	55
minecraft:sound_event	minecraft:item.armor.equip_generic	56
minecraft:sound_event	minecraft:item.armor.equip_gold	57
minecraft:sound_event	minecraft:item.armor.equip_iron	58
minecraft:sound_event	minecraft:item.armor.equip_leather	59
minecraft:sound_event	minecraft:item.armor.equip_netherite	60
minecraft:sound_event	minecraft:item.armor.equip_turtle	61
minecraft:sound_event	minecraft:item.axe.scrape	70
minecraft:sound_event	minecraft:item.axe.strip	69
minecraft:sound_event	minecraft:item.axe.wax_off	71
minecraft:sound_event	minecraft:item.bone_meal.use	158
minecraft:sound_event	minecraft:item.book.page_turn	159
minecraft:sound_event	minecraft:item.book.put	160
minecraft:sound_event	minecraft:item.bottle.empty	162
minecraft:sound_event	minecraft:item.bottle.fill	163
minecraft:sound_event	minecraft:item.bottle.fill_dragonbreath	164
minecraft:sound_event	minecraft:item.brush.brush_sand_completed	167
minecraft:sound_event	minecraft:item.brush.brushing	166
minecraft:sound_event	minecraft:item.bucket.empty	173
minecraft:sound_event	minecraft:item.bucket.empty_axolotl	174
minecraft:sound_event	minecraft:item.bucket.empty_fish	175
minecraft:sound_event	minecraft:item.bucket.empty_lava	176
minecraft:sound_event	minecraft:item.bucket.empty_powder_snow	177
minecraft:sound_event	minecraft:item.bucket.empty_tadpole	178
minecraft:sound_event	minecraft:item.bucket.fill	179
minecraft:sound_event	minecraft:item.bucket.fill_axolotl	180
minecraft:sound_event	minecraft:item.bucket.fill_fish	181
minecraft:sound_event	minecraft:item.bucket.fill_lava	182
minecraft:sound_event	minecraft:item.bucket.fill_powder_snow	183
minecraft:sound_event	minecraft:item.bucket.fill_tadpole	184
minecraft:sound_event	minecraft:item.bundle.drop_contents	185
minecraft:sound_event	minecraft:item.bundle.insert	186
minecraft:sound_event	minecraft:item.bundle.remove_one	187
minecraft:sound_event	minecraft:item.chorus_fruit.teleport	282
minecraft:sound_event	minecraft:item.crop.plant	316
minecraft:sound_event	minecraft:item.crossbow.hit	317
minecraft:sound_event	minecraft:item.crossbow.loading_end	318
minecraft:sound_event	minecraft:item.crossbow.loading_middle	319
minecraft:sound_event	minecraft:item.crossbow.loading_start	320
minecraft:sound_event	minecraft:item.crossbow.quick_charge_1	321
minecraft:sound_event	minecraft:item.crossbow.quick_charge_2	322
minecraft:sound_event	minecraft:item.crossbow.quick_charge_3	323
minecraft:sound_event	minecraft:item.crossbow.shoot	324
minecraft:sound_event	minecraft:item.dye.use	391
minecraft:sound_event	minecraft:item.elytra.flying	401
minecraft:sound_event	minecraft:item.firecharge.use	441
minecraft:sound_event	minecraft:item.flintandsteel.use	456
minecraft:sound_event	minecraft:item.glow_ink_sac.use	530
minecraft:sound_event	minecraft:item.goat_horn.play	549
minecraft:sound_event	minecraft:item.goat_horn.sound.0	617
minecraft:sound_event	minecraft:item.goat_horn.sound.1	618
minecraft:sound_event	minecraft:item.goat_horn.sound.2	619
minecraft:sound_event	minecraft:item.goat_horn.sound.3	620
minecraft:sound_event	minecraft:item.goat_horn.sound.4	621
minecraft:sound_event	minecraft:item.goat_horn.sound.5	622
minecraft:sound_event	minecraft:item.goat_horn.sound.6	623
minecraft:sound_event	minecraft:item.goat_horn.sound.7	624
minecraft:sound_event	minecraft:item.hoe.till	600
minecraft:sound_event	minecraft:item.honey_bottle.drink	616
minecraft:sound_event	minecraft:item.honeycomb.wax_on	615
minecraft:sound_event	minecraft:item.ink_sac.use	656
minecraft:sound_event	minecraft:item.lodestone_compass.lock	710
minecraft:sound_event	minecraft:item.nether_wart.plant	821
minecraft:sound_event	minecraft:item.shield.block	1124
minecraft:sound_event	minecraft:item.shield.break	1125
minecraft:sound_event	minecraft:item.shovel.flatten	1131
minecraft:sound_event	minecraft:item.spyglass.stop_using	1240
minecraft:sound_event	minecraft:item.spyglass.use	1239
minecraft:sound_event	minecraft:item.totem.use	1267
minecraft:sound_event	minecraft:item.trident.hit	1268
minecraft:sound_event	minecraft:item.trident.hit_ground	1269
minecraft:sound_event	minecraft:item.trident.return	1270
minecraft:sound_event	minecraft:item.trident.riptide_1	1271
minecraft:sound_event	minecraft:item.trident.riptide_2	1272
minecraft:sound_event	minecraft:item.trident.riptide_3	1273
minecraft:sound_event	minecraft:item.trident.throw	1274
minecraft:sound_event	minecraft:item.trident.thunder	1275
minecraft:sound_event	minecraft:music.creative	775
minecraft:sound_event	minecraft:music.credits	776
minecraft:sound_event	minecraft:music.dragon	792
minecraft:sound_event	minecraft:music.end	793
minecraft:sound_event	minecraft:music.game	794
minecraft:sound_event	minecraft:music.menu	795
minecraft:sound_event	minecraft:music.nether.basalt_deltas	796
minecraft:sound_event	minecraft:music.nether.crimson_forest	797
minecraft:sound_event	minecraft:music.nether.nether_wastes	808
minecraft:sound_event	minecraft:music.nether.soul_sand_valley	811
minecraft:sound_event	minecraft:music.nether.warped_forest	813
minecraft:sound_event	minecraft:music.overworld.cherry_grove	807
minecraft:sound_event	minecraft:music.overworld.deep_dark	798
minecraft:sound_event	minecraft:music.overworld.dripstone_caves	799
minecraft:sound_event	minecraft:music.overworld.frozen_peaks	809
minecraft:sound_event	minecraft:music.overworld.grove	800
minecraft:sound_event	minecraft:music.overworld.jagged_peaks	801
minecraft:sound_event	minecraft:music.overworld.jungle_and_forest	804
minecraft:sound_event	minecraft:music.overworld.lush_caves	802
minecraft:sound_event	minecraft:music.overworld.meadow	806
minecraft:sound_event	minecraft:music.overworld.old_growth_taiga	805
minecraft:sound_event	minecraft:music.overworld.snowy_slopes	810
minecraft:sound_event	minecraft:music.overworld.stony_peaks	812
minecraft:sound_event	minecraft:music.overworld.swamp	803
minecraft:sound_event	minecraft:music.under_water	814
minecraft:sound_event	minecraft:music_disc.11	778
minecraft:sound_event	minecraft:music_disc.13	779
minecraft:sound_event	minecraft:music_disc.5	777
minecraft:sound_event	minecraft:music_disc.blocks	780
minecraft:sound_event	minecraft:music_disc.cat	781
minecraft:sound_event	minecraft:music_disc.chirp	782
minecraft:sound_event	minecraft:music_disc.far	783
minecraft:sound_event	minecraft:music_disc.mall	784
minecraft:sound_event	minecraft:music_disc.mellohi	785
minecraft:sound_event	minecraft:music_disc.otherside	791
minecraft:sound_event	minecraft:music_disc.pigstep	786
minecraft:sound_event	minecraft:music_disc.stal	787
minecraft:sound_event	minecraft:music_disc.strad	788
minecraft:sound_event	minecraft:music_disc.wait	789
minecraft:sound_event	minecraft:music_disc.ward	790
minecraft:sound_event	minecraft:particle.soul_escape	1189
minecraft:sound_event	minecraft:ui.button.click	1301
minecraft:sound_event	minecraft:ui.cartography_table.take_result	1304
minecraft:sound_event	minecraft:ui.loom.select_pattern	1302
minecraft:sound_event	minecraft:ui.loom.take_result	1303
minecraft:sound_event	minecraft:ui.stonecutter.select_recipe	1306
minecraft:sound_event	minecraft:ui.stonecutter.take_result	1305
minecraft:sound_event	minecraft:ui.toast.challenge_complete	1307
minecraft:sound_event	minecraft:ui.toast.in	1308
minecraft:sound_event	minecraft:ui.toast.out	1309
minecraft:sound_event	minecraft:weather.rain	1375
minecraft:sound_event	minecraft:weather.rain.above	1376
minecraft:stat_type	minecraft:broken	3
minecraft:stat_type	minecraft:crafted	1
minecraft:stat_type	minecraft:custom	8
minecraft:stat_type	minecraft:dropped	5
minecraft:stat_type	minecraft:killed	6
minecraft:stat_type	minecraft:killed_by	7
minecraft:stat_type	minecraft:mined	0
minecraft:stat_type	minecraft:picked_up	4
minecraft:stat_type	minecraft:used	2
minecraft:villager_profession	minecraft:armorer	1
minecraft:villager_profession	minecraft:butcher	2
minecraft:villager_profession	minecraft:cartographer	3
minecraft:villager_profession	minecraft:cleric	4
minecraft:villager_profession	minecraft:farmer	5
minecraft:villager_profession	minecraft:fisherman	6
minecraft:villager_profession	minecraft:fletcher	7
minecraft:villager_profession	minecraft:leatherworker	8
minecraft:villager_profession	minecraft:librarian	9
minecraft:villager_profession	minecraft:mason	10
minecraft:villager_profession	minecraft:nitwit	11
minecraft:villager_profession	minecraft:none	0
minecraft:villager_profession	minecraft:shepherd	12
minecraft:villager_profession	minecraft:toolsmith	13
minecraft:villager_profession	minecraft:weaponsmith	14
minecraft:villager_type	minecraft:desert	0
minecraft:villager_type	minecraft:jungle	1
minecraft:villager_type	minecraft:plains	2
minecraft:villager_type	minecraft:savanna	3
minecraft:villager_type	minecraft:snow	4
minecraft:villager_type	minecraft:swamp	5
minecraft:villager_type	minecraft:taiga	6
minecraft:worldgen/biome_source	minecraft:checkerboard	2
minecraft:worldgen/biome_source	minecraft:fixed	0
minecraft:worldgen/biome_source	minecraft:multi_noise	1
minecraft:worldgen/biome_source	minecraft:the_end	3
minecraft:worldgen/block_state_provider_type	minecraft:dual_noise_provider	4
minecraft:worldgen/block_state_provider_type	minecraft:noise_provider	3
minecraft:worldgen/block_state_provider_type	minecraft:noise_threshold_provider	2
minecraft:worldgen/block_state_provider_type	minecraft:randomized_int_state_provider	6
minecraft:worldgen/block_state_provider_type	minecraft:rotated_block_provider	5
minecraft:worldgen/block_state_provider_type	minecraft:simple_state_provider	0
minecraft:worldgen/block_state_provider_type	minecraft:weighted_state_provider	1
minecraft:worldgen/carver	minecraft:canyon	2
minecraft:worldgen/carver	minecraft:cave	0
minecraft:worldgen/carver	minecraft:nether_cave	1
minecraft:worldgen/chunk_generator	minecraft:debug	2
minecraft:worldgen/chunk_generator	minecraft:flat	1
minecraft:worldgen/chunk_generator	minecraft:noise	0
minecraft:worldgen/density_function_type	minecraft:abs	19
minecraft:worldgen/density_function_type	minecraft:add	25
minecraft:worldgen/density_function_type	minecraft:beardifier	2
minecraft:worldgen/density_function_type	minecraft:blend_alpha	0
minecraft:worldgen/density_function_type	minecraft:blend_density	17
minecraft:worldgen/density_function_type	minecraft:blend_offset	1
minecraft:worldgen/density_function_type	minecraft:cache_2d	6
minecraft:worldgen/density_function_type	minecraft:cache_all_in_cell	8
minecraft:worldgen/density_function_type	minecraft:cache_once	7
minecraft:worldgen/density_function_type	minecraft:clamp	18
minecraft:worldgen/density_function_type	minecraft:constant	30
minecraft:worldgen/density_function_type	minecraft:cube	21
minecraft:worldgen/density_function_type	minecraft:end_islands	10
minecraft:worldgen/density_function_type	minecraft:flat_cache	5
minecraft:worldgen/density_function_type	minecraft:half_negative	22
minecraft:worldgen/density_function_type	minecraft:interpolated	4
minecraft:worldgen/density_function_type	minecraft:max	28
minecraft:worldgen/density_function_type	minecraft:min	27
minecraft:worldgen/density_function_type	minecraft:mul	26
minecraft:worldgen/density_function_type	minecraft:noise	9
minecraft:worldgen/density_function_type	minecraft:old_blended_noise	3
minecraft:worldgen/density_function_type	minecraft:quarter_negative	23
minecraft:worldgen/density_function_type	minecraft:range_choice	13
minecraft:worldgen/density_function_type	minecraft:shift	16
minecraft:worldgen/density_function_type	minecraft:shift_a	14
minecraft:worldgen/density_function_type	minecraft:shift_b	15
minecraft:worldgen/density_function_type	minecraft:shifted_noise	12
minecraft:worldgen/density_function_type	minecraft:spline	29
minecraft:worldgen/density_function_type	minecraft:square	20
minecraft:worldgen/density_function_type	minecraft:squeeze	24
minecraft:worldgen/density_function_type	minecraft:weird_scaled_sampler	11
minecraft:worldgen/density_function_type	minecraft:y_clamped_gradient	31
minecraft:worldgen/feature	minecraft:bamboo	41
minecraft:worldgen/feature	minecraft:basalt_columns	46
minecraft:worldgen/feature	minecraft:basalt_pillar	51
minecraft:worldgen/feature	minecraft:block_column	18
minecraft:worldgen/feature	minecraft:block_pile	5
minecraft:worldgen/feature	minecraft:blue_ice	25
minecraft:worldgen/feature	minecraft:bonus_chest	50
minecraft:worldgen/feature	minecraft:chorus_plant	7
minecraft:worldgen/feature	minecraft:coral_claw	38
minecraft:worldgen/feature	minecraft:coral_mushroom	37
minecraft:worldgen/feature	minecraft:coral_tree	36
minecraft:worldgen/feature	minecraft:delta_feature	47
minecraft:worldgen/feature	minecraft:desert_well	10
minecraft:worldgen/feature	minecraft:disk	28
minecraft:worldgen/feature	minecraft:dripstone_cluster	57
minecraft:worldgen/feature	minecraft:end_gateway	33
minecraft:worldgen/feature	minecraft:end_island	32
minecraft:worldgen/feature	minecraft:end_spike	31
minecraft:worldgen/feature	minecraft:fill_layer	49
minecraft:worldgen/feature	minecraft:flower	2
minecraft:worldgen/feature	minecraft:forest_rock	27
minecraft:worldgen/feature	minecraft:fossil	11
minecraft:worldgen/feature	minecraft:freeze_top_layer	16
minecraft:worldgen/feature	minecraft:geode	56
minecraft:worldgen/feature	minecraft:glowstone_blob	15
minecraft:worldgen/feature	minecraft:huge_brown_mushroom	13
minecraft:worldgen/feature	minecraft:huge_fungus	42
minecraft:worldgen/feature	minecraft:huge_red_mushroom	12
minecraft:worldgen/feature	minecraft:ice_spike	14
minecraft:worldgen/feature	minecraft:iceberg	26
minecraft:worldgen/feature	minecraft:kelp	35
minecraft:worldgen/feature	minecraft:lake	29
minecraft:worldgen/feature	minecraft:large_dripstone	58
minecraft:worldgen/feature	minecraft:monster_room	24
minecraft:worldgen/feature	minecraft:multiface_growth	22
minecraft:worldgen/feature	minecraft:nether_forest_vegetation	43
minecraft:worldgen/feature	minecraft:netherrack_replace_blobs	48
minecraft:worldgen/feature	minecraft:no_bonemeal_flower	3
minecraft:worldgen/feature	minecraft:no_op	0
minecraft:worldgen/feature	minecraft:ore	30
minecraft:worldgen/feature	minecraft:pointed_dripstone	59
minecraft:worldgen/feature	minecraft:random_boolean_selector	55
minecraft:worldgen/feature	minecraft:random_patch	4
minecraft:worldgen/feature	minecraft:random_selector	53
minecraft:worldgen/feature	minecraft:replace_single_block	8
minecraft:worldgen/feature	minecraft:root_system	21
minecraft:worldgen/feature	minecraft:scattered_ore	52
minecraft:worldgen/feature	minecraft:sculk_patch	60
minecraft:worldgen/feature	minecraft:sea_pickle	39
minecraft:worldgen/feature	minecraft:seagrass	34
minecraft:worldgen/feature	minecraft:simple_block	40
minecraft:worldgen/feature	minecraft:simple_random_selector	54
minecraft:worldgen/feature	minecraft:spring_feature	6
minecraft:worldgen/feature	minecraft:tree	1
minecraft:worldgen/feature	minecraft:twisting_vines	45
minecraft:worldgen/feature	minecraft:underwater_magma	23
minecraft:worldgen/feature	minecraft:vegetation_patch	19
minecraft:worldgen/feature	minecraft:vines	17
minecraft:worldgen/feature	minecraft:void_start_platform	9
minecraft:worldgen/feature	minecraft:waterlogged_vegetation_patch	20
minecraft:worldgen/feature	minecraft:weeping_vines	44
minecraft:worldgen/feature_size_type	minecraft:three_layers_feature_size	1
minecraft:worldgen/feature_size_type	minecraft:two_layers_feature_size	0
minecraft:worldgen/foliage_placer_type	minecraft:acacia_foliage_placer	3
minecraft:worldgen/foliage_placer_type	minecraft:blob_foliage_placer	0
minecraft:worldgen/foliage_placer_type	minecraft:bush_foliage_placer	4
minecraft:worldgen/foliage_placer_type	minecraft:cherry_foliage_placer	10
minecraft:worldgen/foliage_placer_type	minecraft:dark_oak_foliage_placer	8
minecraft:worldgen/foliage_placer_type	minecraft:fancy_foliage_placer	5
minecraft:worldgen/foliage_placer_type	minecraft:jungle_foliage_placer	6
minecraft:worldgen/foliage_placer_type	minecraft:mega_pine_foliage_placer	7
minecraft:worldgen/foliage_placer_type	minecraft:pine_foliage_placer	2
minecraft:worldgen/foliage_placer_type	minecraft:random_spread_foliage_placer	9
minecraft:worldgen/foliage_placer_type	minecraft:spruce_foliage_placer	1
minecraft:worldgen/material_condition	minecraft:above_preliminary_surface	9
minecraft:worldgen/material_condition	minecraft:biome	0
minecraft:worldgen/material_condition	minecraft:hole	8
minecraft:worldgen/material_condition	minecraft:noise_threshold	1
minecraft:worldgen/material_condition	minecraft:not	7
minecraft:worldgen/material_condition	minecraft:steep	6
minecraft:worldgen/material_condition	minecraft:stone_depth	10
minecraft:worldgen/material_condition	minecraft:temperature	5
minecraft:worldgen/material_condition	minecraft:vertical_gradient	2
minecraft:worldgen/material_condition	minecraft:water	4
minecraft:worldgen/material_condition	minecraft:y_above	3
minecraft:worldgen/material_rule	minecraft:bandlands	0
minecraft:worldgen/material_rule	minecraft:block	1
minecraft:worldgen/material_rule	minecraft:condition	3
minecraft:worldgen/material_rule	minecraft:sequence	2
minecraft:worldgen/placement_modifier_type	minecraft:biome	4
minecraft:worldgen/placement_modifier_type	minecraft:block_predicate_filter	0
minecraft:worldgen/placement_modifier_type	minecraft:carving_mask	14
minecraft:worldgen/placement_modifier_type	minecraft:count	5
minecraft:worldgen/placement_modifier_type	minecraft:count_on_every_layer	8
minecraft:worldgen/placement_modifier_type	minecraft:environment_scan	9
minecraft:worldgen/placement_modifier_type	minecraft:height_range	11
minecraft:worldgen/placement_modifier_type	minecraft:heightmap	10
minecraft:worldgen/placement_modifier_type	minecraft:in_square	12
minecraft:worldgen/placement_modifier_type	minecraft:noise_based_count	6
minecraft:worldgen/placement_modifier_type	minecraft:noise_threshold_count	7
minecraft:worldgen/placement_modifier_type	minecraft:random_offset	13
minecraft:worldgen/placement_modifier_type	minecraft:rarity_filter	1
minecraft:worldgen/placement_modifier_type	minecraft:surface_relative_threshold_filter	2
minecraft:worldgen/placement_modifier_type	minecraft:surface_water_depth_filter	3
minecraft:worldgen/root_placer_type	minecraft:mangrove_root_placer	0
minecraft:worldgen/structure_piece	minecraft:btp	52
minecraft:worldgen/structure_piece	minecraft:ecp	50
minecraft:worldgen/structure_piece	minecraft:iglu	34
minecraft:worldgen/structure_piece	minecraft:jigsaw	55
minecraft:worldgen/structure_piece	minecraft:mscorridor	0
minecraft:worldgen/structure_piece	minecraft:mscrossing	1
minecraft:worldgen/structure_piece	minecraft:msroom	2
minecraft:worldgen/structure_piece	minecraft:msstairs	3
minecraft:worldgen/structure_piece	minecraft:nebcr	4
minecraft:worldgen/structure_piece	minecraft:nebef	5
minecraft:worldgen/structure_piece	minecraft:nebs	6
minecraft:worldgen/structure_piece	minecraft:neccs	7
minecraft:worldgen/structure_piece	minecraft:nece	9
minecraft:worldgen/structure_piece	minecraft:necsr	14
minecraft:worldgen/structure_piece	minecraft:nectb	8
minecraft:worldgen/structure_piece	minecraft:nefos	54
minecraft:worldgen/structure_piece	minecraft:nemt	15
minecraft:worldgen/structure_piece	minecraft:nerc	16
minecraft:worldgen/structure_piece	minecraft:nesc	12
minecraft:worldgen/structure_piece	minecraft:nesclt	11
minecraft:worldgen/structure_piece	minecraft:nescrt	13
minecraft:worldgen/structure_piece	minecraft:nescsc	10
minecraft:worldgen/structure_piece	minecraft:nesr	17
minecraft:worldgen/structure_piece	minecraft:nestart	18
minecraft:worldgen/structure_piece	minecraft:omb	38
minecraft:worldgen/structure_piece	minecraft:omcr	39
minecraft:worldgen/structure_piece	minecraft:omdxr	40
minecraft:worldgen/structure_piece	minecraft:omdxyr	41
minecraft:worldgen/structure_piece	minecraft:omdyr	42
minecraft:worldgen/structure_piece	minecraft:omdyzr	43
minecraft:worldgen/structure_piece	minecraft:omdzr	44
minecraft:worldgen/structure_piece	minecraft:omentry	45
minecraft:worldgen/structure_piece	minecraft:ompenthouse	46
minecraft:worldgen/structure_piece	minecraft:omsimple	47
minecraft:worldgen/structure_piece	minecraft:omsimplet	48
minecraft:worldgen/structure_piece	minecraft:omwr	49
minecraft:worldgen/structure_piece	minecraft:orp	33
minecraft:worldgen/structure_piece	minecraft:rupo	35
minecraft:worldgen/structure_piece	minecraft:sh5c	21
minecraft:worldgen/structure_piece	minecraft:shcc	19
minecraft:worldgen/structure_piece	minecraft:shfc	20
minecraft:worldgen/structure_piece	minecraft:shipwreck	53
minecraft:worldgen/structure_piece	minecraft:shli	23
minecraft:worldgen/structure_piece	minecraft:shlt	22
minecraft:worldgen/structure_piece	minecraft:shph	25
minecraft:worldgen/structure_piece	minecraft:shpr	24
minecraft:worldgen/structure_piece	minecraft:shrc	27
minecraft:worldgen/structure_piece	minecraft:shrt	26
minecraft:worldgen/structure_piece	minecraft:shs	30
minecraft:worldgen/structure_piece	minecraft:shsd	28
minecraft:worldgen/structure_piece	minecraft:shssd	31
minecraft:worldgen/structure_piece	minecraft:shstart	29
minecraft:worldgen/structure_piece	minecraft:tedp	37
minecraft:worldgen/structure_piece	minecraft:tejp	32
minecraft:worldgen/structure_piece	minecraft:tesh	36
minecraft:worldgen/structure_piece	minecraft:wmp	51
minecraft:worldgen/structure_placement	minecraft:concentric_rings	1
minecraft:worldgen/structure_placement	minecraft:random_spread	0
minecraft:worldgen/structure_pool_element	minecraft:empty_pool_element	3
minecraft:worldgen/structure_pool_element	minecraft:feature_pool_element	2
minecraft:worldgen/structure_pool_element	minecraft:legacy_single_pool_element	4
minecraft:worldgen/structure_pool_element	minecraft:list_pool_element	1
minecraft:worldgen/structure_pool_element	minecraft:single_pool_element	0
minecraft:worldgen/structure_processor	minecraft:blackstone_replace	7
minecraft:worldgen/structure_processor	minecraft:block_age	6
minecraft:worldgen/structure_processor	minecraft:block_ignore	0
minecraft:worldgen/structure_processor	minecraft:block_rot	1
minecraft:worldgen/structure_processor	minecraft:gravity	2
minecraft:worldgen/structure_processor	minecraft:jigsaw_replacement	3
minecraft:worldgen/structure_processor	minecraft:lava_submerged_block	8
minecraft:worldgen/structure_processor	minecraft:nop	5
minecraft:worldgen/structure_processor	minecraft:protected_blocks	9
minecraft:worldgen/structure_processor	minecraft:rule	4
minecraft:worldgen/structure_type	minecraft:buried_treasure	0
minecraft:worldgen/structure_type	minecraft:desert_pyramid	1
minecraft:worldgen/structure_type	minecraft:end_city	2
minecraft:worldgen/structure_type	minecraft:fortress	3
minecraft:worldgen/structure_type	minecraft:igloo	4
minecraft:worldgen/structure_type	minecraft:jigsaw	5
minecraft:worldgen/structure_type	minecraft:jungle_temple	6
minecraft:worldgen/structure_type	minecraft:mineshaft	7
minecraft:worldgen/structure_type	minecraft:nether_fossil	8
minecraft:worldgen/structure_type	minecraft:ocean_monument	9
minecraft:worldgen/structure_type	minecraft:ocean_ruin	10
minecraft:worldgen/structure_type	minecraft:ruined_portal	11
minecraft:worldgen/structure_type	minecraft:shipwreck	12
minecraft:worldgen/structure_type	minecraft:stronghold	13
minecraft:worldgen/structure_type	minecraft:swamp_hut	14
minecraft:worldgen/structure_type	minecraft:woodland_mansion	15
minecraft:worldgen/tree_decorator_type	minecraft:alter_ground	4
minecraft:worldgen/tree_decorator_type	minecraft:attached_to_leaves	5
minecraft:worldgen/tree_decorator_type	minecraft:beehive	3
minecraft:worldgen/tree_decorator_type	minecraft:cocoa	2
minecraft:worldgen/tree_decorator_type	minecraft:leave_vine	1
minecraft:worldgen/tree_decorator_type	minecraft:trunk_vine	0
minecraft:worldgen/trunk_placer_type	minecraft:bending_trunk_placer	6
minecraft:worldgen/trunk_placer_type	minecraft:cherry_trunk_placer	8
minecraft:worldgen/trunk_placer_type	minecraft:dark_oak_trunk_placer	4
minecraft:worldgen/trunk_placer_type	minecraft:fancy_trunk_placer	5
minecraft:worldgen/trunk_placer_type	minecraft:forking_trunk_placer	1
minecraft:worldgen/trunk_placer_type	minecraft:giant_trunk_placer	2
minecraft:worldgen/trunk_placer_type	minecraft:mega_jungle_trunk_placer	3
minecraft:worldgen/trunk_placer_type	minecraft:straight_trunk_placer	0
minecraft:worldgen/trunk_placer_type	minecraft:upwards_branching_trunk_placer	7
