registry_id	entry_id	entry_protocol_id
minecraft:activity	minecraft:admire_item	12
minecraft:activity	minecraft:avoid	13
minecraft:activity	minecraft:celebrate	11
minecraft:activity	minecraft:core	0
minecraft:activity	minecraft:dig	25
minecraft:activity	minecraft:emerge	24
minecraft:activity	minecraft:fight	10
minecraft:activity	minecraft:hide	9
minecraft:activity	minecraft:idle	1
minecraft:activity	minecraft:investigate	22
minecraft:activity	minecraft:lay_spawn	20
minecraft:activity	minecraft:long_jump	16
minecraft:activity	minecraft:meet	5
minecraft:activity	minecraft:panic	6
minecraft:activity	minecraft:play	3
minecraft:activity	minecraft:play_dead	15
minecraft:activity	minecraft:pre_raid	8
minecraft:activity	minecraft:raid	7
minecraft:activity	minecraft:ram	17
minecraft:activity	minecraft:rest	4
minecraft:activity	minecraft:ride	14
minecraft:activity	minecraft:roar	23
minecraft:activity	minecraft:sniff	21
minecraft:activity	minecraft:swim	19
minecraft:activity	minecraft:tongue	18
minecraft:activity	minecraft:work	2
minecraft:attribute	minecraft:armor	0
minecraft:attribute	minecraft:armor_toughness	1
minecraft:attribute	minecraft:attack_damage	2
minecraft:attribute	minecraft:attack_knockback	3
minecraft:attribute	minecraft:attack_speed	4
minecraft:attribute	minecraft:block_break_speed	5
minecraft:attribute	minecraft:block_interaction_range	6
minecraft:attribute	minecraft:burning_time	7
minecraft:attribute	minecraft:camera_distance	8
minecraft:attribute	minecraft:entity_interaction_range	10
minecraft:attribute	minecraft:explosion_knockback_resistance	9
minecraft:attribute	minecraft:fall_damage_multiplier	11
minecraft:attribute	minecraft:flying_speed	12
minecraft:attribute	minecraft:follow_range	13
minecraft:attribute	minecraft:gravity	14
minecraft:attribute	minecraft:jump_strength	15
minecraft:attribute	minecraft:knockback_resistance	16
minecraft:attribute	minecraft:luck	17
minecraft:attribute	minecraft:max_absorption	18
minecraft:attribute	minecraft:max_health	19
minecraft:attribute	minecraft:mining_efficiency	20
minecraft:attribute	minecraft:movement_efficiency	21
minecraft:attribute	minecraft:movement_speed	22
minecraft:attribute	minecraft:oxygen_bonus	23
minecraft:attribute	minecraft:safe_fall_distance	24
minecraft:attribute	minecraft:scale	25
minecraft:attribute	minecraft:sneaking_speed	26
minecraft:attribute	minecraft:spawn_reinforcements	27
minecraft:attribute	minecraft:step_height	28
minecraft:attribute	minecraft:submerged_mining_speed	29
minecraft:attribute	minecraft:sweeping_damage_ratio	30
minecraft:attribute	minecraft:tempt_range	31
minecraft:attribute	minecraft:water_movement_efficiency	32
minecraft:attribute	minecraft:waypoint_receive_range	34
minecraft:attribute	minecraft:waypoint_transmit_range	33
minecraft:block	minecraft:acacia_button	415
minecraft:block	minecraft:acacia_door	617
minecraft:block	minecraft:acacia_fence	608
minecraft:block	minecraft:acacia_fence_gate	599
minecraft:block	minecraft:acacia_hanging_sign	224
minecraft:block	minecraft:acacia_leaves	92
minecraft:block	minecraft:acacia_log	53
minecraft:block	minecraft:acacia_planks	17
minecraft:block	minecraft:acacia_pressure_plate	252
minecraft:block	minecraft:acacia_sapling	29
minecraft:block	minecraft:acacia_sign	200
minecraft:block	minecraft:acacia_slab	571
minecraft:block	minecraft:acacia_stairs	484
minecraft:block	minecraft:acacia_trapdoor	305
minecraft:block	minecraft:acacia_wall_hanging_sign	236
minecraft:block	minecraft:acacia_wall_sign	214
minecraft:block	minecraft:acacia_wood	75
minecraft:block	minecraft:activator_rail	450
minecraft:block	minecraft:air	0
minecraft:block	minecraft:allium	161
minecraft:block	minecraft:amethyst_block	938
minecraft:block	minecraft:amethyst_cluster	940
minecraft:block	minecraft:ancient_debris	876
minecraft:block	minecraft:andesite	6
minecraft:block	minecraft:andesite_slab	788
minecraft:block	minecraft:andesite_stairs	775
minecraft:block	minecraft:andesite_wall	800
minecraft:block	minecraft:anvil	435
minecraft:block	minecraft:attached_melon_stem	332
minecraft:block	minecraft:attached_pumpkin_stem	331
minecraft:block	minecraft:azalea	1047
minecraft:block	minecraft:azalea_leaves	97
minecraft:block	minecraft:azure_bluet	162
minecraft:block	minecraft:bamboo	760
minecraft:block	minecraft:bamboo_block	60
minecraft:block	minecraft:bamboo_button	420
minecraft:block	minecraft:bamboo_door	622
minecraft:block	minecraft:bamboo_fence	613
minecraft:block	minecraft:bamboo_fence_gate	604
minecraft:block	minecraft:bamboo_hanging_sign	232
minecraft:block	minecraft:bamboo_mosaic	24
minecraft:block	minecraft:bamboo_mosaic_slab	577
minecraft:block	minecraft:bamboo_mosaic_stairs	490
minecraft:block	minecraft:bamboo_planks	23
minecraft:block	minecraft:bamboo_pressure_plate	257
minecraft:block	minecraft:bamboo_sapling	759
minecraft:block	minecraft:bamboo_sign	206
minecraft:block	minecraft:bamboo_slab	576
minecraft:block	minecraft:bamboo_stairs	489
minecraft:block	minecraft:bamboo_trapdoor	310
minecraft:block	minecraft:bamboo_wall_hanging_sign	244
minecraft:block	minecraft:bamboo_wall_sign	220
minecraft:block	minecraft:barrel	807
minecraft:block	minecraft:barrier	492
minecraft:block	minecraft:basalt	275
minecraft:block	minecraft:beacon	377
minecraft:block	minecraft:bedrock	34
minecraft:block	minecraft:bee_nest	871
minecraft:block	minecraft:beehive	872
minecraft:block	minecraft:beetroots	633
minecraft:block	minecraft:bell	816
minecraft:block	minecraft:big_dripleaf	1054
minecraft:block	minecraft:big_dripleaf_stem	1055
minecraft:block	minecraft:birch_button	413
minecraft:block	minecraft:birch_door	615
minecraft:block	minecraft:birch_fence	606
minecraft:block	minecraft:birch_fence_gate	597
minecraft:block	minecraft:birch_hanging_sign	223
minecraft:block	minecraft:birch_leaves	90
minecraft:block	minecraft:birch_log	51
minecraft:block	minecraft:birch_planks	15
minecraft:block	minecraft:birch_pressure_plate	250
minecraft:block	minecraft:birch_sapling	27
minecraft:block	minecraft:birch_sign	199
minecraft:block	minecraft:birch_slab	569
minecraft:block	minecraft:birch_stairs	374
minecraft:block	minecraft:birch_trapdoor	303
minecraft:block	minecraft:birch_wall_hanging_sign	235
minecraft:block	minecraft:birch_wall_sign	213
minecraft:block	minecraft:birch_wood	73
minecraft:block	minecraft:black_banner	546
minecraft:block	minecraft:black_bed	125
minecraft:block	minecraft:black_candle	920
minecraft:block	minecraft:black_candle_cake	937
minecraft:block	minecraft:black_carpet	521
minecraft:block	minecraft:black_concrete	693
minecraft:block	minecraft:black_concrete_powder	709
minecraft:block	minecraft:black_glazed_terracotta	677
minecraft:block	minecraft:black_shulker_box	661
minecraft:block	minecraft:black_stained_glass	300
minecraft:block	minecraft:black_stained_glass_pane	483
minecraft:block	minecraft:black_terracotta	467
minecraft:block	minecraft:black_wall_banner	562
minecraft:block	minecraft:black_wool	155
minecraft:block	minecraft:blackstone	884
minecraft:block	minecraft:blackstone_slab	887
minecraft:block	minecraft:blackstone_stairs	885
minecraft:block	minecraft:blackstone_wall	886
minecraft:block	minecraft:blast_furnace	809
minecraft:block	minecraft:blue_banner	542
minecraft:block	minecraft:blue_bed	121
minecraft:block	minecraft:blue_candle	916
minecraft:block	minecraft:blue_candle_cake	933
minecraft:block	minecraft:blue_carpet	517
minecraft:block	minecraft:blue_concrete	689
minecraft:block	minecraft:blue_concrete_powder	705
minecraft:block	minecraft:blue_glazed_terracotta	673
minecraft:block	minecraft:blue_ice	757
minecraft:block	minecraft:blue_orchid	160
minecraft:block	minecraft:blue_shulker_box	657
minecraft:block	minecraft:blue_stained_glass	296
minecraft:block	minecraft:blue_stained_glass_pane	479
minecraft:block	minecraft:blue_terracotta	463
minecraft:block	minecraft:blue_wall_banner	558
minecraft:block	minecraft:blue_wool	151
minecraft:block	minecraft:bone_block	642
minecraft:block	minecraft:bookshelf	177
minecraft:block	minecraft:brain_coral	732
minecraft:block	minecraft:brain_coral_block	722
minecraft:block	minecraft:brain_coral_fan	742
minecraft:block	minecraft:brain_coral_wall_fan	752
minecraft:block	minecraft:brewing_stand	355
minecraft:block	minecraft:brick_slab	584
minecraft:block	minecraft:brick_stairs	339
minecraft:block	minecraft:brick_wall	792
minecraft:block	minecraft:bricks	175
minecraft:block	minecraft:brown_banner	543
minecraft:block	minecraft:brown_bed	122
minecraft:block	minecraft:brown_candle	917
minecraft:block	minecraft:brown_candle_cake	934
minecraft:block	minecraft:brown_carpet	518
minecraft:block	minecraft:brown_concrete	690
minecraft:block	minecraft:brown_concrete_powder	706
minecraft:block	minecraft:brown_glazed_terracotta	674
minecraft:block	minecraft:brown_mushroom	171
minecraft:block	minecraft:brown_mushroom_block	323
minecraft:block	minecraft:brown_shulker_box	658
minecraft:block	minecraft:brown_stained_glass	297
minecraft:block	minecraft:brown_stained_glass_pane	480
minecraft:block	minecraft:brown_terracotta	464
minecraft:block	minecraft:brown_wall_banner	559
minecraft:block	minecraft:brown_wool	152
minecraft:block	minecraft:bubble_column	764
minecraft:block	minecraft:bubble_coral	733
minecraft:block	minecraft:bubble_coral_block	723
minecraft:block	minecraft:bubble_coral_fan	743
minecraft:block	minecraft:bubble_coral_wall_fan	753
minecraft:block	minecraft:budding_amethyst	939
minecraft:block	minecraft:bush	133
minecraft:block	minecraft:cactus	266
minecraft:block	minecraft:cactus_flower	267
minecraft:block	minecraft:cake	283
minecraft:block	minecraft:calcite	958
minecraft:block	minecraft:calibrated_sculk_sensor	962
minecraft:block	minecraft:campfire	819
minecraft:block	minecraft:candle	904
minecraft:block	minecraft:candle_cake	921
minecraft:block	minecraft:carrots	409
minecraft:block	minecraft:cartography_table	810
minecraft:block	minecraft:carved_pumpkin	281
minecraft:block	minecraft:cauldron	356
minecraft:block	minecraft:cave_air	763
minecraft:block	minecraft:cave_vines	1044
minecraft:block	minecraft:cave_vines_plant	1045
minecraft:block	minecraft:chain	327
minecraft:block	minecraft:chain_command_block	637
minecraft:block	minecraft:cherry_button	416
minecraft:block	minecraft:cherry_door	618
minecraft:block	minecraft:cherry_fence	609
minecraft:block	minecraft:cherry_fence_gate	600
minecraft:block	minecraft:cherry_hanging_sign	225
minecraft:block	minecraft:cherry_leaves	93
minecraft:block	minecraft:cherry_log	54
minecraft:block	minecraft:cherry_planks	18
minecraft:block	minecraft:cherry_pressure_plate	253
minecraft:block	minecraft:cherry_sapling	30
minecraft:block	minecraft:cherry_sign	201
minecraft:block	minecraft:cherry_slab	572
minecraft:block	minecraft:cherry_stairs	485
minecraft:block	minecraft:cherry_trapdoor	306
minecraft:block	minecraft:cherry_wall_hanging_sign	237
minecraft:block	minecraft:cherry_wall_sign	215
minecraft:block	minecraft:cherry_wood	76
minecraft:block	minecraft:chest	188
minecraft:block	minecraft:chipped_anvil	436
minecraft:block	minecraft:chiseled_bookshelf	178
minecraft:block	minecraft:chiseled_copper	980
minecraft:block	minecraft:chiseled_deepslate	1077
minecraft:block	minecraft:chiseled_nether_bricks	901
minecraft:block	minecraft:chiseled_polished_blackstone	891
minecraft:block	minecraft:chiseled_quartz_block	447
minecraft:block	minecraft:chiseled_red_sandstone	564
minecraft:block	minecraft:chiseled_resin_bricks	349
minecraft:block	minecraft:chiseled_sandstone	107
minecraft:block	minecraft:chiseled_stone_bricks	314
minecraft:block	minecraft:chiseled_tuff	952
minecraft:block	minecraft:chiseled_tuff_bricks	957
minecraft:block	minecraft:chorus_flower	625
minecraft:block	minecraft:chorus_plant	624
minecraft:block	minecraft:clay	268
minecraft:block	minecraft:closed_eyeblossom	1101
minecraft:block	minecraft:coal_block	523
minecraft:block	minecraft:coal_ore	46
minecraft:block	minecraft:coarse_dirt	10
minecraft:block	minecraft:cobbled_deepslate	1061
minecraft:block	minecraft:cobbled_deepslate_slab	1063
minecraft:block	minecraft:cobbled_deepslate_stairs	1062
minecraft:block	minecraft:cobbled_deepslate_wall	1064
minecraft:block	minecraft:cobblestone	12
minecraft:block	minecraft:cobblestone_slab	583
minecraft:block	minecraft:cobblestone_stairs	210
minecraft:block	minecraft:cobblestone_wall	378
minecraft:block	minecraft:cobweb	129
minecraft:block	minecraft:cocoa	365
minecraft:block	minecraft:command_block	376
minecraft:block	minecraft:comparator	441
minecraft:block	minecraft:composter	869
minecraft:block	minecraft:conduit	758
minecraft:block	minecraft:copper_block	967
minecraft:block	minecraft:copper_bulb	1033
minecraft:block	minecraft:copper_door	1009
minecraft:block	minecraft:copper_grate	1025
minecraft:block	minecraft:copper_ore	971
minecraft:block	minecraft:copper_trapdoor	1017
minecraft:block	minecraft:cornflower	168
minecraft:block	minecraft:cracked_deepslate_bricks	1078
minecraft:block	minecraft:cracked_deepslate_tiles	1079
minecraft:block	minecraft:cracked_nether_bricks	902
minecraft:block	minecraft:cracked_polished_blackstone_bricks	890
minecraft:block	minecraft:cracked_stone_bricks	313
minecraft:block	minecraft:crafter	1093
minecraft:block	minecraft:crafting_table	193
minecraft:block	minecraft:creaking_heart	186
minecraft:block	minecraft:creeper_head	429
minecraft:block	minecraft:creeper_wall_head	430
minecraft:block	minecraft:crimson_button	857
minecraft:block	minecraft:crimson_door	859
minecraft:block	minecraft:crimson_fence	849
minecraft:block	minecraft:crimson_fence_gate	853
minecraft:block	minecraft:crimson_fungus	836
minecraft:block	minecraft:crimson_hanging_sign	229
minecraft:block	minecraft:crimson_hyphae	833
minecraft:block	minecraft:crimson_nylium	835
minecraft:block	minecraft:crimson_planks	843
minecraft:block	minecraft:crimson_pressure_plate	847
minecraft:block	minecraft:crimson_roots	842
minecraft:block	minecraft:crimson_sign	861
minecraft:block	minecraft:crimson_slab	845
minecraft:block	minecraft:crimson_stairs	855
minecraft:block	minecraft:crimson_stem	831
minecraft:block	minecraft:crimson_trapdoor	851
minecraft:block	minecraft:crimson_wall_hanging_sign	242
minecraft:block	minecraft:crimson_wall_sign	863
minecraft:block	minecraft:crying_obsidian	877
minecraft:block	minecraft:cut_copper	976
minecraft:block	minecraft:cut_copper_slab	992
minecraft:block	minecraft:cut_copper_stairs	988
minecraft:block	minecraft:cut_red_sandstone	565
minecraft:block	minecraft:cut_red_sandstone_slab	590
minecraft:block	minecraft:cut_sandstone	108
minecraft:block	minecraft:cut_sandstone_slab	581
minecraft:block	minecraft:cyan_banner	540
minecraft:block	minecraft:cyan_bed	119
minecraft:block	minecraft:cyan_candle	914
minecraft:block	minecraft:cyan_candle_cake	931
minecraft:block	minecraft:cyan_carpet	515
minecraft:block	minecraft:cyan_concrete	687
minecraft:block	minecraft:cyan_concrete_powder	703
minecraft:block	minecraft:cyan_glazed_terracotta	671
minecraft:block	minecraft:cyan_shulker_box	655
minecraft:block	minecraft:cyan_stained_glass	294
minecraft:block	minecraft:cyan_stained_glass_pane	477
minecraft:block	minecraft:cyan_terracotta	461
minecraft:block	minecraft:cyan_wall_banner	556
minecraft:block	minecraft:cyan_wool	149
minecraft:block	minecraft:damaged_anvil	437
minecraft:block	minecraft:dandelion	157
minecraft:block	minecraft:dark_oak_button	417
minecraft:block	minecraft:dark_oak_door	619
minecraft:block	minecraft:dark_oak_fence	610
minecraft:block	minecraft:dark_oak_fence_gate	601
minecraft:block	minecraft:dark_oak_hanging_sign	227
minecraft:block	minecraft:dark_oak_leaves	94
minecraft:block	minecraft:dark_oak_log	55
minecraft:block	minecraft:dark_oak_planks	19
minecraft:block	minecraft:dark_oak_pressure_plate	254
minecraft:block	minecraft:dark_oak_sapling	31
minecraft:block	minecraft:dark_oak_sign	203
minecraft:block	minecraft:dark_oak_slab	573
minecraft:block	minecraft:dark_oak_stairs	486
minecraft:block	minecraft:dark_oak_trapdoor	307
minecraft:block	minecraft:dark_oak_wall_hanging_sign	239
minecraft:block	minecraft:dark_oak_wall_sign	217
minecraft:block	minecraft:dark_oak_wood	77
minecraft:block	minecraft:dark_prismarine	497
minecraft:block	minecraft:dark_prismarine_slab	503
minecraft:block	minecraft:dark_prismarine_stairs	500
minecraft:block	minecraft:daylight_detector	442
minecraft:block	minecraft:dead_brain_coral	727
minecraft:block	minecraft:dead_brain_coral_block	717
minecraft:block	minecraft:dead_brain_coral_fan	737
minecraft:block	minecraft:dead_brain_coral_wall_fan	747
minecraft:block	minecraft:dead_bubble_coral	728
minecraft:block	minecraft:dead_bubble_coral_block	718
minecraft:block	minecraft:dead_bubble_coral_fan	738
minecraft:block	minecraft:dead_bubble_coral_wall_fan	748
minecraft:block	minecraft:dead_bush	132
minecraft:block	minecraft:dead_fire_coral	729
minecraft:block	minecraft:dead_fire_coral_block	719
minecraft:block	minecraft:dead_fire_coral_fan	739
minecraft:block	minecraft:dead_fire_coral_wall_fan	749
minecraft:block	minecraft:dead_horn_coral	730
minecraft:block	minecraft:dead_horn_coral_block	720
minecraft:block	minecraft:dead_horn_coral_fan	740
minecraft:block	minecraft:dead_horn_coral_wall_fan	750
minecraft:block	minecraft:dead_tube_coral	726
minecraft:block	minecraft:dead_tube_coral_block	716
minecraft:block	minecraft:dead_tube_coral_fan	736
minecraft:block	minecraft:dead_tube_coral_wall_fan	746
minecraft:block	minecraft:decorated_pot	1092
minecraft:block	minecraft:deepslate	1060
minecraft:block	minecraft:deepslate_brick_slab	1075
minecraft:block	minecraft:deepslate_brick_stairs	1074
minecraft:block	minecraft:deepslate_brick_wall	1076
minecraft:block	minecraft:deepslate_bricks	1073
minecraft:block	minecraft:deepslate_coal_ore	47
minecraft:block	minecraft:deepslate_copper_ore	972
minecraft:block	minecraft:deepslate_diamond_ore	191
minecraft:block	minecraft:deepslate_emerald_ore	368
minecraft:block	minecraft:deepslate_gold_ore	43
minecraft:block	minecraft:deepslate_iron_ore	45
minecraft:block	minecraft:deepslate_lapis_ore	103
minecraft:block	minecraft:deepslate_redstone_ore	259
minecraft:block	minecraft:deepslate_tile_slab	1071
minecraft:block	minecraft:deepslate_tile_stairs	1070
minecraft:block	minecraft:deepslate_tile_wall	1072
minecraft:block	minecraft:deepslate_tiles	1069
minecraft:block	minecraft:detector_rail	127
minecraft:block	minecraft:diamond_block	192
minecraft:block	minecraft:diamond_ore	190
minecraft:block	minecraft:diorite	4
minecraft:block	minecraft:diorite_slab	791
minecraft:block	minecraft:diorite_stairs	778
minecraft:block	minecraft:diorite_wall	804
minecraft:block	minecraft:dirt	9
minecraft:block	minecraft:dirt_path	634
minecraft:block	minecraft:dispenser	105
minecraft:block	minecraft:dragon_egg	363
minecraft:block	minecraft:dragon_head	431
minecraft:block	minecraft:dragon_wall_head	432
minecraft:block	minecraft:dried_ghast	715
minecraft:block	minecraft:dried_kelp_block	712
minecraft:block	minecraft:dripstone_block	1043
minecraft:block	minecraft:dropper	451
minecraft:block	minecraft:emerald_block	372
minecraft:block	minecraft:emerald_ore	367
minecraft:block	minecraft:enchanting_table	354
minecraft:block	minecraft:end_gateway	635
minecraft:block	minecraft:end_portal	360
minecraft:block	minecraft:end_portal_frame	361
minecraft:block	minecraft:end_rod	623
minecraft:block	minecraft:end_stone	362
minecraft:block	minecraft:end_stone_brick_slab	784
minecraft:block	minecraft:end_stone_brick_stairs	770
minecraft:block	minecraft:end_stone_brick_wall	803
minecraft:block	minecraft:end_stone_bricks	629
minecraft:block	minecraft:ender_chest	369
minecraft:block	minecraft:exposed_chiseled_copper	979
minecraft:block	minecraft:exposed_copper	968
minecraft:block	minecraft:exposed_copper_bulb	1034
minecraft:block	minecraft:exposed_copper_door	1010
minecraft:block	minecraft:exposed_copper_grate	1026
minecraft:block	minecraft:exposed_copper_trapdoor	1018
minecraft:block	minecraft:exposed_cut_copper	975
minecraft:block	minecraft:exposed_cut_copper_slab	991
minecraft:block	minecraft:exposed_cut_copper_stairs	987
minecraft:block	minecraft:farmland	195
minecraft:block	minecraft:fern	131
minecraft:block	minecraft:fire	183
minecraft:block	minecraft:fire_coral	734
minecraft:block	minecraft:fire_coral_block	724
minecraft:block	minecraft:fire_coral_fan	744
minecraft:block	minecraft:fire_coral_wall_fan	754
minecraft:block	minecraft:firefly_bush	1104
minecraft:block	minecraft:fletching_table	811
minecraft:block	minecraft:flower_pot	380
minecraft:block	minecraft:flowering_azalea	1048
minecraft:block	minecraft:flowering_azalea_leaves	98
minecraft:block	minecraft:frogspawn	1090
minecraft:block	minecraft:frosted_ice	638
minecraft:block	minecraft:furnace	196
minecraft:block	minecraft:gilded_blackstone	895
minecraft:block	minecraft:glass	101
minecraft:block	minecraft:glass_pane	328
minecraft:block	minecraft:glow_lichen	336
minecraft:block	minecraft:glowstone	279
minecraft:block	minecraft:gold_block	173
minecraft:block	minecraft:gold_ore	42
minecraft:block	minecraft:granite	2
minecraft:block	minecraft:granite_slab	787
minecraft:block	minecraft:granite_stairs	774
minecraft:block	minecraft:granite_wall	796
minecraft:block	minecraft:grass_block	8
minecraft:block	minecraft:gravel	40
minecraft:block	minecraft:gray_banner	538
minecraft:block	minecraft:gray_bed	117
minecraft:block	minecraft:gray_candle	912
minecraft:block	minecraft:gray_candle_cake	929
minecraft:block	minecraft:gray_carpet	513
minecraft:block	minecraft:gray_concrete	685
minecraft:block	minecraft:gray_concrete_powder	701
minecraft:block	minecraft:gray_glazed_terracotta	669
minecraft:block	minecraft:gray_shulker_box	653
minecraft:block	minecraft:gray_stained_glass	292
minecraft:block	minecraft:gray_stained_glass_pane	475
minecraft:block	minecraft:gray_terracotta	459
minecraft:block	minecraft:gray_wall_banner	554
minecraft:block	minecraft:gray_wool	147
minecraft:block	minecraft:green_banner	544
minecraft:block	minecraft:green_bed	123
minecraft:block	minecraft:green_candle	918
minecraft:block	minecraft:green_candle_cake	935
minecraft:block	minecraft:green_carpet	519
minecraft:block	minecraft:green_concrete	691
minecraft:block	minecraft:green_concrete_powder	707
minecraft:block	minecraft:green_glazed_terracotta	675
minecraft:block	minecraft:green_shulker_box	659
minecraft:block	minecraft:green_stained_glass	298
minecraft:block	minecraft:green_stained_glass_pane	481
minecraft:block	minecraft:green_terracotta	465
minecraft:block	minecraft:green_wall_banner	560
minecraft:block	minecraft:green_wool	153
minecraft:block	minecraft:grindstone	812
minecraft:block	minecraft:hanging_roots	1057
minecraft:block	minecraft:hay_block	505
minecraft:block	minecraft:heavy_core	1096
minecraft:block	minecraft:heavy_weighted_pressure_plate	440
minecraft:block	minecraft:honey_block	873
minecraft:block	minecraft:honeycomb_block	874
minecraft:block	minecraft:hopper	445
minecraft:block	minecraft:horn_coral	735
minecraft:block	minecraft:horn_coral_block	725
minecraft:block	minecraft:horn_coral_fan	745
minecraft:block	minecraft:horn_coral_wall_fan	755
minecraft:block	minecraft:ice	264
minecraft:block	minecraft:infested_chiseled_stone_bricks	322
minecraft:block	minecraft:infested_cobblestone	318
minecraft:block	minecraft:infested_cracked_stone_bricks	321
minecraft:block	minecraft:infested_deepslate	1080
minecraft:block	minecraft:infested_mossy_stone_bricks	320
minecraft:block	minecraft:infested_stone	317
minecraft:block	minecraft:infested_stone_bricks	319
minecraft:block	minecraft:iron_bars	326
minecraft:block	minecraft:iron_block	174
minecraft:block	minecraft:iron_door	247
minecraft:block	minecraft:iron_ore	44
minecraft:block	minecraft:iron_trapdoor	494
minecraft:block	minecraft:jack_o_lantern	282
minecraft:block	minecraft:jigsaw	866
minecraft:block	minecraft:jukebox	270
minecraft:block	minecraft:jungle_button	414
minecraft:block	minecraft:jungle_door	616
minecraft:block	minecraft:jungle_fence	607
minecraft:block	minecraft:jungle_fence_gate	598
minecraft:block	minecraft:jungle_hanging_sign	226
minecraft:block	minecraft:jungle_leaves	91
minecraft:block	minecraft:jungle_log	52
minecraft:block	minecraft:jungle_planks	16
minecraft:block	minecraft:jungle_pressure_plate	251
minecraft:block	minecraft:jungle_sapling	28
minecraft:block	minecraft:jungle_sign	202
minecraft:block	minecraft:jungle_slab	570
minecraft:block	minecraft:jungle_stairs	375
minecraft:block	minecraft:jungle_trapdoor	304
minecraft:block	minecraft:jungle_wall_hanging_sign	238
minecraft:block	minecraft:jungle_wall_sign	216
minecraft:block	minecraft:jungle_wood	74
minecraft:block	minecraft:kelp	710
minecraft:block	minecraft:kelp_plant	711
minecraft:block	minecraft:ladder	208
minecraft:block	minecraft:lantern	817
minecraft:block	minecraft:lapis_block	104
minecraft:block	minecraft:lapis_ore	102
minecraft:block	minecraft:large_amethyst_bud	941
minecraft:block	minecraft:large_fern	530
minecraft:block	minecraft:lava	36
minecraft:block	minecraft:lava_cauldron	358
minecraft:block	minecraft:leaf_litter	1052
minecraft:block	minecraft:lectern	813
minecraft:block	minecraft:lever	245
minecraft:block	minecraft:light	493
minecraft:block	minecraft:light_blue_banner	534
minecraft:block	minecraft:light_blue_bed	113
minecraft:block	minecraft:light_blue_candle	908
minecraft:block	minecraft:light_blue_candle_cake	925
minecraft:block	minecraft:light_blue_carpet	509
minecraft:block	minecraft:light_blue_concrete	681
minecraft:block	minecraft:light_blue_concrete_powder	697
minecraft:block	minecraft:light_blue_glazed_terracotta	665
minecraft:block	minecraft:light_blue_shulker_box	649
minecraft:block	minecraft:light_blue_stained_glass	288
minecraft:block	minecraft:light_blue_stained_glass_pane	471
minecraft:block	minecraft:light_blue_terracotta	455
minecraft:block	minecraft:light_blue_wall_banner	550
minecraft:block	minecraft:light_blue_wool	143
minecraft:block	minecraft:light_gray_banner	539
minecraft:block	minecraft:light_gray_bed	118
minecraft:block	minecraft:light_gray_candle	913
minecraft:block	minecraft:light_gray_candle_cake	930
minecraft:block	minecraft:light_gray_carpet	514
minecraft:block	minecraft:light_gray_concrete	686
minecraft:block	minecraft:light_gray_concrete_powder	702
minecraft:block	minecraft:light_gray_glazed_terracotta	670
minecraft:block	minecraft:light_gray_shulker_box	654
minecraft:block	minecraft:light_gray_stained_glass	293
minecraft:block	minecraft:light_gray_stained_glass_pane	476
minecraft:block	minecraft:light_gray_terracotta	460
minecraft:block	minecraft:light_gray_wall_banner	555
minecraft:block	minecraft:light_gray_wool	148
minecraft:block	minecraft:light_weighted_pressure_plate	439
minecraft:block	minecraft:lightning_rod	1041
minecraft:block	minecraft:lilac	526
minecraft:block	minecraft:lily_of_the_valley	170
minecraft:block	minecraft:lily_pad	343
minecraft:block	minecraft:lime_banner	536
minecraft:block	minecraft:lime_bed	115
minecraft:block	minecraft:lime_candle	910
minecraft:block	minecraft:lime_candle_cake	927
minecraft:block	minecraft:lime_carpet	511
minecraft:block	minecraft:lime_concrete	683
minecraft:block	minecraft:lime_concrete_powder	699
minecraft:block	minecraft:lime_glazed_terracotta	667
minecraft:block	minecraft:lime_shulker_box	651
minecraft:block	minecraft:lime_stained_glass	290
minecraft:block	minecraft:lime_stained_glass_pane	473
minecraft:block	minecraft:lime_terracotta	457
minecraft:block	minecraft:lime_wall_banner	552
minecraft:block	minecraft:lime_wool	145
minecraft:block	minecraft:lodestone	883
minecraft:block	minecraft:loom	806
minecraft:block	minecraft:magenta_banner	533
minecraft:block	minecraft:magenta_bed	112
minecraft:block	minecraft:magenta_candle	907
minecraft:block	minecraft:magenta_candle_cake	924
minecraft:block	minecraft:magenta_carpet	508
minecraft:block	minecraft:magenta_concrete	680
minecraft:block	minecraft:magenta_concrete_powder	696
minecraft:block	minecraft:magenta_glazed_terracotta	664
minecraft:block	minecraft:magenta_shulker_box	648
minecraft:block	minecraft:magenta_stained_glass	287
minecraft:block	minecraft:magenta_stained_glass_pane	470
minecraft:block	minecraft:magenta_terracotta	454
minecraft:block	minecraft:magenta_wall_banner	549
minecraft:block	minecraft:magenta_wool	142
minecraft:block	minecraft:magma_block	639
minecraft:block	minecraft:mangrove_button	419
minecraft:block	minecraft:mangrove_door	621
minecraft:block	minecraft:mangrove_fence	612
minecraft:block	minecraft:mangrove_fence_gate	603
minecraft:block	minecraft:mangrove_hanging_sign	231
minecraft:block	minecraft:mangrove_leaves	96
minecraft:block	minecraft:mangrove_log	57
minecraft:block	minecraft:mangrove_planks	22
minecraft:block	minecraft:mangrove_pressure_plate	256
minecraft:block	minecraft:mangrove_propagule	33
minecraft:block	minecraft:mangrove_roots	58
minecraft:block	minecraft:mangrove_sign	205
minecraft:block	minecraft:mangrove_slab	575
minecraft:block	minecraft:mangrove_stairs	488
minecraft:block	minecraft:mangrove_trapdoor	309
minecraft:block	minecraft:mangrove_wall_hanging_sign	241
minecraft:block	minecraft:mangrove_wall_sign	219
minecraft:block	minecraft:mangrove_wood	78
minecraft:block	minecraft:medium_amethyst_bud	942
minecraft:block	minecraft:melon	330
minecraft:block	minecraft:melon_stem	334
minecraft:block	minecraft:moss_block	1053
minecraft:block	minecraft:moss_carpet	1049
minecraft:block	minecraft:mossy_cobblestone	179
minecraft:block	minecraft:mossy_cobblestone_slab	783
minecraft:block	minecraft:mossy_cobblestone_stairs	769
minecraft:block	minecraft:mossy_cobblestone_wall	379
minecraft:block	minecraft:mossy_stone_brick_slab	781
minecraft:block	minecraft:mossy_stone_brick_stairs	767
minecraft:block	minecraft:mossy_stone_brick_wall	795
minecraft:block	minecraft:mossy_stone_bricks	312
minecraft:block	minecraft:moving_piston	156
minecraft:block	minecraft:mud	1059
minecraft:block	minecraft:mud_brick_slab	586
minecraft:block	minecraft:mud_brick_stairs	341
minecraft:block	minecraft:mud_brick_wall	798
minecraft:block	minecraft:mud_bricks	316
minecraft:block	minecraft:muddy_mangrove_roots	59
minecraft:block	minecraft:mushroom_stem	325
minecraft:block	minecraft:mycelium	342
minecraft:block	minecraft:nether_brick_fence	351
minecraft:block	minecraft:nether_brick_slab	587
minecraft:block	minecraft:nether_brick_stairs	352
minecraft:block	minecraft:nether_brick_wall	799
minecraft:block	minecraft:nether_bricks	350
minecraft:block	minecraft:nether_gold_ore	48
minecraft:block	minecraft:nether_portal	280
minecraft:block	minecraft:nether_quartz_ore	444
minecraft:block	minecraft:nether_sprouts	830
minecraft:block	minecraft:nether_wart	353
minecraft:block	minecraft:nether_wart_block	640
minecraft:block	minecraft:netherite_block	875
minecraft:block	minecraft:netherrack	272
minecraft:block	minecraft:note_block	109
minecraft:block	minecraft:oak_button	411
minecraft:block	minecraft:oak_door	207
minecraft:block	minecraft:oak_fence	271
minecraft:block	minecraft:oak_fence_gate	338
minecraft:block	minecraft:oak_hanging_sign	221
minecraft:block	minecraft:oak_leaves	88
minecraft:block	minecraft:oak_log	49
minecraft:block	minecraft:oak_planks	13
minecraft:block	minecraft:oak_pressure_plate	248
minecraft:block	minecraft:oak_sapling	25
minecraft:block	minecraft:oak_sign	197
minecraft:block	minecraft:oak_slab	567
minecraft:block	minecraft:oak_stairs	187
minecraft:block	minecraft:oak_trapdoor	301
minecraft:block	minecraft:oak_wall_hanging_sign	233
minecraft:block	minecraft:oak_wall_sign	211
minecraft:block	minecraft:oak_wood	71
minecraft:block	minecraft:observer	644
minecraft:block	minecraft:obsidian	180
minecraft:block	minecraft:ochre_froglight	1087
minecraft:block	minecraft:open_eyeblossom	1100
minecraft:block	minecraft:orange_banner	532
minecraft:block	minecraft:orange_bed	111
minecraft:block	minecraft:orange_candle	906
minecraft:block	minecraft:orange_candle_cake	923
minecraft:block	minecraft:orange_carpet	507
minecraft:block	minecraft:orange_concrete	679
minecraft:block	minecraft:orange_concrete_powder	695
minecraft:block	minecraft:orange_glazed_terracotta	663
minecraft:block	minecraft:orange_shulker_box	647
minecraft:block	minecraft:orange_stained_glass	286
minecraft:block	minecraft:orange_stained_glass_pane	469
minecraft:block	minecraft:orange_terracotta	453
minecraft:block	minecraft:orange_tulip	164
minecraft:block	minecraft:orange_wall_banner	548
minecraft:block	minecraft:orange_wool	141
minecraft:block	minecraft:oxeye_daisy	167
minecraft:block	minecraft:oxidized_chiseled_copper	977
minecraft:block	minecraft:oxidized_copper	970
minecraft:block	minecraft:oxidized_copper_bulb	1036
minecraft:block	minecraft:oxidized_copper_door	1011
minecraft:block	minecraft:oxidized_copper_grate	1028
minecraft:block	minecraft:oxidized_copper_trapdoor	1019
minecraft:block	minecraft:oxidized_cut_copper	973
minecraft:block	minecraft:oxidized_cut_copper_slab	989
minecraft:block	minecraft:oxidized_cut_copper_stairs	985
minecraft:block	minecraft:packed_ice	524
minecraft:block	minecraft:packed_mud	315
minecraft:block	minecraft:pale_hanging_moss	1099
minecraft:block	minecraft:pale_moss_block	1097
minecraft:block	minecraft:pale_moss_carpet	1098
minecraft:block	minecraft:pale_oak_button	418
minecraft:block	minecraft:pale_oak_door	620
minecraft:block	minecraft:pale_oak_fence	611
minecraft:block	minecraft:pale_oak_fence_gate	602
minecraft:block	minecraft:pale_oak_hanging_sign	228
minecraft:block	minecraft:pale_oak_leaves	95
minecraft:block	minecraft:pale_oak_log	56
minecraft:block	minecraft:pale_oak_planks	21
minecraft:block	minecraft:pale_oak_pressure_plate	255
minecraft:block	minecraft:pale_oak_sapling	32
minecraft:block	minecraft:pale_oak_sign	204
minecraft:block	minecraft:pale_oak_slab	574
minecraft:block	minecraft:pale_oak_stairs	487
minecraft:block	minecraft:pale_oak_trapdoor	308
minecraft:block	minecraft:pale_oak_wall_hanging_sign	240
minecraft:block	minecraft:pale_oak_wall_sign	218
minecraft:block	minecraft:pale_oak_wood	20
minecraft:block	minecraft:pearlescent_froglight	1089
minecraft:block	minecraft:peony	528
minecraft:block	minecraft:petrified_oak_slab	582
minecraft:block	minecraft:piglin_head	433
minecraft:block	minecraft:piglin_wall_head	434
minecraft:block	minecraft:pink_banner	537
minecraft:block	minecraft:pink_bed	116
minecraft:block	minecraft:pink_candle	911
minecraft:block	minecraft:pink_candle_cake	928
minecraft:block	minecraft:pink_carpet	512
minecraft:block	minecraft:pink_concrete	684
minecraft:block	minecraft:pink_concrete_powder	700
minecraft:block	minecraft:pink_glazed_terracotta	668
minecraft:block	minecraft:pink_petals	1050
minecraft:block	minecraft:pink_shulker_box	652
minecraft:block	minecraft:pink_stained_glass	291
minecraft:block	minecraft:pink_stained_glass_pane	474
minecraft:block	minecraft:pink_terracotta	458
minecraft:block	minecraft:pink_tulip	166
minecraft:block	minecraft:pink_wall_banner	553
minecraft:block	minecraft:pink_wool	146
minecraft:block	minecraft:piston	138
minecraft:block	minecraft:piston_head	139
minecraft:block	minecraft:pitcher_crop	631
minecraft:block	minecraft:pitcher_plant	632
minecraft:block	minecraft:player_head	427
minecraft:block	minecraft:player_wall_head	428
minecraft:block	minecraft:podzol	11
minecraft:block	minecraft:pointed_dripstone	1042
minecraft:block	minecraft:polished_andesite	7
minecraft:block	minecraft:polished_andesite_slab	790
minecraft:block	minecraft:polished_andesite_stairs	777
minecraft:block	minecraft:polished_basalt	276
minecraft:block	minecraft:polished_blackstone	888
minecraft:block	minecraft:polished_blackstone_brick_slab	892
minecraft:block	minecraft:polished_blackstone_brick_stairs	893
minecraft:block	minecraft:polished_blackstone_brick_wall	894
minecraft:block	minecraft:polished_blackstone_bricks	889
minecraft:block	minecraft:polished_blackstone_button	899
minecraft:block	minecraft:polished_blackstone_pressure_plate	898
minecraft:block	minecraft:polished_blackstone_slab	897
minecraft:block	minecraft:polished_blackstone_stairs	896
minecraft:block	minecraft:polished_blackstone_wall	900
minecraft:block	minecraft:polished_deepslate	1065
minecraft:block	minecraft:polished_deepslate_slab	1067
minecraft:block	minecraft:polished_deepslate_stairs	1066
minecraft:block	minecraft:polished_deepslate_wall	1068
minecraft:block	minecraft:polished_diorite	5
minecraft:block	minecraft:polished_diorite_slab	782
minecraft:block	minecraft:polished_diorite_stairs	768
minecraft:block	minecraft:polished_granite	3
minecraft:block	minecraft:polished_granite_slab	779
minecraft:block	minecraft:polished_granite_stairs	765
minecraft:block	minecraft:polished_tuff	948
minecraft:block	minecraft:polished_tuff_slab	949
minecraft:block	minecraft:polished_tuff_stairs	950
minecraft:block	minecraft:polished_tuff_wall	951
minecraft:block	minecraft:poppy	159
minecraft:block	minecraft:potatoes	410
minecraft:block	minecraft:potted_acacia_sapling	386
minecraft:block	minecraft:potted_allium	395
minecraft:block	minecraft:potted_azalea_bush	1085
minecraft:block	minecraft:potted_azure_bluet	396
minecraft:block	minecraft:potted_bamboo	761
minecraft:block	minecraft:potted_birch_sapling	384
minecraft:block	minecraft:potted_blue_orchid	394
minecraft:block	minecraft:potted_brown_mushroom	406
minecraft:block	minecraft:potted_cactus	408
minecraft:block	minecraft:potted_cherry_sapling	387
minecraft:block	minecraft:potted_closed_eyeblossom	1103
minecraft:block	minecraft:potted_cornflower	402
minecraft:block	minecraft:potted_crimson_fungus	879
minecraft:block	minecraft:potted_crimson_roots	881
minecraft:block	minecraft:potted_dandelion	392
minecraft:block	minecraft:potted_dark_oak_sapling	388
minecraft:block	minecraft:potted_dead_bush	407
minecraft:block	minecraft:potted_fern	391
minecraft:block	minecraft:potted_flowering_azalea_bush	1086
minecraft:block	minecraft:potted_jungle_sapling	385
minecraft:block	minecraft:potted_lily_of_the_valley	403
minecraft:block	minecraft:potted_mangrove_propagule	390
minecraft:block	minecraft:potted_oak_sapling	382
minecraft:block	minecraft:potted_open_eyeblossom	1102
minecraft:block	minecraft:potted_orange_tulip	398
minecraft:block	minecraft:potted_oxeye_daisy	401
minecraft:block	minecraft:potted_pale_oak_sapling	389
minecraft:block	minecraft:potted_pink_tulip	400
minecraft:block	minecraft:potted_poppy	393
minecraft:block	minecraft:potted_red_mushroom	405
minecraft:block	minecraft:potted_red_tulip	397
minecraft:block	minecraft:potted_spruce_sapling	383
minecraft:block	minecraft:potted_torchflower	381
minecraft:block	minecraft:potted_warped_fungus	880
minecraft:block	minecraft:potted_warped_roots	882
minecraft:block	minecraft:potted_white_tulip	399
minecraft:block	minecraft:potted_wither_rose	404
minecraft:block	minecraft:powder_snow	960
minecraft:block	minecraft:powder_snow_cauldron	359
minecraft:block	minecraft:powered_rail	126
minecraft:block	minecraft:prismarine	495
minecraft:block	minecraft:prismarine_brick_slab	502
minecraft:block	minecraft:prismarine_brick_stairs	499
minecraft:block	minecraft:prismarine_bricks	496
minecraft:block	minecraft:prismarine_slab	501
minecraft:block	minecraft:prismarine_stairs	498
minecraft:block	minecraft:prismarine_wall	793
minecraft:block	minecraft:pumpkin	329
minecraft:block	minecraft:pumpkin_stem	333
minecraft:block	minecraft:purple_banner	541
minecraft:block	minecraft:purple_bed	120
minecraft:block	minecraft:purple_candle	915
minecraft:block	minecraft:purple_candle_cake	932
minecraft:block	minecraft:purple_carpet	516
minecraft:block	minecraft:purple_concrete	688
minecraft:block	minecraft:purple_concrete_powder	704
minecraft:block	minecraft:purple_glazed_terracotta	672
minecraft:block	minecraft:purple_shulker_box	656
minecraft:block	minecraft:purple_stained_glass	295
minecraft:block	minecraft:purple_stained_glass_pane	478
minecraft:block	minecraft:purple_terracotta	462
minecraft:block	minecraft:purple_wall_banner	557
minecraft:block	minecraft:purple_wool	150
minecraft:block	minecraft:purpur_block	626
minecraft:block	minecraft:purpur_pillar	627
minecraft:block	minecraft:purpur_slab	591
minecraft:block	minecraft:purpur_stairs	628
minecraft:block	minecraft:quartz_block	446
minecraft:block	minecraft:quartz_bricks	903
minecraft:block	minecraft:quartz_pillar	448
minecraft:block	minecraft:quartz_slab	588
minecraft:block	minecraft:quartz_stairs	449
minecraft:block	minecraft:rail	209
minecraft:block	minecraft:raw_copper_block	1083
minecraft:block	minecraft:raw_gold_block	1084
minecraft:block	minecraft:raw_iron_block	1082
minecraft:block	minecraft:red_banner	545
minecraft:block	minecraft:red_bed	124
minecraft:block	minecraft:red_candle	919
minecraft:block	minecraft:red_candle_cake	936
minecraft:block	minecraft:red_carpet	520
minecraft:block	minecraft:red_concrete	692
minecraft:block	minecraft:red_concrete_powder	708
minecraft:block	minecraft:red_glazed_terracotta	676
minecraft:block	minecraft:red_mushroom	172
minecraft:block	minecraft:red_mushroom_block	324
minecraft:block	minecraft:red_nether_brick_slab	789
minecraft:block	minecraft:red_nether_brick_stairs	776
minecraft:block	minecraft:red_nether_brick_wall	801
minecraft:block	minecraft:red_nether_bricks	641
minecraft:block	minecraft:red_sand	39
minecraft:block	minecraft:red_sandstone	563
minecraft:block	minecraft:red_sandstone_slab	589
minecraft:block	minecraft:red_sandstone_stairs	566
minecraft:block	minecraft:red_sandstone_wall	794
minecraft:block	minecraft:red_shulker_box	660
minecraft:block	minecraft:red_stained_glass	299
minecraft:block	minecraft:red_stained_glass_pane	482
minecraft:block	minecraft:red_terracotta	466
minecraft:block	minecraft:red_tulip	163
minecraft:block	minecraft:red_wall_banner	561
minecraft:block	minecraft:red_wool	154
minecraft:block	minecraft:redstone_block	443
minecraft:block	minecraft:redstone_lamp	364
minecraft:block	minecraft:redstone_ore	258
minecraft:block	minecraft:redstone_torch	260
minecraft:block	minecraft:redstone_wall_torch	261
minecraft:block	minecraft:redstone_wire	189
minecraft:block	minecraft:reinforced_deepslate	1091
minecraft:block	minecraft:repeater	284
minecraft:block	minecraft:repeating_command_block	636
minecraft:block	minecraft:resin_block	344
minecraft:block	minecraft:resin_brick_slab	347
minecraft:block	minecraft:resin_brick_stairs	346
minecraft:block	minecraft:resin_brick_wall	348
minecraft:block	minecraft:resin_bricks	345
minecraft:block	minecraft:resin_clump	337
minecraft:block	minecraft:respawn_anchor	878
minecraft:block	minecraft:rooted_dirt	1058
minecraft:block	minecraft:rose_bush	527
minecraft:block	minecraft:sand	37
minecraft:block	minecraft:sandstone	106
minecraft:block	minecraft:sandstone_slab	580
minecraft:block	minecraft:sandstone_stairs	366
minecraft:block	minecraft:sandstone_wall	802
minecraft:block	minecraft:scaffolding	805
minecraft:block	minecraft:sculk	963
minecraft:block	minecraft:sculk_catalyst	965
minecraft:block	minecraft:sculk_sensor	961
minecraft:block	minecraft:sculk_shrieker	966
minecraft:block	minecraft:sculk_vein	964
minecraft:block	minecraft:sea_lantern	504
minecraft:block	minecraft:sea_pickle	756
minecraft:block	minecraft:seagrass	136
minecraft:block	minecraft:short_dry_grass	134
minecraft:block	minecraft:short_grass	130
minecraft:block	minecraft:shroomlight	837
minecraft:block	minecraft:shulker_box	645
minecraft:block	minecraft:skeleton_skull	421
minecraft:block	minecraft:skeleton_wall_skull	422
minecraft:block	minecraft:slime_block	491
minecraft:block	minecraft:small_amethyst_bud	943
minecraft:block	minecraft:small_dripleaf	1056
minecraft:block	minecraft:smithing_table	814
minecraft:block	minecraft:smoker	808
minecraft:block	minecraft:smooth_basalt	1081
minecraft:block	minecraft:smooth_quartz	594
minecraft:block	minecraft:smooth_quartz_slab	786
minecraft:block	minecraft:smooth_quartz_stairs	773
minecraft:block	minecraft:smooth_red_sandstone	595
minecraft:block	minecraft:smooth_red_sandstone_slab	780
minecraft:block	minecraft:smooth_red_sandstone_stairs	766
minecraft:block	minecraft:smooth_sandstone	593
minecraft:block	minecraft:smooth_sandstone_slab	785
minecraft:block	minecraft:smooth_sandstone_stairs	772
minecraft:block	minecraft:smooth_stone	592
minecraft:block	minecraft:smooth_stone_slab	579
minecraft:block	minecraft:sniffer_egg	714
minecraft:block	minecraft:snow	263
minecraft:block	minecraft:snow_block	265
minecraft:block	minecraft:soul_campfire	820
minecraft:block	minecraft:soul_fire	184
minecraft:block	minecraft:soul_lantern	818
minecraft:block	minecraft:soul_sand	273
minecraft:block	minecraft:soul_soil	274
minecraft:block	minecraft:soul_torch	277
minecraft:block	minecraft:soul_wall_torch	278
minecraft:block	minecraft:spawner	185
minecraft:block	minecraft:sponge	99
minecraft:block	minecraft:spore_blossom	1046
minecraft:block	minecraft:spruce_button	412
minecraft:block	minecraft:spruce_door	614
minecraft:block	minecraft:spruce_fence	605
minecraft:block	minecraft:spruce_fence_gate	596
minecraft:block	minecraft:spruce_hanging_sign	222
minecraft:block	minecraft:spruce_leaves	89
minecraft:block	minecraft:spruce_log	50
minecraft:block	minecraft:spruce_planks	14
minecraft:block	minecraft:spruce_pressure_plate	249
minecraft:block	minecraft:spruce_sapling	26
minecraft:block	minecraft:spruce_sign	198
minecraft:block	minecraft:spruce_slab	568
minecraft:block	minecraft:spruce_stairs	373
minecraft:block	minecraft:spruce_trapdoor	302
minecraft:block	minecraft:spruce_wall_hanging_sign	234
minecraft:block	minecraft:spruce_wall_sign	212
minecraft:block	minecraft:spruce_wood	72
minecraft:block	minecraft:sticky_piston	128
minecraft:block	minecraft:stone	1
minecraft:block	minecraft:stone_brick_slab	585
minecraft:block	minecraft:stone_brick_stairs	340
minecraft:block	minecraft:stone_brick_wall	797
minecraft:block	minecraft:stone_bricks	311
minecraft:block	minecraft:stone_button	262
minecraft:block	minecraft:stone_pressure_plate	246
minecraft:block	minecraft:stone_slab	578
minecraft:block	minecraft:stone_stairs	771
minecraft:block	minecraft:stonecutter	815
minecraft:block	minecraft:stripped_acacia_log	64
minecraft:block	minecraft:stripped_acacia_wood	83
minecraft:block	minecraft:stripped_bamboo_block	70
minecraft:block	minecraft:stripped_birch_log	62
minecraft:block	minecraft:stripped_birch_wood	81
minecraft:block	minecraft:stripped_cherry_log	65
minecraft:block	minecraft:stripped_cherry_wood	84
minecraft:block	minecraft:stripped_crimson_hyphae	834
minecraft:block	minecraft:stripped_crimson_stem	832
minecraft:block	minecraft:stripped_dark_oak_log	66
minecraft:block	minecraft:stripped_dark_oak_wood	85
minecraft:block	minecraft:stripped_jungle_log	63
minecraft:block	minecraft:stripped_jungle_wood	82
minecraft:block	minecraft:stripped_mangrove_log	69
minecraft:block	minecraft:stripped_mangrove_wood	87
minecraft:block	minecraft:stripped_oak_log	68
minecraft:block	minecraft:stripped_oak_wood	79
minecraft:block	minecraft:stripped_pale_oak_log	67
minecraft:block	minecraft:stripped_pale_oak_wood	86
minecraft:block	minecraft:stripped_spruce_log	61
minecraft:block	minecraft:stripped_spruce_wood	80
minecraft:block	minecraft:stripped_warped_hyphae	825
minecraft:block	minecraft:stripped_warped_stem	823
minecraft:block	minecraft:structure_block	865
minecraft:block	minecraft:structure_void	643
minecraft:block	minecraft:sugar_cane	269
minecraft:block	minecraft:sunflower	525
minecraft:block	minecraft:suspicious_gravel	41
minecraft:block	minecraft:suspicious_sand	38
minecraft:block	minecraft:sweet_berry_bush	821
minecraft:block	minecraft:tall_dry_grass	135
minecraft:block	minecraft:tall_grass	529
minecraft:block	minecraft:tall_seagrass	137
minecraft:block	minecraft:target	870
minecraft:block	minecraft:terracotta	522
minecraft:block	minecraft:test_block	867
minecraft:block	minecraft:test_instance_block	868
minecraft:block	minecraft:tinted_glass	959
minecraft:block	minecraft:tnt	176
minecraft:block	minecraft:torch	181
minecraft:block	minecraft:torchflower	158
minecraft:block	minecraft:torchflower_crop	630
minecraft:block	minecraft:trapped_chest	438
minecraft:block	minecraft:trial_spawner	1094
minecraft:block	minecraft:tripwire	371
minecraft:block	minecraft:tripwire_hook	370
minecraft:block	minecraft:tube_coral	731
minecraft:block	minecraft:tube_coral_block	721
minecraft:block	minecraft:tube_coral_fan	741
minecraft:block	minecraft:tube_coral_wall_fan	751
minecraft:block	minecraft:tuff	944
minecraft:block	minecraft:tuff_brick_slab	954
minecraft:block	minecraft:tuff_brick_stairs	955
minecraft:block	minecraft:tuff_brick_wall	956
minecraft:block	minecraft:tuff_bricks	953
minecraft:block	minecraft:tuff_slab	945
minecraft:block	minecraft:tuff_stairs	946
minecraft:block	minecraft:tuff_wall	947
minecraft:block	minecraft:turtle_egg	713
minecraft:block	minecraft:twisting_vines	840
minecraft:block	minecraft:twisting_vines_plant	841
minecraft:block	minecraft:vault	1095
minecraft:block	minecraft:verdant_froglight	1088
minecraft:block	minecraft:vine	335
minecraft:block	minecraft:void_air	762
minecraft:block	minecraft:wall_torch	182
minecraft:block	minecraft:warped_button	858
minecraft:block	minecraft:warped_door	860
minecraft:block	minecraft:warped_fence	850
minecraft:block	minecraft:warped_fence_gate	854
minecraft:block	minecraft:warped_fungus	827
minecraft:block	minecraft:warped_hanging_sign	230
minecraft:block	minecraft:warped_hyphae	824
minecraft:block	minecraft:warped_nylium	826
minecraft:block	minecraft:warped_planks	844
minecraft:block	minecraft:warped_pressure_plate	848
minecraft:block	minecraft:warped_roots	829
minecraft:block	minecraft:warped_sign	862
minecraft:block	minecraft:warped_slab	846
minecraft:block	minecraft:warped_stairs	856
minecraft:block	minecraft:warped_stem	822
minecraft:block	minecraft:warped_trapdoor	852
minecraft:block	minecraft:warped_wall_hanging_sign	243
minecraft:block	minecraft:warped_wall_sign	864
minecraft:block	minecraft:warped_wart_block	828
minecraft:block	minecraft:water	35
minecraft:block	minecraft:water_cauldron	357
minecraft:block	minecraft:waxed_chiseled_copper	984
minecraft:block	minecraft:waxed_copper_block	993
minecraft:block	minecraft:waxed_copper_bulb	1037
minecraft:block	minecraft:waxed_copper_door	1013
minecraft:block	minecraft:waxed_copper_grate	1029
minecraft:block	minecraft:waxed_copper_trapdoor	1021
minecraft:block	minecraft:waxed_cut_copper	1000
minecraft:block	minecraft:waxed_cut_copper_slab	1008
minecraft:block	minecraft:waxed_cut_copper_stairs	1004
minecraft:block	minecraft:waxed_exposed_chiseled_copper	983
minecraft:block	minecraft:waxed_exposed_copper	995
minecraft:block	minecraft:waxed_exposed_copper_bulb	1038
minecraft:block	minecraft:waxed_exposed_copper_door	1014
minecraft:block	minecraft:waxed_exposed_copper_grate	1030
minecraft:block	minecraft:waxed_exposed_copper_trapdoor	1022
minecraft:block	minecraft:waxed_exposed_cut_copper	999
minecraft:block	minecraft:waxed_exposed_cut_copper_slab	1007
minecraft:block	minecraft:waxed_exposed_cut_copper_stairs	1003
minecraft:block	minecraft:waxed_oxidized_chiseled_copper	981
minecraft:block	minecraft:waxed_oxidized_copper	996
minecraft:block	minecraft:waxed_oxidized_copper_bulb	1040
minecraft:block	minecraft:waxed_oxidized_copper_door	1015
minecraft:block	minecraft:waxed_oxidized_copper_grate	1032
minecraft:block	minecraft:waxed_oxidized_copper_trapdoor	1023
minecraft:block	minecraft:waxed_oxidized_cut_copper	997
minecraft:block	minecraft:waxed_oxidized_cut_copper_slab	1005
minecraft:block	minecraft:waxed_oxidized_cut_copper_stairs	1001
minecraft:block	minecraft:waxed_weathered_chiseled_copper	982
minecraft:block	minecraft:waxed_weathered_copper	994
minecraft:block	minecraft:waxed_weathered_copper_bulb	1039
minecraft:block	minecraft:waxed_weathered_copper_door	1016
minecraft:block	minecraft:waxed_weathered_copper_grate	1031
minecraft:block	minecraft:waxed_weathered_copper_trapdoor	1024
minecraft:block	minecraft:waxed_weathered_cut_copper	998
minecraft:block	minecraft:waxed_weathered_cut_copper_slab	1006
minecraft:block	minecraft:waxed_weathered_cut_copper_stairs	1002
minecraft:block	minecraft:weathered_chiseled_copper	978
minecraft:block	minecraft:weathered_copper	969
minecraft:block	minecraft:weathered_copper_bulb	1035
minecraft:block	minecraft:weathered_copper_door	1012
minecraft:block	minecraft:weathered_copper_grate	1027
minecraft:block	minecraft:weathered_copper_trapdoor	1020
minecraft:block	minecraft:weathered_cut_copper	974
minecraft:block	minecraft:weathered_cut_copper_slab	990
minecraft:block	minecraft:weathered_cut_copper_stairs	986
minecraft:block	minecraft:weeping_vines	838
minecraft:block	minecraft:weeping_vines_plant	839
minecraft:block	minecraft:wet_sponge	100
minecraft:block	minecraft:wheat	194
minecraft:block	minecraft:white_banner	531
minecraft:block	minecraft:white_bed	110
minecraft:block	minecraft:white_candle	905
minecraft:block	minecraft:white_candle_cake	922
minecraft:block	minecraft:white_carpet	506
minecraft:block	minecraft:white_concrete	678
minecraft:block	minecraft:white_concrete_powder	694
minecraft:block	minecraft:white_glazed_terracotta	662
minecraft:block	minecraft:white_shulker_box	646
minecraft:block	minecraft:white_stained_glass	285
minecraft:block	minecraft:white_stained_glass_pane	468
minecraft:block	minecraft:white_terracotta	452
minecraft:block	minecraft:white_tulip	165
minecraft:block	minecraft:white_wall_banner	547
minecraft:block	minecraft:white_wool	140
minecraft:block	minecraft:wildflowers	1051
minecraft:block	minecraft:wither_rose	169
minecraft:block	minecraft:wither_skeleton_skull	423
minecraft:block	minecraft:wither_skeleton_wall_skull	424
minecraft:block	minecraft:yellow_banner	535
minecraft:block	minecraft:yellow_bed	114
minecraft:block	minecraft:yellow_candle	909
minecraft:block	minecraft:yellow_candle_cake	926
minecraft:block	minecraft:yellow_carpet	510
minecraft:block	minecraft:yellow_concrete	682
minecraft:block	minecraft:yellow_concrete_powder	698
minecraft:block	minecraft:yellow_glazed_terracotta	666
minecraft:block	minecraft:yellow_shulker_box	650
minecraft:block	minecraft:yellow_stained_glass	289
minecraft:block	minecraft:yellow_stained_glass_pane	472
minecraft:block	minecraft:yellow_terracotta	456
minecraft:block	minecraft:yellow_wall_banner	551
minecraft:block	minecraft:yellow_wool	144
minecraft:block	minecraft:zombie_head	425
minecraft:block	minecraft:zombie_wall_head	426
minecraft:block_entity_type	minecraft:banner	20
minecraft:block_entity_type	minecraft:barrel	27
minecraft:block_entity_type	minecraft:beacon	15
minecraft:block_entity_type	minecraft:bed	25
minecraft:block_entity_type	minecraft:beehive	34
minecraft:block_entity_type	minecraft:bell	31
minecraft:block_entity_type	minecraft:blast_furnace	29
minecraft:block_entity_type	minecraft:brewing_stand	12
minecraft:block_entity_type	minecraft:brushable_block	40
minecraft:block_entity_type	minecraft:calibrated_sculk_sensor	36
minecraft:block_entity_type	minecraft:campfire	33
minecraft:block_entity_type	minecraft:chest	1
minecraft:block_entity_type	minecraft:chiseled_bookshelf	39
minecraft:block_entity_type	minecraft:command_block	23
minecraft:block_entity_type	minecraft:comparator	19
minecraft:block_entity_type	minecraft:conduit	26
minecraft:block_entity_type	minecraft:crafter	42
minecraft:block_entity_type	minecraft:creaking_heart	10
minecraft:block_entity_type	minecraft:daylight_detector	17
minecraft:block_entity_type	minecraft:decorated_pot	41
minecraft:block_entity_type	minecraft:dispenser	5
minecraft:block_entity_type	minecraft:dropper	6
minecraft:block_entity_type	minecraft:enchanting_table	13
minecraft:block_entity_type	minecraft:end_gateway	22
minecraft:block_entity_type	minecraft:end_portal	14
minecraft:block_entity_type	minecraft:ender_chest	3
minecraft:block_entity_type	minecraft:furnace	0
minecraft:block_entity_type	minecraft:hanging_sign	8
minecraft:block_entity_type	minecraft:hopper	18
minecraft:block_entity_type	minecraft:jigsaw	32
minecraft:block_entity_type	minecraft:jukebox	4
minecraft:block_entity_type	minecraft:lectern	30
minecraft:block_entity_type	minecraft:mob_spawner	9
minecraft:block_entity_type	minecraft:piston	11
minecraft:block_entity_type	minecraft:sculk_catalyst	37
minecraft:block_entity_type	minecraft:sculk_sensor	35
minecraft:block_entity_type	minecraft:sculk_shrieker	38
minecraft:block_entity_type	minecraft:shulker_box	24
minecraft:block_entity_type	minecraft:sign	7
minecraft:block_entity_type	minecraft:skull	16
minecraft:block_entity_type	minecraft:smoker	28
minecraft:block_entity_type	minecraft:structure_block	21
minecraft:block_entity_type	minecraft:test_block	45
minecraft:block_entity_type	minecraft:test_instance_block	46
minecraft:block_entity_type	minecraft:trapped_chest	2
minecraft:block_entity_type	minecraft:trial_spawner	43
minecraft:block_entity_type	minecraft:vault	44
minecraft:block_predicate_type	minecraft:all_of	9
minecraft:block_predicate_type	minecraft:any_of	8
minecraft:block_predicate_type	minecraft:has_sturdy_face	3
minecraft:block_predicate_type	minecraft:inside_world_bounds	7
minecraft:block_predicate_type	minecraft:matching_block_tag	1
minecraft:block_predicate_type	minecraft:matching_blocks	0
minecraft:block_predicate_type	minecraft:matching_fluids	2
minecraft:block_predicate_type	minecraft:not	10
minecraft:block_predicate_type	minecraft:replaceable	5
minecraft:block_predicate_type	minecraft:solid	4
minecraft:block_predicate_type	minecraft:true	11
minecraft:block_predicate_type	minecraft:unobstructed	12
minecraft:block_predicate_type	minecraft:would_survive	6
minecraft:block_type	minecraft:air	1
minecraft:block_type	minecraft:amethyst	2
minecraft:block_type	minecraft:amethyst_cluster	3
minecraft:block_type	minecraft:anvil	4
minecraft:block_type	minecraft:attached_stem	5
minecraft:block_type	minecraft:azalea	6
minecraft:block_type	minecraft:bamboo_sapling	7
minecraft:block_type	minecraft:bamboo_stalk	8
minecraft:block_type	minecraft:banner	9
minecraft:block_type	minecraft:barrel	10
minecraft:block_type	minecraft:barrier	11
minecraft:block_type	minecraft:base_coral_fan	12
minecraft:block_type	minecraft:base_coral_plant	13
minecraft:block_type	minecraft:base_coral_wall_fan	14
minecraft:block_type	minecraft:beacon	15
minecraft:block_type	minecraft:bed	16
minecraft:block_type	minecraft:beehive	17
minecraft:block_type	minecraft:beetroot	18
minecraft:block_type	minecraft:bell	19
minecraft:block_type	minecraft:big_dripleaf	20
minecraft:block_type	minecraft:big_dripleaf_stem	21
minecraft:block_type	minecraft:blast_furnace	22
minecraft:block_type	minecraft:block	0
minecraft:block_type	minecraft:bonemealable_feature_placer	84
minecraft:block_type	minecraft:brewing_stand	23
minecraft:block_type	minecraft:brushable	24
minecraft:block_type	minecraft:bubble_column	25
minecraft:block_type	minecraft:budding_amethyst	26
minecraft:block_type	minecraft:bush	27
minecraft:block_type	minecraft:button	28
minecraft:block_type	minecraft:cactus	29
minecraft:block_type	minecraft:cactus_flower	30
minecraft:block_type	minecraft:cake	31
minecraft:block_type	minecraft:calibrated_sculk_sensor	32
minecraft:block_type	minecraft:campfire	33
minecraft:block_type	minecraft:candle	35
minecraft:block_type	minecraft:candle_cake	34
minecraft:block_type	minecraft:carpet	36
minecraft:block_type	minecraft:carrot	37
minecraft:block_type	minecraft:cartography_table	38
minecraft:block_type	minecraft:cauldron	39
minecraft:block_type	minecraft:cave_vines	40
minecraft:block_type	minecraft:cave_vines_plant	41
minecraft:block_type	minecraft:ceiling_hanging_sign	42
minecraft:block_type	minecraft:chain	43
minecraft:block_type	minecraft:chest	44
minecraft:block_type	minecraft:chiseled_book_shelf	45
minecraft:block_type	minecraft:chorus_flower	46
minecraft:block_type	minecraft:chorus_plant	47
minecraft:block_type	minecraft:cocoa	48
minecraft:block_type	minecraft:colored_falling	49
minecraft:block_type	minecraft:command	50
minecraft:block_type	minecraft:comparator	51
minecraft:block_type	minecraft:composter	52
minecraft:block_type	minecraft:concrete_powder	53
minecraft:block_type	minecraft:conduit	54
minecraft:block_type	minecraft:copper_bulb_block	55
minecraft:block_type	minecraft:coral	56
minecraft:block_type	minecraft:coral_fan	57
minecraft:block_type	minecraft:coral_plant	58
minecraft:block_type	minecraft:coral_wall_fan	59
minecraft:block_type	minecraft:crafter	60
minecraft:block_type	minecraft:crafting_table	61
minecraft:block_type	minecraft:creaking_heart	194
minecraft:block_type	minecraft:crop	62
minecraft:block_type	minecraft:crying_obsidian	63
minecraft:block_type	minecraft:daylight_detector	64
minecraft:block_type	minecraft:decorated_pot	66
minecraft:block_type	minecraft:detector_rail	67
minecraft:block_type	minecraft:dirt_path	68
minecraft:block_type	minecraft:dispenser	69
minecraft:block_type	minecraft:door	70
minecraft:block_type	minecraft:double_plant	71
minecraft:block_type	minecraft:dragon_egg	72
minecraft:block_type	minecraft:dried_ghast	73
minecraft:block_type	minecraft:drop_experience	74
minecraft:block_type	minecraft:dropper	75
minecraft:block_type	minecraft:dry_vegetation	65
minecraft:block_type	minecraft:enchantment_table	76
minecraft:block_type	minecraft:end_gateway	78
minecraft:block_type	minecraft:end_portal	79
minecraft:block_type	minecraft:end_portal_frame	80
minecraft:block_type	minecraft:end_rod	81
minecraft:block_type	minecraft:ender_chest	77
minecraft:block_type	minecraft:eyeblossom	82
minecraft:block_type	minecraft:farm	83
minecraft:block_type	minecraft:fence	85
minecraft:block_type	minecraft:fence_gate	86
minecraft:block_type	minecraft:fire	87
minecraft:block_type	minecraft:firefly_bush	88
minecraft:block_type	minecraft:fletching_table	89
minecraft:block_type	minecraft:flower	90
minecraft:block_type	minecraft:flower_bed	146
minecraft:block_type	minecraft:flower_pot	91
minecraft:block_type	minecraft:frogspawn	92
minecraft:block_type	minecraft:frosted_ice	93
minecraft:block_type	minecraft:fungus	94
minecraft:block_type	minecraft:furnace	95
minecraft:block_type	minecraft:glazed_terracotta	96
minecraft:block_type	minecraft:glow_lichen	97
minecraft:block_type	minecraft:grass	98
minecraft:block_type	minecraft:grindstone	99
minecraft:block_type	minecraft:half_transparent	100
minecraft:block_type	minecraft:hanging_moss	101
minecraft:block_type	minecraft:hanging_roots	102
minecraft:block_type	minecraft:hay	103
minecraft:block_type	minecraft:heavy_core	104
minecraft:block_type	minecraft:honey	105
minecraft:block_type	minecraft:hopper	106
minecraft:block_type	minecraft:huge_mushroom	107
minecraft:block_type	minecraft:ice	108
minecraft:block_type	minecraft:infested	109
minecraft:block_type	minecraft:infested_rotated_pillar	110
minecraft:block_type	minecraft:iron_bars	111
minecraft:block_type	minecraft:jack_o_lantern	112
minecraft:block_type	minecraft:jigsaw	113
minecraft:block_type	minecraft:jukebox	114
minecraft:block_type	minecraft:kelp	115
minecraft:block_type	minecraft:kelp_plant	116
minecraft:block_type	minecraft:ladder	117
minecraft:block_type	minecraft:lantern	118
minecraft:block_type	minecraft:lava_cauldron	119
minecraft:block_type	minecraft:layered_cauldron	120
minecraft:block_type	minecraft:leaf_litter	121
minecraft:block_type	minecraft:lectern	122
minecraft:block_type	minecraft:lever	123
minecraft:block_type	minecraft:light	124
minecraft:block_type	minecraft:lightning_rod	125
minecraft:block_type	minecraft:liquid	126
minecraft:block_type	minecraft:loom	127
minecraft:block_type	minecraft:magma	128
minecraft:block_type	minecraft:mangrove_leaves	129
minecraft:block_type	minecraft:mangrove_propagule	130
minecraft:block_type	minecraft:mangrove_roots	131
minecraft:block_type	minecraft:mossy_carpet	132
minecraft:block_type	minecraft:moving_piston	133
minecraft:block_type	minecraft:mud	134
minecraft:block_type	minecraft:multiface	135
minecraft:block_type	minecraft:mushroom	136
minecraft:block_type	minecraft:mycelium	137
minecraft:block_type	minecraft:nether_portal	138
minecraft:block_type	minecraft:nether_sprouts	140
minecraft:block_type	minecraft:nether_wart	141
minecraft:block_type	minecraft:netherrack	139
minecraft:block_type	minecraft:note	142
minecraft:block_type	minecraft:nylium	143
minecraft:block_type	minecraft:observer	144
minecraft:block_type	minecraft:piglinwallskull	145
minecraft:block_type	minecraft:piston_base	147
minecraft:block_type	minecraft:piston_head	148
minecraft:block_type	minecraft:pitcher_crop	149
minecraft:block_type	minecraft:player_head	150
minecraft:block_type	minecraft:player_wall_head	151
minecraft:block_type	minecraft:pointed_dripstone	152
minecraft:block_type	minecraft:potato	153
minecraft:block_type	minecraft:powder_snow	154
minecraft:block_type	minecraft:powered	155
minecraft:block_type	minecraft:powered_rail	156
minecraft:block_type	minecraft:pressure_plate	157
minecraft:block_type	minecraft:pumpkin	158
minecraft:block_type	minecraft:rail	159
minecraft:block_type	minecraft:redstone_lamp	160
minecraft:block_type	minecraft:redstone_ore	161
minecraft:block_type	minecraft:redstone_torch	162
minecraft:block_type	minecraft:redstone_wall_torch	163
minecraft:block_type	minecraft:redstone_wire	164
minecraft:block_type	minecraft:repeater	165
minecraft:block_type	minecraft:respawn_anchor	166
minecraft:block_type	minecraft:rooted_dirt	167
minecraft:block_type	minecraft:roots	168
minecraft:block_type	minecraft:rotated_pillar	169
minecraft:block_type	minecraft:sand	171
minecraft:block_type	minecraft:sapling	170
minecraft:block_type	minecraft:scaffolding	172
minecraft:block_type	minecraft:sculk	174
minecraft:block_type	minecraft:sculk_catalyst	173
minecraft:block_type	minecraft:sculk_sensor	175
minecraft:block_type	minecraft:sculk_shrieker	176
minecraft:block_type	minecraft:sculk_vein	177
minecraft:block_type	minecraft:sea_pickle	179
minecraft:block_type	minecraft:seagrass	178
minecraft:block_type	minecraft:short_dry_grass	180
minecraft:block_type	minecraft:shulker_box	181
minecraft:block_type	minecraft:skull	182
minecraft:block_type	minecraft:slab	183
minecraft:block_type	minecraft:slime	184
minecraft:block_type	minecraft:small_dripleaf	185
minecraft:block_type	minecraft:smithing_table	186
minecraft:block_type	minecraft:smoker	187
minecraft:block_type	minecraft:sniffer_egg	188
minecraft:block_type	minecraft:snow_layer	189
minecraft:block_type	minecraft:snowy_dirt	190
minecraft:block_type	minecraft:soul_fire	191
minecraft:block_type	minecraft:soul_sand	192
minecraft:block_type	minecraft:spawner	193
minecraft:block_type	minecraft:sponge	195
minecraft:block_type	minecraft:spore_blossom	196
minecraft:block_type	minecraft:stained_glass	198
minecraft:block_type	minecraft:stained_glass_pane	197
minecraft:block_type	minecraft:stair	199
minecraft:block_type	minecraft:standing_sign	200
minecraft:block_type	minecraft:stem	201
minecraft:block_type	minecraft:stonecutter	202
minecraft:block_type	minecraft:structure	203
minecraft:block_type	minecraft:structure_void	204
minecraft:block_type	minecraft:sugar_cane	205
minecraft:block_type	minecraft:sweet_berry_bush	206
minecraft:block_type	minecraft:tall_dry_grass	207
minecraft:block_type	minecraft:tall_flower	208
minecraft:block_type	minecraft:tall_grass	209
minecraft:block_type	minecraft:tall_seagrass	210
minecraft:block_type	minecraft:target	211
minecraft:block_type	minecraft:test	212
minecraft:block_type	minecraft:test_instance	213
minecraft:block_type	minecraft:tinted_glass	214
minecraft:block_type	minecraft:tinted_particle_leaves	215
minecraft:block_type	minecraft:tnt	216
minecraft:block_type	minecraft:torch	218
minecraft:block_type	minecraft:torchflower_crop	217
minecraft:block_type	minecraft:transparent	219
minecraft:block_type	minecraft:trapdoor	220
minecraft:block_type	minecraft:trapped_chest	221
minecraft:block_type	minecraft:trial_spawner	222
minecraft:block_type	minecraft:trip_wire_hook	223
minecraft:block_type	minecraft:tripwire	224
minecraft:block_type	minecraft:turtle_egg	225
minecraft:block_type	minecraft:twisting_vines	227
minecraft:block_type	minecraft:twisting_vines_plant	226
minecraft:block_type	minecraft:untinted_particle_leaves	228
minecraft:block_type	minecraft:vault	229
minecraft:block_type	minecraft:vine	230
minecraft:block_type	minecraft:wall	236
minecraft:block_type	minecraft:wall_banner	231
minecraft:block_type	minecraft:wall_hanging_sign	232
minecraft:block_type	minecraft:wall_sign	233
minecraft:block_type	minecraft:wall_skull	234
minecraft:block_type	minecraft:wall_torch	235
minecraft:block_type	minecraft:waterlily	237
minecraft:block_type	minecraft:waterlogged_transparent	238
minecraft:block_type	minecraft:weathering_copper_bulb	239
minecraft:block_type	minecraft:weathering_copper_door	240
minecraft:block_type	minecraft:weathering_copper_full	241
minecraft:block_type	minecraft:weathering_copper_grate	242
minecraft:block_type	minecraft:weathering_copper_slab	243
minecraft:block_type	minecraft:weathering_copper_stair	244
minecraft:block_type	minecraft:weathering_copper_trap_door	245
minecraft:block_type	minecraft:web	246
minecraft:block_type	minecraft:weeping_vines	248
minecraft:block_type	minecraft:weeping_vines_plant	247
minecraft:block_type	minecraft:weighted_pressure_plate	249
minecraft:block_type	minecraft:wet_sponge	250
minecraft:block_type	minecraft:wither_rose	251
minecraft:block_type	minecraft:wither_skull	252
minecraft:block_type	minecraft:wither_wall_skull	253
minecraft:block_type	minecraft:wool_carpet	254
minecraft:chunk_status	minecraft:biomes	3
minecraft:chunk_status	minecraft:carvers	6
minecraft:chunk_status	minecraft:empty	0
minecraft:chunk_status	minecraft:features	7
minecraft:chunk_status	minecraft:full	11
minecraft:chunk_status	minecraft:initialize_light	8
minecraft:chunk_status	minecraft:light	9
minecraft:chunk_status	minecraft:noise	4
minecraft:chunk_status	minecraft:spawn	10
minecraft:chunk_status	minecraft:structure_references	2
minecraft:chunk_status	minecraft:structure_starts	1
minecraft:chunk_status	minecraft:surface	5
minecraft:command_argument_type	brigadier:bool	0
minecraft:command_argument_type	brigadier:double	2
minecraft:command_argument_type	brigadier:float	1
minecraft:command_argument_type	brigadier:integer	3
minecraft:command_argument_type	brigadier:long	4
minecraft:command_argument_type	brigadier:string	5
minecraft:command_argument_type	minecraft:angle	28
minecraft:command_argument_type	minecraft:block_pos	8
minecraft:command_argument_type	minecraft:block_predicate	13
minecraft:command_argument_type	minecraft:block_state	12
minecraft:command_argument_type	minecraft:color	16
minecraft:command_argument_type	minecraft:column_pos	9
minecraft:command_argument_type	minecraft:component	18
minecraft:command_argument_type	minecraft:dialog	55
minecraft:command_argument_type	minecraft:dimension	41
minecraft:command_argument_type	minecraft:entity	6
minecraft:command_argument_type	minecraft:entity_anchor	38
minecraft:command_argument_type	minecraft:float_range	40
minecraft:command_argument_type	minecraft:function	37
minecraft:command_argument_type	minecraft:game_profile	7
minecraft:command_argument_type	minecraft:gamemode	42
minecraft:command_argument_type	minecraft:heightmap	51
minecraft:command_argument_type	minecraft:hex_color	17
minecraft:command_argument_type	minecraft:int_range	39
minecraft:command_argument_type	minecraft:item_predicate	15
minecraft:command_argument_type	minecraft:item_slot	34
minecraft:command_argument_type	minecraft:item_slots	35
minecraft:command_argument_type	minecraft:item_stack	14
minecraft:command_argument_type	minecraft:loot_modifier	54
minecraft:command_argument_type	minecraft:loot_predicate	53
minecraft:command_argument_type	minecraft:loot_table	52
minecraft:command_argument_type	minecraft:message	20
minecraft:command_argument_type	minecraft:nbt_compound_tag	21
minecraft:command_argument_type	minecraft:nbt_path	23
minecraft:command_argument_type	minecraft:nbt_tag	22
minecraft:command_argument_type	minecraft:objective	24
minecraft:command_argument_type	minecraft:objective_criteria	25
minecraft:command_argument_type	minecraft:operation	26
minecraft:command_argument_type	minecraft:particle	27
minecraft:command_argument_type	minecraft:resource	46
minecraft:command_argument_type	minecraft:resource_key	47
minecraft:command_argument_type	minecraft:resource_location	36
minecraft:command_argument_type	minecraft:resource_or_tag	44
minecraft:command_argument_type	minecraft:resource_or_tag_key	45
minecraft:command_argument_type	minecraft:resource_selector	48
minecraft:command_argument_type	minecraft:rotation	29
minecraft:command_argument_type	minecraft:score_holder	31
minecraft:command_argument_type	minecraft:scoreboard_slot	30
minecraft:command_argument_type	minecraft:style	19
minecraft:command_argument_type	minecraft:swizzle	32
minecraft:command_argument_type	minecraft:team	33
minecraft:command_argument_type	minecraft:template_mirror	49
minecraft:command_argument_type	minecraft:template_rotation	50
minecraft:command_argument_type	minecraft:time	43
minecraft:command_argument_type	minecraft:uuid	56
minecraft:command_argument_type	minecraft:vec2	11
minecraft:command_argument_type	minecraft:vec3	10
minecraft:consume_effect_type	minecraft:apply_effects	0
minecraft:consume_effect_type	minecraft:clear_all_effects	2
minecraft:consume_effect_type	minecraft:play_sound	4
minecraft:consume_effect_type	minecraft:remove_effects	1
minecraft:consume_effect_type	minecraft:teleport_randomly	3
minecraft:creative_mode_tab	minecraft:building_blocks	0
minecraft:creative_mode_tab	minecraft:colored_blocks	1
minecraft:creative_mode_tab	minecraft:combat	8
minecraft:creative_mode_tab	minecraft:food_and_drinks	9
minecraft:creative_mode_tab	minecraft:functional_blocks	3
minecraft:creative_mode_tab	minecraft:hotbar	5
minecraft:creative_mode_tab	minecraft:ingredients	10
minecraft:creative_mode_tab	minecraft:inventory	13
minecraft:creative_mode_tab	minecraft:natural_blocks	2
minecraft:creative_mode_tab	minecraft:op_blocks	12
minecraft:creative_mode_tab	minecraft:redstone_blocks	4
minecraft:creative_mode_tab	minecraft:search	6
minecraft:creative_mode_tab	minecraft:spawn_eggs	11
minecraft:creative_mode_tab	minecraft:tools_and_utilities	7
minecraft:custom_stat	minecraft:animals_bred	33
minecraft:custom_stat	minecraft:aviate_one_cm	19
minecraft:custom_stat	minecraft:bell_ring	69
minecraft:custom_stat	minecraft:boat_one_cm	15
minecraft:custom_stat	minecraft:clean_armor	41
minecraft:custom_stat	minecraft:clean_banner	42
minecraft:custom_stat	minecraft:clean_shulker_box	43
minecraft:custom_stat	minecraft:climb_one_cm	11
minecraft:custom_stat	minecraft:crouch_one_cm	7
minecraft:custom_stat	minecraft:damage_absorbed	29
minecraft:custom_stat	minecraft:damage_blocked_by_shield	28
minecraft:custom_stat	minecraft:damage_dealt	24
minecraft:custom_stat	minecraft:damage_dealt_absorbed	25
minecraft:custom_stat	minecraft:damage_dealt_resisted	26
minecraft:custom_stat	minecraft:damage_resisted	30
minecraft:custom_stat	minecraft:damage_taken	27
minecraft:custom_stat	minecraft:deaths	31
minecraft:custom_stat	minecraft:drop	23
minecraft:custom_stat	minecraft:eat_cake_slice	38
minecraft:custom_stat	minecraft:enchant_item	54
minecraft:custom_stat	minecraft:fall_one_cm	10
minecraft:custom_stat	minecraft:fill_cauldron	39
minecraft:custom_stat	minecraft:fish_caught	35
minecraft:custom_stat	minecraft:fly_one_cm	12
minecraft:custom_stat	minecraft:happy_ghast_one_cm	17
minecraft:custom_stat	minecraft:horse_one_cm	18
minecraft:custom_stat	minecraft:inspect_dispenser	48
minecraft:custom_stat	minecraft:inspect_dropper	46
minecraft:custom_stat	minecraft:inspect_hopper	47
minecraft:custom_stat	minecraft:interact_with_anvil	72
minecraft:custom_stat	minecraft:interact_with_beacon	45
minecraft:custom_stat	minecraft:interact_with_blast_furnace	62
minecraft:custom_stat	minecraft:interact_with_brewingstand	44
minecraft:custom_stat	minecraft:interact_with_campfire	65
minecraft:custom_stat	minecraft:interact_with_cartography_table	66
minecraft:custom_stat	minecraft:interact_with_crafting_table	57
minecraft:custom_stat	minecraft:interact_with_furnace	56
minecraft:custom_stat	minecraft:interact_with_grindstone	73
minecraft:custom_stat	minecraft:interact_with_lectern	64
minecraft:custom_stat	minecraft:interact_with_loom	67
minecraft:custom_stat	minecraft:interact_with_smithing_table	75
minecraft:custom_stat	minecraft:interact_with_smoker	63
minecraft:custom_stat	minecraft:interact_with_stonecutter	68
minecraft:custom_stat	minecraft:jump	22
minecraft:custom_stat	minecraft:leave_game	0
minecraft:custom_stat	minecraft:minecart_one_cm	14
minecraft:custom_stat	minecraft:mob_kills	32
minecraft:custom_stat	minecraft:open_barrel	61
minecraft:custom_stat	minecraft:open_chest	58
minecraft:custom_stat	minecraft:open_enderchest	53
minecraft:custom_stat	minecraft:open_shulker_box	60
minecraft:custom_stat	minecraft:pig_one_cm	16
minecraft:custom_stat	minecraft:play_noteblock	49
minecraft:custom_stat	minecraft:play_record	55
minecraft:custom_stat	minecraft:play_time	1
minecraft:custom_stat	minecraft:player_kills	34
minecraft:custom_stat	minecraft:pot_flower	51
minecraft:custom_stat	minecraft:raid_trigger	70
minecraft:custom_stat	minecraft:raid_win	71
minecraft:custom_stat	minecraft:sleep_in_bed	59
minecraft:custom_stat	minecraft:sneak_time	5
minecraft:custom_stat	minecraft:sprint_one_cm	8
minecraft:custom_stat	minecraft:strider_one_cm	21
minecraft:custom_stat	minecraft:swim_one_cm	20
minecraft:custom_stat	minecraft:talked_to_villager	36
minecraft:custom_stat	minecraft:target_hit	74
minecraft:custom_stat	minecraft:time_since_death	3
minecraft:custom_stat	minecraft:time_since_rest	4
minecraft:custom_stat	minecraft:total_world_time	2
minecraft:custom_stat	minecraft:traded_with_villager	37
minecraft:custom_stat	minecraft:trigger_trapped_chest	52
minecraft:custom_stat	minecraft:tune_noteblock	50
minecraft:custom_stat	minecraft:use_cauldron	40
minecraft:custom_stat	minecraft:walk_on_water_one_cm	9
minecraft:custom_stat	minecraft:walk_one_cm	6
minecraft:custom_stat	minecraft:walk_under_water_one_cm	13
minecraft:data_component_predicate_type	minecraft:attribute_modifiers	11
minecraft:data_component_predicate_type	minecraft:bundle_contents	6
minecraft:data_component_predicate_type	minecraft:container	5
minecraft:data_component_predicate_type	minecraft:custom_data	4
minecraft:data_component_predicate_type	minecraft:damage	0
minecraft:data_component_predicate_type	minecraft:enchantments	1
minecraft:data_component_predicate_type	minecraft:firework_explosion	7
minecraft:data_component_predicate_type	minecraft:fireworks	8
minecraft:data_component_predicate_type	minecraft:jukebox_playable	13
minecraft:data_component_predicate_type	minecraft:potion_contents	3
minecraft:data_component_predicate_type	minecraft:stored_enchantments	2
minecraft:data_component_predicate_type	minecraft:trim	12
minecraft:data_component_predicate_type	minecraft:writable_book_content	9
minecraft:data_component_predicate_type	minecraft:written_book_content	10
minecraft:data_component_type	minecraft:attribute_modifiers	13
minecraft:data_component_type	minecraft:axolotl/variant	91
minecraft:data_component_type	minecraft:banner_patterns	63
minecraft:data_component_type	minecraft:base_color	64
minecraft:data_component_type	minecraft:bees	68
minecraft:data_component_type	minecraft:block_entity_data	51
minecraft:data_component_type	minecraft:block_state	67
minecraft:data_component_type	minecraft:blocks_attacks	33
minecraft:data_component_type	minecraft:break_sound	71
minecraft:data_component_type	minecraft:bucket_entity_data	50
minecraft:data_component_type	minecraft:bundle_contents	41
minecraft:data_component_type	minecraft:can_break	12
minecraft:data_component_type	minecraft:can_place_on	11
minecraft:data_component_type	minecraft:cat/collar	93
minecraft:data_component_type	minecraft:cat/variant	92
minecraft:data_component_type	minecraft:charged_projectiles	40
minecraft:data_component_type	minecraft:chicken/variant	86
minecraft:data_component_type	minecraft:consumable	21
minecraft:data_component_type	minecraft:container	66
minecraft:data_component_type	minecraft:container_loot	70
minecraft:data_component_type	minecraft:cow/variant	85
minecraft:data_component_type	minecraft:creative_slot_lock	17
minecraft:data_component_type	minecraft:custom_data	0
minecraft:data_component_type	minecraft:custom_model_data	14
minecraft:data_component_type	minecraft:custom_name	5
minecraft:data_component_type	minecraft:damage	3
minecraft:data_component_type	minecraft:damage_resistant	24
minecraft:data_component_type	minecraft:death_protection	32
minecraft:data_component_type	minecraft:debug_stick_state	48
minecraft:data_component_type	minecraft:dyed_color	35
minecraft:data_component_type	minecraft:enchantable	27
minecraft:data_component_type	minecraft:enchantment_glint_override	18
minecraft:data_component_type	minecraft:enchantments	10
minecraft:data_component_type	minecraft:entity_data	49
minecraft:data_component_type	minecraft:equippable	28
minecraft:data_component_type	minecraft:firework_explosion	59
minecraft:data_component_type	minecraft:fireworks	60
minecraft:data_component_type	minecraft:food	20
minecraft:data_component_type	minecraft:fox/variant	76
minecraft:data_component_type	minecraft:frog/variant	87
minecraft:data_component_type	minecraft:glider	30
minecraft:data_component_type	minecraft:horse/variant	88
minecraft:data_component_type	minecraft:instrument	52
minecraft:data_component_type	minecraft:intangible_projectile	19
minecraft:data_component_type	minecraft:item_model	7
minecraft:data_component_type	minecraft:item_name	6
minecraft:data_component_type	minecraft:jukebox_playable	55
minecraft:data_component_type	minecraft:llama/variant	90
minecraft:data_component_type	minecraft:lock	69
minecraft:data_component_type	minecraft:lodestone_tracker	58
minecraft:data_component_type	minecraft:lore	8
minecraft:data_component_type	minecraft:map_color	36
minecraft:data_component_type	minecraft:map_decorations	38
minecraft:data_component_type	minecraft:map_id	37
minecraft:data_component_type	minecraft:map_post_processing	39
minecraft:data_component_type	minecraft:max_damage	2
minecraft:data_component_type	minecraft:max_stack_size	1
minecraft:data_component_type	minecraft:mooshroom/variant	82
minecraft:data_component_type	minecraft:note_block_sound	62
minecraft:data_component_type	minecraft:ominous_bottle_amplifier	54
minecraft:data_component_type	minecraft:painting/variant	89
minecraft:data_component_type	minecraft:parrot/variant	78
minecraft:data_component_type	minecraft:pig/variant	84
minecraft:data_component_type	minecraft:pot_decorations	65
minecraft:data_component_type	minecraft:potion_contents	42
minecraft:data_component_type	minecraft:potion_duration_scale	43
minecraft:data_component_type	minecraft:profile	61
minecraft:data_component_type	minecraft:provides_banner_patterns	56
minecraft:data_component_type	minecraft:provides_trim_material	53
minecraft:data_component_type	minecraft:rabbit/variant	83
minecraft:data_component_type	minecraft:rarity	9
minecraft:data_component_type	minecraft:recipes	57
minecraft:data_component_type	minecraft:repair_cost	16
minecraft:data_component_type	minecraft:repairable	29
minecraft:data_component_type	minecraft:salmon/size	77
minecraft:data_component_type	minecraft:sheep/color	94
minecraft:data_component_type	minecraft:shulker/color	95
minecraft:data_component_type	minecraft:stored_enchantments	34
minecraft:data_component_type	minecraft:suspicious_stew_effects	44
minecraft:data_component_type	minecraft:tool	25
minecraft:data_component_type	minecraft:tooltip_display	15
minecraft:data_component_type	minecraft:tooltip_style	31
minecraft:data_component_type	minecraft:trim	47
minecraft:data_component_type	minecraft:tropical_fish/base_color	80
minecraft:data_component_type	minecraft:tropical_fish/pattern	79
minecraft:data_component_type	minecraft:tropical_fish/pattern_color	81
minecraft:data_component_type	minecraft:unbreakable	4
minecraft:data_component_type	minecraft:use_cooldown	23
minecraft:data_component_type	minecraft:use_remainder	22
minecraft:data_component_type	minecraft:villager/variant	72
minecraft:data_component_type	minecraft:weapon	26
minecraft:data_component_type	minecraft:wolf/collar	75
minecraft:data_component_type	minecraft:wolf/sound_variant	74
minecraft:data_component_type	minecraft:wolf/variant	73
minecraft:data_component_type	minecraft:writable_book_content	45
minecraft:data_component_type	minecraft:written_book_content	46
minecraft:decorated_pot_pattern	minecraft:angler	0
minecraft:decorated_pot_pattern	minecraft:archer	1
minecraft:decorated_pot_pattern	minecraft:arms_up	2
minecraft:decorated_pot_pattern	minecraft:blade	3
minecraft:decorated_pot_pattern	minecraft:blank	23
minecraft:decorated_pot_pattern	minecraft:brewer	4
minecraft:decorated_pot_pattern	minecraft:burn	5
minecraft:decorated_pot_pattern	minecraft:danger	6
minecraft:decorated_pot_pattern	minecraft:explorer	7
minecraft:decorated_pot_pattern	minecraft:flow	8
minecraft:decorated_pot_pattern	minecraft:friend	9
minecraft:decorated_pot_pattern	minecraft:guster	10
minecraft:decorated_pot_pattern	minecraft:heart	11
minecraft:decorated_pot_pattern	minecraft:heartbreak	12
minecraft:decorated_pot_pattern	minecraft:howl	13
minecraft:decorated_pot_pattern	minecraft:miner	14
minecraft:decorated_pot_pattern	minecraft:mourner	15
minecraft:decorated_pot_pattern	minecraft:plenty	16
minecraft:decorated_pot_pattern	minecraft:prize	17
minecraft:decorated_pot_pattern	minecraft:scrape	18
minecraft:decorated_pot_pattern	minecraft:sheaf	19
minecraft:decorated_pot_pattern	minecraft:shelter	20
minecraft:decorated_pot_pattern	minecraft:skull	21
minecraft:decorated_pot_pattern	minecraft:snort	22
minecraft:dialog_action_type	minecraft:change_page	4
minecraft:dialog_action_type	minecraft:copy_to_clipboard	5
minecraft:dialog_action_type	minecraft:custom	6
minecraft:dialog_action_type	minecraft:dynamic/custom	8
minecraft:dialog_action_type	minecraft:dynamic/run_command	7
minecraft:dialog_action_type	minecraft:open_url	0
minecraft:dialog_action_type	minecraft:run_command	1
minecraft:dialog_action_type	minecraft:show_dialog	3
minecraft:dialog_action_type	minecraft:suggest_command	2
minecraft:dialog_body_type	minecraft:item	0
minecraft:dialog_body_type	minecraft:plain_message	1
minecraft:dialog_type	minecraft:confirmation	4
minecraft:dialog_type	minecraft:dialog_list	2
minecraft:dialog_type	minecraft:multi_action	3
minecraft:dialog_type	minecraft:notice	0
minecraft:dialog_type	minecraft:server_links	1
minecraft:enchantment_effect_component_type	minecraft:ammo_use	13
minecraft:enchantment_effect_component_type	minecraft:armor_effectiveness	5
minecraft:enchantment_effect_component_type	minecraft:attributes	9
minecraft:enchantment_effect_component_type	minecraft:block_experience	21
minecraft:enchantment_effect_component_type	minecraft:crossbow_charge_time	24
minecraft:enchantment_effect_component_type	minecraft:crossbow_charging_sounds	25
minecraft:enchantment_effect_component_type	minecraft:damage	2
minecraft:enchantment_effect_component_type	minecraft:damage_immunity	1
minecraft:enchantment_effect_component_type	minecraft:damage_protection	0
minecraft:enchantment_effect_component_type	minecraft:equipment_drops	10
minecraft:enchantment_effect_component_type	minecraft:fishing_luck_bonus	20
minecraft:enchantment_effect_component_type	minecraft:fishing_time_reduction	19
minecraft:enchantment_effect_component_type	minecraft:hit_block	7
minecraft:enchantment_effect_component_type	minecraft:item_damage	8
minecraft:enchantment_effect_component_type	minecraft:knockback	4
minecraft:enchantment_effect_component_type	minecraft:location_changed	11
minecraft:enchantment_effect_component_type	minecraft:mob_experience	22
minecraft:enchantment_effect_component_type	minecraft:post_attack	6
minecraft:enchantment_effect_component_type	minecraft:prevent_armor_change	28
minecraft:enchantment_effect_component_type	minecraft:prevent_equipment_drop	27
minecraft:enchantment_effect_component_type	minecraft:projectile_count	17
minecraft:enchantment_effect_component_type	minecraft:projectile_piercing	14
minecraft:enchantment_effect_component_type	minecraft:projectile_spawned	15
minecraft:enchantment_effect_component_type	minecraft:projectile_spread	16
minecraft:enchantment_effect_component_type	minecraft:repair_with_xp	23
minecraft:enchantment_effect_component_type	minecraft:smash_damage_per_fallen_block	3
minecraft:enchantment_effect_component_type	minecraft:tick	12
minecraft:enchantment_effect_component_type	minecraft:trident_return_acceleration	18
minecraft:enchantment_effect_component_type	minecraft:trident_sound	26
minecraft:enchantment_effect_component_type	minecraft:trident_spin_attack_strength	29
minecraft:enchantment_entity_effect_type	minecraft:all_of	0
minecraft:enchantment_entity_effect_type	minecraft:apply_mob_effect	1
minecraft:enchantment_entity_effect_type	minecraft:change_item_damage	2
minecraft:enchantment_entity_effect_type	minecraft:damage_entity	3
minecraft:enchantment_entity_effect_type	minecraft:explode	4
minecraft:enchantment_entity_effect_type	minecraft:ignite	5
minecraft:enchantment_entity_effect_type	minecraft:play_sound	6
minecraft:enchantment_entity_effect_type	minecraft:replace_block	7
minecraft:enchantment_entity_effect_type	minecraft:replace_disk	8
minecraft:enchantment_entity_effect_type	minecraft:run_function	9
minecraft:enchantment_entity_effect_type	minecraft:set_block_properties	10
minecraft:enchantment_entity_effect_type	minecraft:spawn_particles	11
minecraft:enchantment_entity_effect_type	minecraft:summon_entity	12
minecraft:enchantment_level_based_value_type	minecraft:clamped	0
minecraft:enchantment_level_based_value_type	minecraft:fraction	1
minecraft:enchantment_level_based_value_type	minecraft:levels_squared	2
minecraft:enchantment_level_based_value_type	minecraft:linear	3
minecraft:enchantment_level_based_value_type	minecraft:lookup	4
minecraft:enchantment_location_based_effect_type	minecraft:all_of	0
minecraft:enchantment_location_based_effect_type	minecraft:apply_mob_effect	1
minecraft:enchantment_location_based_effect_type	minecraft:attribute	2
minecraft:enchantment_location_based_effect_type	minecraft:change_item_damage	3
minecraft:enchantment_location_based_effect_type	minecraft:damage_entity	4
minecraft:enchantment_location_based_effect_type	minecraft:explode	5
minecraft:enchantment_location_based_effect_type	minecraft:ignite	6
minecraft:enchantment_location_based_effect_type	minecraft:play_sound	7
minecraft:enchantment_location_based_effect_type	minecraft:replace_block	8
minecraft:enchantment_location_based_effect_type	minecraft:replace_disk	9
minecraft:enchantment_location_based_effect_type	minecraft:run_function	10
minecraft:enchantment_location_based_effect_type	minecraft:set_block_properties	11
minecraft:enchantment_location_based_effect_type	minecraft:spawn_particles	12
minecraft:enchantment_location_based_effect_type	minecraft:summon_entity	13
minecraft:enchantment_provider_type	minecraft:by_cost	0
minecraft:enchantment_provider_type	minecraft:by_cost_with_difficulty	1
minecraft:enchantment_provider_type	minecraft:single	2
minecraft:enchantment_value_effect_type	minecraft:add	0
minecraft:enchantment_value_effect_type	minecraft:all_of	1
minecraft:enchantment_value_effect_type	minecraft:multiply	2
minecraft:enchantment_value_effect_type	minecraft:remove_binomial	3
minecraft:enchantment_value_effect_type	minecraft:set	4
minecraft:entity_sub_predicate_type	minecraft:fishing_hook	1
minecraft:entity_sub_predicate_type	minecraft:lightning	0
minecraft:entity_sub_predicate_type	minecraft:player	2
minecraft:entity_sub_predicate_type	minecraft:raider	4
minecraft:entity_sub_predicate_type	minecraft:sheep	5
minecraft:entity_sub_predicate_type	minecraft:slime	3
minecraft:entity_type	minecraft:acacia_boat	0
minecraft:entity_type	minecraft:acacia_chest_boat	1
minecraft:entity_type	minecraft:allay	2
minecraft:entity_type	minecraft:area_effect_cloud	3
minecraft:entity_type	minecraft:armadillo	4
minecraft:entity_type	minecraft:armor_stand	5
minecraft:entity_type	minecraft:arrow	6
minecraft:entity_type	minecraft:axolotl	7
minecraft:entity_type	minecraft:bamboo_chest_raft	8
minecraft:entity_type	minecraft:bamboo_raft	9
minecraft:entity_type	minecraft:bat	10
minecraft:entity_type	minecraft:bee	11
minecraft:entity_type	minecraft:birch_boat	12
minecraft:entity_type	minecraft:birch_chest_boat	13
minecraft:entity_type	minecraft:blaze	14
minecraft:entity_type	minecraft:block_display	15
minecraft:entity_type	minecraft:bogged	16
minecraft:entity_type	minecraft:breeze	17
minecraft:entity_type	minecraft:breeze_wind_charge	18
minecraft:entity_type	minecraft:camel	19
minecraft:entity_type	minecraft:cat	20
minecraft:entity_type	minecraft:cave_spider	21
minecraft:entity_type	minecraft:cherry_boat	22
minecraft:entity_type	minecraft:cherry_chest_boat	23
minecraft:entity_type	minecraft:chest_minecart	24
minecraft:entity_type	minecraft:chicken	25
minecraft:entity_type	minecraft:cod	26
minecraft:entity_type	minecraft:command_block_minecart	27
minecraft:entity_type	minecraft:cow	28
minecraft:entity_type	minecraft:creaking	29
minecraft:entity_type	minecraft:creeper	30
minecraft:entity_type	minecraft:dark_oak_boat	31
minecraft:entity_type	minecraft:dark_oak_chest_boat	32
minecraft:entity_type	minecraft:dolphin	33
minecraft:entity_type	minecraft:donkey	34
minecraft:entity_type	minecraft:dragon_fireball	35
minecraft:entity_type	minecraft:drowned	36
minecraft:entity_type	minecraft:egg	37
minecraft:entity_type	minecraft:elder_guardian	38
minecraft:entity_type	minecraft:end_crystal	43
minecraft:entity_type	minecraft:ender_dragon	41
minecraft:entity_type	minecraft:ender_pearl	42
minecraft:entity_type	minecraft:enderman	39
minecraft:entity_type	minecraft:endermite	40
minecraft:entity_type	minecraft:evoker	44
minecraft:entity_type	minecraft:evoker_fangs	45
minecraft:entity_type	minecraft:experience_bottle	46
minecraft:entity_type	minecraft:experience_orb	47
minecraft:entity_type	minecraft:eye_of_ender	48
minecraft:entity_type	minecraft:falling_block	49
minecraft:entity_type	minecraft:fireball	50
minecraft:entity_type	minecraft:firework_rocket	51
minecraft:entity_type	minecraft:fishing_bobber	150
minecraft:entity_type	minecraft:fox	52
minecraft:entity_type	minecraft:frog	53
minecraft:entity_type	minecraft:furnace_minecart	54
minecraft:entity_type	minecraft:ghast	55
minecraft:entity_type	minecraft:giant	57
minecraft:entity_type	minecraft:glow_item_frame	58
minecraft:entity_type	minecraft:glow_squid	59
minecraft:entity_type	minecraft:goat	60
minecraft:entity_type	minecraft:guardian	61
minecraft:entity_type	minecraft:happy_ghast	56
minecraft:entity_type	minecraft:hoglin	62
minecraft:entity_type	minecraft:hopper_minecart	63
minecraft:entity_type	minecraft:horse	64
minecraft:entity_type	minecraft:husk	65
minecraft:entity_type	minecraft:illusioner	66
minecraft:entity_type	minecraft:interaction	67
minecraft:entity_type	minecraft:iron_golem	68
minecraft:entity_type	minecraft:item	69
minecraft:entity_type	minecraft:item_display	70
minecraft:entity_type	minecraft:item_frame	71
minecraft:entity_type	minecraft:jungle_boat	72
minecraft:entity_type	minecraft:jungle_chest_boat	73
minecraft:entity_type	minecraft:leash_knot	74
minecraft:entity_type	minecraft:lightning_bolt	75
minecraft:entity_type	minecraft:lingering_potion	101
minecraft:entity_type	minecraft:llama	76
minecraft:entity_type	minecraft:llama_spit	77
minecraft:entity_type	minecraft:magma_cube	78
minecraft:entity_type	minecraft:mangrove_boat	79
minecraft:entity_type	minecraft:mangrove_chest_boat	80
minecraft:entity_type	minecraft:marker	81
minecraft:entity_type	minecraft:minecart	82
minecraft:entity_type	minecraft:mooshroom	83
minecraft:entity_type	minecraft:mule	84
minecraft:entity_type	minecraft:oak_boat	85
minecraft:entity_type	minecraft:oak_chest_boat	86
minecraft:entity_type	minecraft:ocelot	87
minecraft:entity_type	minecraft:ominous_item_spawner	88
minecraft:entity_type	minecraft:painting	89
minecraft:entity_type	minecraft:pale_oak_boat	90
minecraft:entity_type	minecraft:pale_oak_chest_boat	91
minecraft:entity_type	minecraft:panda	92
minecraft:entity_type	minecraft:parrot	93
minecraft:entity_type	minecraft:phantom	94
minecraft:entity_type	minecraft:pig	95
minecraft:entity_type	minecraft:piglin	96
minecraft:entity_type	minecraft:piglin_brute	97
minecraft:entity_type	minecraft:pillager	98
minecraft:entity_type	minecraft:player	149
minecraft:entity_type	minecraft:polar_bear	99
minecraft:entity_type	minecraft:pufferfish	102
minecraft:entity_type	minecraft:rabbit	103
minecraft:entity_type	minecraft:ravager	104
minecraft:entity_type	minecraft:salmon	105
minecraft:entity_type	minecraft:sheep	106
minecraft:entity_type	minecraft:shulker	107
minecraft:entity_type	minecraft:shulker_bullet	108
minecraft:entity_type	minecraft:silverfish	109
minecraft:entity_type	minecraft:skeleton	110
minecraft:entity_type	minecraft:skeleton_horse	111
minecraft:entity_type	minecraft:slime	112
minecraft:entity_type	minecraft:small_fireball	113
minecraft:entity_type	minecraft:sniffer	114
minecraft:entity_type	minecraft:snow_golem	116
minecraft:entity_type	minecraft:snowball	115
minecraft:entity_type	minecraft:spawner_minecart	117
minecraft:entity_type	minecraft:spectral_arrow	118
minecraft:entity_type	minecraft:spider	119
minecraft:entity_type	minecraft:splash_potion	100
minecraft:entity_type	minecraft:spruce_boat	120
minecraft:entity_type	minecraft:spruce_chest_boat	121
minecraft:entity_type	minecraft:squid	122
minecraft:entity_type	minecraft:stray	123
minecraft:entity_type	minecraft:strider	124
minecraft:entity_type	minecraft:tadpole	125
minecraft:entity_type	minecraft:text_display	126
minecraft:entity_type	minecraft:tnt	127
minecraft:entity_type	minecraft:tnt_minecart	128
minecraft:entity_type	minecraft:trader_llama	129
minecraft:entity_type	minecraft:trident	130
minecraft:entity_type	minecraft:tropical_fish	131
minecraft:entity_type	minecraft:turtle	132
minecraft:entity_type	minecraft:vex	133
minecraft:entity_type	minecraft:villager	134
minecraft:entity_type	minecraft:vindicator	135
minecraft:entity_type	minecraft:wandering_trader	136
minecraft:entity_type	minecraft:warden	137
minecraft:entity_type	minecraft:wind_charge	138
minecraft:entity_type	minecraft:witch	139
minecraft:entity_type	minecraft:wither	140
minecraft:entity_type	minecraft:wither_skeleton	141
minecraft:entity_type	minecraft:wither_skull	142
minecraft:entity_type	minecraft:wolf	143
minecraft:entity_type	minecraft:zoglin	144
minecraft:entity_type	minecraft:zombie	145
minecraft:entity_type	minecraft:zombie_horse	146
minecraft:entity_type	minecraft:zombie_villager	147
minecraft:entity_type	minecraft:zombified_piglin	148
minecraft:float_provider_type	minecraft:clamped_normal	2
minecraft:float_provider_type	minecraft:constant	0
minecraft:float_provider_type	minecraft:trapezoid	3
minecraft:float_provider_type	minecraft:uniform	1
minecraft:fluid	minecraft:empty	0
minecraft:fluid	minecraft:flowing_lava	3
minecraft:fluid	minecraft:flowing_water	1
minecraft:fluid	minecraft:lava	4
minecraft:fluid	minecraft:water	2
minecraft:game_event	minecraft:block_activate	0
minecraft:game_event	minecraft:block_attach	1
minecraft:game_event	minecraft:block_change	2
minecraft:game_event	minecraft:block_close	3
minecraft:game_event	minecraft:block_deactivate	4
minecraft:game_event	minecraft:block_destroy	5
minecraft:game_event	minecraft:block_detach	6
minecraft:game_event	minecraft:block_open	7
minecraft:game_event	minecraft:block_place	8
minecraft:game_event	minecraft:container_close	9
minecraft:game_event	minecraft:container_open	10
minecraft:game_event	minecraft:drink	11
minecraft:game_event	minecraft:eat	12
minecraft:game_event	minecraft:elytra_glide	13
minecraft:game_event	minecraft:entity_action	20
minecraft:game_event	minecraft:entity_damage	14
minecraft:game_event	minecraft:entity_die	15
minecraft:game_event	minecraft:entity_dismount	16
minecraft:game_event	minecraft:entity_interact	17
minecraft:game_event	minecraft:entity_mount	18
minecraft:game_event	minecraft:entity_place	19
minecraft:game_event	minecraft:equip	21
minecraft:game_event	minecraft:explode	22
minecraft:game_event	minecraft:flap	23
minecraft:game_event	minecraft:fluid_pickup	24
minecraft:game_event	minecraft:fluid_place	25
minecraft:game_event	minecraft:hit_ground	26
minecraft:game_event	minecraft:instrument_play	27
minecraft:game_event	minecraft:item_interact_finish	28
minecraft:game_event	minecraft:item_interact_start	29
minecraft:game_event	minecraft:jukebox_play	30
minecraft:game_event	minecraft:jukebox_stop_play	31
minecraft:game_event	minecraft:lightning_strike	32
minecraft:game_event	minecraft:note_block_play	33
minecraft:game_event	minecraft:prime_fuse	34
minecraft:game_event	minecraft:projectile_land	35
minecraft:game_event	minecraft:projectile_shoot	36
minecraft:game_event	minecraft:resonate_1	45
minecraft:game_event	minecraft:resonate_10	54
minecraft:game_event	minecraft:resonate_11	55
minecraft:game_event	minecraft:resonate_12	56
minecraft:game_event	minecraft:resonate_13	57
minecraft:game_event	minecraft:resonate_14	58
minecraft:game_event	minecraft:resonate_15	59
minecraft:game_event	minecraft:resonate_2	46
minecraft:game_event	minecraft:resonate_3	47
minecraft:game_event	minecraft:resonate_4	48
minecraft:game_event	minecraft:resonate_5	49
minecraft:game_event	minecraft:resonate_6	50
minecraft:game_event	minecraft:resonate_7	51
minecraft:game_event	minecraft:resonate_8	52
minecraft:game_event	minecraft:resonate_9	53
minecraft:game_event	minecraft:sculk_sensor_tendrils_clicking	37
minecraft:game_event	minecraft:shear	38
minecraft:game_event	minecraft:shriek	39
minecraft:game_event	minecraft:splash	40
minecraft:game_event	minecraft:step	41
minecraft:game_event	minecraft:swim	42
minecraft:game_event	minecraft:teleport	43
minecraft:game_event	minecraft:unequip	44
minecraft:height_provider_type	minecraft:biased_to_bottom	2
minecraft:height_provider_type	minecraft:constant	0
minecraft:height_provider_type	minecraft:trapezoid	4
minecraft:height_provider_type	minecraft:uniform	1
minecraft:height_provider_type	minecraft:very_biased_to_bottom	3
minecraft:height_provider_type	minecraft:weighted_list	5
minecraft:input_control_type	minecraft:boolean	0
minecraft:input_control_type	minecraft:number_range	1
minecraft:input_control_type	minecraft:single_option	2
minecraft:input_control_type	minecraft:text	3
minecraft:int_provider_type	minecraft:biased_to_bottom	2
minecraft:int_provider_type	minecraft:clamped	3
minecraft:int_provider_type	minecraft:clamped_normal	5
minecraft:int_provider_type	minecraft:constant	0
minecraft:int_provider_type	minecraft:uniform	1
minecraft:int_provider_type	minecraft:weighted_list	4
minecraft:item	minecraft:acacia_boat	835
minecraft:item	minecraft:acacia_button	719
minecraft:item	minecraft:acacia_chest_boat	836
minecraft:item	minecraft:acacia_door	748
minecraft:item	minecraft:acacia_fence	336
minecraft:item	minecraft:acacia_fence_gate	789
minecraft:item	minecraft:acacia_hanging_sign	959
minecraft:item	minecraft:acacia_leaves	186
minecraft:item	minecraft:acacia_log	138
minecraft:item	minecraft:acacia_planks	40
minecraft:item	minecraft:acacia_pressure_plate	735
minecraft:item	minecraft:acacia_sapling	53
minecraft:item	minecraft:acacia_sign	947
minecraft:item	minecraft:acacia_slab	274
minecraft:item	minecraft:acacia_stairs	416
minecraft:item	minecraft:acacia_trapdoor	769
minecraft:item	minecraft:acacia_wood	175
minecraft:item	minecraft:activator_rail	800
minecraft:item	minecraft:air	0
minecraft:item	minecraft:allay_spawn_egg	1086
minecraft:item	minecraft:allium	234
minecraft:item	minecraft:amethyst_block	88
minecraft:item	minecraft:amethyst_cluster	1344
minecraft:item	minecraft:amethyst_shard	866
minecraft:item	minecraft:ancient_debris	82
minecraft:item	minecraft:andesite	6
minecraft:item	minecraft:andesite_slab	679
minecraft:item	minecraft:andesite_stairs	662
minecraft:item	minecraft:andesite_wall	437
minecraft:item	minecraft:angler_pottery_sherd	1371
minecraft:item	minecraft:anvil	449
minecraft:item	minecraft:apple	857
minecraft:item	minecraft:archer_pottery_sherd	1372
minecraft:item	minecraft:armadillo_scute	853
minecraft:item	minecraft:armadillo_spawn_egg	1085
minecraft:item	minecraft:armor_stand	1204
minecraft:item	minecraft:arms_up_pottery_sherd	1373
minecraft:item	minecraft:arrow	859
minecraft:item	minecraft:axolotl_bucket	978
minecraft:item	minecraft:axolotl_spawn_egg	1087
minecraft:item	minecraft:azalea	205
minecraft:item	minecraft:azalea_leaves	191
minecraft:item	minecraft:azure_bluet	235
minecraft:item	minecraft:baked_potato	1179
minecraft:item	minecraft:bamboo	269
minecraft:item	minecraft:bamboo_block	147
minecraft:item	minecraft:bamboo_button	724
minecraft:item	minecraft:bamboo_chest_raft	846
minecraft:item	minecraft:bamboo_door	753
minecraft:item	minecraft:bamboo_fence	341
minecraft:item	minecraft:bamboo_fence_gate	794
minecraft:item	minecraft:bamboo_hanging_sign	964
minecraft:item	minecraft:bamboo_mosaic	48
minecraft:item	minecraft:bamboo_mosaic_slab	280
minecraft:item	minecraft:bamboo_mosaic_stairs	422
minecraft:item	minecraft:bamboo_planks	45
minecraft:item	minecraft:bamboo_pressure_plate	740
minecraft:item	minecraft:bamboo_raft	845
minecraft:item	minecraft:bamboo_sign	952
minecraft:item	minecraft:bamboo_slab	279
minecraft:item	minecraft:bamboo_stairs	421
minecraft:item	minecraft:bamboo_trapdoor	774
minecraft:item	minecraft:barrel	1288
minecraft:item	minecraft:barrier	473
minecraft:item	minecraft:basalt	350
minecraft:item	minecraft:bat_spawn_egg	1088
minecraft:item	minecraft:beacon	426
minecraft:item	minecraft:bedrock	58
minecraft:item	minecraft:bee_nest	1305
minecraft:item	minecraft:bee_spawn_egg	1089
minecraft:item	minecraft:beef	1065
minecraft:item	minecraft:beehive	1306
minecraft:item	minecraft:beetroot	1235
minecraft:item	minecraft:beetroot_seeds	1236
minecraft:item	minecraft:beetroot_soup	1237
minecraft:item	minecraft:bell	1296
minecraft:item	minecraft:big_dripleaf	267
minecraft:item	minecraft:birch_boat	831
minecraft:item	minecraft:birch_button	717
minecraft:item	minecraft:birch_chest_boat	832
minecraft:item	minecraft:birch_door	746
minecraft:item	minecraft:birch_fence	334
minecraft:item	minecraft:birch_fence_gate	787
minecraft:item	minecraft:birch_hanging_sign	957
minecraft:item	minecraft:birch_leaves	184
minecraft:item	minecraft:birch_log	136
minecraft:item	minecraft:birch_planks	38
minecraft:item	minecraft:birch_pressure_plate	733
minecraft:item	minecraft:birch_sapling	51
minecraft:item	minecraft:birch_sign	945
minecraft:item	minecraft:birch_slab	272
minecraft:item	minecraft:birch_stairs	414
minecraft:item	minecraft:birch_trapdoor	767
minecraft:item	minecraft:birch_wood	173
minecraft:item	minecraft:black_banner	1229
minecraft:item	minecraft:black_bed	1056
minecraft:item	minecraft:black_bundle	1007
minecraft:item	minecraft:black_candle	1340
minecraft:item	minecraft:black_carpet	491
minecraft:item	minecraft:black_concrete	600
minecraft:item	minecraft:black_concrete_powder	616
minecraft:item	minecraft:black_dye	1036
minecraft:item	minecraft:black_glazed_terracotta	584
minecraft:item	minecraft:black_harness	817
minecraft:item	minecraft:black_shulker_box	568
minecraft:item	minecraft:black_stained_glass	516
minecraft:item	minecraft:black_stained_glass_pane	532
minecraft:item	minecraft:black_terracotta	472
minecraft:item	minecraft:black_wool	228
minecraft:item	minecraft:blackstone	1311
minecraft:item	minecraft:blackstone_slab	1312
minecraft:item	minecraft:blackstone_stairs	1313
minecraft:item	minecraft:blackstone_wall	442
minecraft:item	minecraft:blade_pottery_sherd	1374
minecraft:item	minecraft:blast_furnace	1290
minecraft:item	minecraft:blaze_powder	1079
minecraft:item	minecraft:blaze_rod	1071
minecraft:item	minecraft:blaze_spawn_egg	1090
minecraft:item	minecraft:blue_banner	1225
minecraft:item	minecraft:blue_bed	1052
minecraft:item	minecraft:blue_bundle	1003
minecraft:item	minecraft:blue_candle	1336
minecraft:item	minecraft:blue_carpet	487
minecraft:item	minecraft:blue_concrete	596
minecraft:item	minecraft:blue_concrete_powder	612
minecraft:item	minecraft:blue_dye	1032
minecraft:item	minecraft:blue_egg	987
minecraft:item	minecraft:blue_glazed_terracotta	580
minecraft:item	minecraft:blue_harness	813
minecraft:item	minecraft:blue_ice	650
minecraft:item	minecraft:blue_orchid	233
minecraft:item	minecraft:blue_shulker_box	564
minecraft:item	minecraft:blue_stained_glass	512
minecraft:item	minecraft:blue_stained_glass_pane	528
minecraft:item	minecraft:blue_terracotta	468
minecraft:item	minecraft:blue_wool	224
minecraft:item	minecraft:bogged_spawn_egg	1091
minecraft:item	minecraft:bolt_armor_trim_smithing_template	1370
minecraft:item	minecraft:bone	1038
minecraft:item	minecraft:bone_block	550
minecraft:item	minecraft:bone_meal	1037
minecraft:item	minecraft:book	984
minecraft:item	minecraft:bookshelf	305
minecraft:item	minecraft:bordure_indented_banner_pattern	1285
minecraft:item	minecraft:bow	858
minecraft:item	minecraft:bowl	856
minecraft:item	minecraft:brain_coral	631
minecraft:item	minecraft:brain_coral_block	626
minecraft:item	minecraft:brain_coral_fan	641
minecraft:item	minecraft:bread	912
minecraft:item	minecraft:breeze_rod	1172
minecraft:item	minecraft:breeze_spawn_egg	1092
minecraft:item	minecraft:brewer_pottery_sherd	1375
minecraft:item	minecraft:brewing_stand	1081
minecraft:item	minecraft:brick	980
minecraft:item	minecraft:brick_slab	289
minecraft:item	minecraft:brick_stairs	390
minecraft:item	minecraft:brick_wall	429
minecraft:item	minecraft:bricks	304
minecraft:item	minecraft:brown_banner	1226
minecraft:item	minecraft:brown_bed	1053
minecraft:item	minecraft:brown_bundle	1004
minecraft:item	minecraft:brown_candle	1337
minecraft:item	minecraft:brown_carpet	488
minecraft:item	minecraft:brown_concrete	597
minecraft:item	minecraft:brown_concrete_powder	613
minecraft:item	minecraft:brown_dye	1033
minecraft:item	minecraft:brown_egg	988
minecraft:item	minecraft:brown_glazed_terracotta	581
minecraft:item	minecraft:brown_harness	814
minecraft:item	minecraft:brown_mushroom	247
minecraft:item	minecraft:brown_mushroom_block	374
minecraft:item	minecraft:brown_shulker_box	565
minecraft:item	minecraft:brown_stained_glass	513
minecraft:item	minecraft:brown_stained_glass_pane	529
minecraft:item	minecraft:brown_terracotta	469
minecraft:item	minecraft:brown_wool	225
minecraft:item	minecraft:brush	1351
minecraft:item	minecraft:bubble_coral	632
minecraft:item	minecraft:bubble_coral_block	627
minecraft:item	minecraft:bubble_coral_fan	642
minecraft:item	minecraft:bucket	967
minecraft:item	minecraft:budding_amethyst	89
minecraft:item	minecraft:bundle	991
minecraft:item	minecraft:burn_pottery_sherd	1376
minecraft:item	minecraft:bush	204
minecraft:item	minecraft:cactus	328
minecraft:item	minecraft:cactus_flower	329
minecraft:item	minecraft:cake	1040
minecraft:item	minecraft:calcite	11
minecraft:item	minecraft:calibrated_sculk_sensor	707
minecraft:item	minecraft:camel_spawn_egg	1094
minecraft:item	minecraft:campfire	1301
minecraft:item	minecraft:candle	1324
minecraft:item	minecraft:carrot	1177
minecraft:item	minecraft:carrot_on_a_stick	823
minecraft:item	minecraft:cartography_table	1291
minecraft:item	minecraft:carved_pumpkin	345
minecraft:item	minecraft:cat_spawn_egg	1093
minecraft:item	minecraft:cauldron	1082
minecraft:item	minecraft:cave_spider_spawn_egg	1095
minecraft:item	minecraft:chain	378
minecraft:item	minecraft:chain_command_block	545
minecraft:item	minecraft:chainmail_boots	920
minecraft:item	minecraft:chainmail_chestplate	918
minecraft:item	minecraft:chainmail_helmet	917
minecraft:item	minecraft:chainmail_leggings	919
minecraft:item	minecraft:charcoal	861
minecraft:item	minecraft:cherry_boat	837
minecraft:item	minecraft:cherry_button	720
minecraft:item	minecraft:cherry_chest_boat	838
minecraft:item	minecraft:cherry_door	749
minecraft:item	minecraft:cherry_fence	337
minecraft:item	minecraft:cherry_fence_gate	790
minecraft:item	minecraft:cherry_hanging_sign	960
minecraft:item	minecraft:cherry_leaves	187
minecraft:item	minecraft:cherry_log	139
minecraft:item	minecraft:cherry_planks	41
minecraft:item	minecraft:cherry_pressure_plate	736
minecraft:item	minecraft:cherry_sapling	54
minecraft:item	minecraft:cherry_sign	948
minecraft:item	minecraft:cherry_slab	275
minecraft:item	minecraft:cherry_stairs	417
minecraft:item	minecraft:cherry_trapdoor	770
minecraft:item	minecraft:cherry_wood	176
minecraft:item	minecraft:chest	319
minecraft:item	minecraft:chest_minecart	819
minecraft:item	minecraft:chicken	1067
minecraft:item	minecraft:chicken_spawn_egg	1096
minecraft:item	minecraft:chipped_anvil	450
minecraft:item	minecraft:chiseled_bookshelf	306
minecraft:item	minecraft:chiseled_copper	98
minecraft:item	minecraft:chiseled_deepslate	372
minecraft:item	minecraft:chiseled_nether_bricks	397
minecraft:item	minecraft:chiseled_polished_blackstone	1318
minecraft:item	minecraft:chiseled_quartz_block	452
minecraft:item	minecraft:chiseled_red_sandstone	541
minecraft:item	minecraft:chiseled_resin_bricks	389
minecraft:item	minecraft:chiseled_sandstone	199
minecraft:item	minecraft:chiseled_stone_bricks	365
minecraft:item	minecraft:chiseled_tuff	16
minecraft:item	minecraft:chiseled_tuff_bricks	25
minecraft:item	minecraft:chorus_flower	313
minecraft:item	minecraft:chorus_fruit	1231
minecraft:item	minecraft:chorus_plant	312
minecraft:item	minecraft:clay	330
minecraft:item	minecraft:clay_ball	981
minecraft:item	minecraft:clock	1009
minecraft:item	minecraft:closed_eyeblossom	231
minecraft:item	minecraft:coal	860
minecraft:item	minecraft:coal_block	83
minecraft:item	minecraft:coal_ore	64
minecraft:item	minecraft:coarse_dirt	29
minecraft:item	minecraft:coast_armor_trim_smithing_template	1355
minecraft:item	minecraft:cobbled_deepslate	9
minecraft:item	minecraft:cobbled_deepslate_slab	683
minecraft:item	minecraft:cobbled_deepslate_stairs	666
minecraft:item	minecraft:cobbled_deepslate_wall	445
minecraft:item	minecraft:cobblestone	35
minecraft:item	minecraft:cobblestone_slab	288
minecraft:item	minecraft:cobblestone_stairs	324
minecraft:item	minecraft:cobblestone_wall	427
minecraft:item	minecraft:cobweb	201
minecraft:item	minecraft:cocoa_beans	1020
minecraft:item	minecraft:cod	1012
minecraft:item	minecraft:cod_bucket	976
minecraft:item	minecraft:cod_spawn_egg	1097
minecraft:item	minecraft:command_block	425
minecraft:item	minecraft:command_block_minecart	1211
minecraft:item	minecraft:comparator	692
minecraft:item	minecraft:compass	989
minecraft:item	minecraft:composter	1287
minecraft:item	minecraft:conduit	651
minecraft:item	minecraft:cooked_beef	1066
minecraft:item	minecraft:cooked_chicken	1068
minecraft:item	minecraft:cooked_cod	1016
minecraft:item	minecraft:cooked_mutton	1213
minecraft:item	minecraft:cooked_porkchop	939
minecraft:item	minecraft:cooked_rabbit	1200
minecraft:item	minecraft:cooked_salmon	1017
minecraft:item	minecraft:cookie	1057
minecraft:item	minecraft:copper_block	91
minecraft:item	minecraft:copper_bulb	1402
minecraft:item	minecraft:copper_door	756
minecraft:item	minecraft:copper_grate	1394
minecraft:item	minecraft:copper_ingot	870
minecraft:item	minecraft:copper_ore	68
minecraft:item	minecraft:copper_trapdoor	777
minecraft:item	minecraft:cornflower	241
minecraft:item	minecraft:cow_spawn_egg	1098
minecraft:item	minecraft:cracked_deepslate_bricks	369
minecraft:item	minecraft:cracked_deepslate_tiles	371
minecraft:item	minecraft:cracked_nether_bricks	396
minecraft:item	minecraft:cracked_polished_blackstone_bricks	1322
minecraft:item	minecraft:cracked_stone_bricks	364
minecraft:item	minecraft:crafter	1058
minecraft:item	minecraft:crafting_table	320
minecraft:item	minecraft:creaking_heart	318
minecraft:item	minecraft:creaking_spawn_egg	1162
minecraft:item	minecraft:creeper_banner_pattern	1277
minecraft:item	minecraft:creeper_head	1187
minecraft:item	minecraft:creeper_spawn_egg	1099
minecraft:item	minecraft:crimson_button	725
minecraft:item	minecraft:crimson_door	754
minecraft:item	minecraft:crimson_fence	342
minecraft:item	minecraft:crimson_fence_gate	795
minecraft:item	minecraft:crimson_fungus	249
minecraft:item	minecraft:crimson_hanging_sign	965
minecraft:item	minecraft:crimson_hyphae	180
minecraft:item	minecraft:crimson_nylium	33
minecraft:item	minecraft:crimson_planks	46
minecraft:item	minecraft:crimson_pressure_plate	741
minecraft:item	minecraft:crimson_roots	251
minecraft:item	minecraft:crimson_sign	953
minecraft:item	minecraft:crimson_slab	281
minecraft:item	minecraft:crimson_stairs	423
minecraft:item	minecraft:crimson_stem	145
minecraft:item	minecraft:crimson_trapdoor	775
minecraft:item	minecraft:crossbow	1273
minecraft:item	minecraft:crying_obsidian	1310
minecraft:item	minecraft:cut_copper	102
minecraft:item	minecraft:cut_copper_slab	110
minecraft:item	minecraft:cut_copper_stairs	106
minecraft:item	minecraft:cut_red_sandstone	542
minecraft:item	minecraft:cut_red_sandstone_slab	295
minecraft:item	minecraft:cut_sandstone	200
minecraft:item	minecraft:cut_sandstone_slab	286
minecraft:item	minecraft:cyan_banner	1223
minecraft:item	minecraft:cyan_bed	1050
minecraft:item	minecraft:cyan_bundle	1001
minecraft:item	minecraft:cyan_candle	1334
minecraft:item	minecraft:cyan_carpet	485
minecraft:item	minecraft:cyan_concrete	594
minecraft:item	minecraft:cyan_concrete_powder	610
minecraft:item	minecraft:cyan_dye	1030
minecraft:item	minecraft:cyan_glazed_terracotta	578
minecraft:item	minecraft:cyan_harness	811
minecraft:item	minecraft:cyan_shulker_box	562
minecraft:item	minecraft:cyan_stained_glass	510
minecraft:item	minecraft:cyan_stained_glass_pane	526
minecraft:item	minecraft:cyan_terracotta	466
minecraft:item	minecraft:cyan_wool	222
minecraft:item	minecraft:damaged_anvil	451
minecraft:item	minecraft:dandelion	229
minecraft:item	minecraft:danger_pottery_sherd	1377
minecraft:item	minecraft:dark_oak_boat	839
minecraft:item	minecraft:dark_oak_button	721
minecraft:item	minecraft:dark_oak_chest_boat	840
minecraft:item	minecraft:dark_oak_door	750
minecraft:item	minecraft:dark_oak_fence	338
minecraft:item	minecraft:dark_oak_fence_gate	791
minecraft:item	minecraft:dark_oak_hanging_sign	961
minecraft:item	minecraft:dark_oak_leaves	188
minecraft:item	minecraft:dark_oak_log	141
minecraft:item	minecraft:dark_oak_planks	42
minecraft:item	minecraft:dark_oak_pressure_plate	737
minecraft:item	minecraft:dark_oak_sapling	55
minecraft:item	minecraft:dark_oak_sign	949
minecraft:item	minecraft:dark_oak_slab	276
minecraft:item	minecraft:dark_oak_stairs	418
minecraft:item	minecraft:dark_oak_trapdoor	771
minecraft:item	minecraft:dark_oak_wood	178
minecraft:item	minecraft:dark_prismarine	535
minecraft:item	minecraft:dark_prismarine_slab	299
minecraft:item	minecraft:dark_prismarine_stairs	538
minecraft:item	minecraft:daylight_detector	705
minecraft:item	minecraft:dead_brain_coral	635
minecraft:item	minecraft:dead_brain_coral_block	621
minecraft:item	minecraft:dead_brain_coral_fan	646
minecraft:item	minecraft:dead_bubble_coral	636
minecraft:item	minecraft:dead_bubble_coral_block	622
minecraft:item	minecraft:dead_bubble_coral_fan	647
minecraft:item	minecraft:dead_bush	207
minecraft:item	minecraft:dead_fire_coral	637
minecraft:item	minecraft:dead_fire_coral_block	623
minecraft:item	minecraft:dead_fire_coral_fan	648
minecraft:item	minecraft:dead_horn_coral	638
minecraft:item	minecraft:dead_horn_coral_block	624
minecraft:item	minecraft:dead_horn_coral_fan	649
minecraft:item	minecraft:dead_tube_coral	639
minecraft:item	minecraft:dead_tube_coral_block	620
minecraft:item	minecraft:dead_tube_coral_fan	645
minecraft:item	minecraft:debug_stick	1248
minecraft:item	minecraft:decorated_pot	307
minecraft:item	minecraft:deepslate	8
minecraft:item	minecraft:deepslate_brick_slab	685
minecraft:item	minecraft:deepslate_brick_stairs	668
minecraft:item	minecraft:deepslate_brick_wall	447
minecraft:item	minecraft:deepslate_bricks	368
minecraft:item	minecraft:deepslate_coal_ore	65
minecraft:item	minecraft:deepslate_copper_ore	69
minecraft:item	minecraft:deepslate_diamond_ore	79
minecraft:item	minecraft:deepslate_emerald_ore	75
minecraft:item	minecraft:deepslate_gold_ore	71
minecraft:item	minecraft:deepslate_iron_ore	67
minecraft:item	minecraft:deepslate_lapis_ore	77
minecraft:item	minecraft:deepslate_redstone_ore	73
minecraft:item	minecraft:deepslate_tile_slab	686
minecraft:item	minecraft:deepslate_tile_stairs	669
minecraft:item	minecraft:deepslate_tile_wall	448
minecraft:item	minecraft:deepslate_tiles	370
minecraft:item	minecraft:detector_rail	798
minecraft:item	minecraft:diamond	862
minecraft:item	minecraft:diamond_axe	898
minecraft:item	minecraft:diamond_block	93
minecraft:item	minecraft:diamond_boots	928
minecraft:item	minecraft:diamond_chestplate	926
minecraft:item	minecraft:diamond_helmet	925
minecraft:item	minecraft:diamond_hoe	899
minecraft:item	minecraft:diamond_horse_armor	1207
minecraft:item	minecraft:diamond_leggings	927
minecraft:item	minecraft:diamond_ore	78
minecraft:item	minecraft:diamond_pickaxe	897
minecraft:item	minecraft:diamond_shovel	896
minecraft:item	minecraft:diamond_sword	895
minecraft:item	minecraft:diorite	4
minecraft:item	minecraft:diorite_slab	682
minecraft:item	minecraft:diorite_stairs	665
minecraft:item	minecraft:diorite_wall	441
minecraft:item	minecraft:dirt	28
minecraft:item	minecraft:dirt_path	494
minecraft:item	minecraft:disc_fragment_5	1269
minecraft:item	minecraft:dispenser	699
minecraft:item	minecraft:dolphin_spawn_egg	1100
minecraft:item	minecraft:donkey_spawn_egg	1101
minecraft:item	minecraft:dragon_breath	1238
minecraft:item	minecraft:dragon_egg	408
minecraft:item	minecraft:dragon_head	1188
minecraft:item	minecraft:dried_ghast	619
minecraft:item	minecraft:dried_kelp	1062
minecraft:item	minecraft:dried_kelp_block	982
minecraft:item	minecraft:dripstone_block	26
minecraft:item	minecraft:dropper	700
minecraft:item	minecraft:drowned_spawn_egg	1102
minecraft:item	minecraft:dune_armor_trim_smithing_template	1354
minecraft:item	minecraft:echo_shard	1350
minecraft:item	minecraft:egg	986
minecraft:item	minecraft:elder_guardian_spawn_egg	1103
minecraft:item	minecraft:elytra	826
minecraft:item	minecraft:emerald	863
minecraft:item	minecraft:emerald_block	411
minecraft:item	minecraft:emerald_ore	74
minecraft:item	minecraft:enchanted_book	1194
minecraft:item	minecraft:enchanted_golden_apple	942
minecraft:item	minecraft:enchanting_table	404
minecraft:item	minecraft:end_crystal	1230
minecraft:item	minecraft:end_portal_frame	405
minecraft:item	minecraft:end_rod	311
minecraft:item	minecraft:end_stone	406
minecraft:item	minecraft:end_stone_brick_slab	675
minecraft:item	minecraft:end_stone_brick_stairs	657
minecraft:item	minecraft:end_stone_brick_wall	440
minecraft:item	minecraft:end_stone_bricks	407
minecraft:item	minecraft:ender_chest	410
minecraft:item	minecraft:ender_dragon_spawn_egg	1104
minecraft:item	minecraft:ender_eye	1083
minecraft:item	minecraft:ender_pearl	1070
minecraft:item	minecraft:enderman_spawn_egg	1105
minecraft:item	minecraft:endermite_spawn_egg	1106
minecraft:item	minecraft:evoker_spawn_egg	1107
minecraft:item	minecraft:experience_bottle	1167
minecraft:item	minecraft:explorer_pottery_sherd	1378
minecraft:item	minecraft:exposed_chiseled_copper	99
minecraft:item	minecraft:exposed_copper	95
minecraft:item	minecraft:exposed_copper_bulb	1403
minecraft:item	minecraft:exposed_copper_door	757
minecraft:item	minecraft:exposed_copper_grate	1395
minecraft:item	minecraft:exposed_copper_trapdoor	778
minecraft:item	minecraft:exposed_cut_copper	103
minecraft:item	minecraft:exposed_cut_copper_slab	111
minecraft:item	minecraft:exposed_cut_copper_stairs	107
minecraft:item	minecraft:eye_armor_trim_smithing_template	1358
minecraft:item	minecraft:farmland	321
minecraft:item	minecraft:feather	908
minecraft:item	minecraft:fermented_spider_eye	1078
minecraft:item	minecraft:fern	203
minecraft:item	minecraft:field_masoned_banner_pattern	1284
minecraft:item	minecraft:filled_map	1059
minecraft:item	minecraft:fire_charge	1168
minecraft:item	minecraft:fire_coral	633
minecraft:item	minecraft:fire_coral_block	628
minecraft:item	minecraft:fire_coral_fan	643
minecraft:item	minecraft:firefly_bush	208
minecraft:item	minecraft:firework_rocket	1192
minecraft:item	minecraft:firework_star	1193
minecraft:item	minecraft:fishing_rod	1008
minecraft:item	minecraft:fletching_table	1292
minecraft:item	minecraft:flint	937
minecraft:item	minecraft:flint_and_steel	855
minecraft:item	minecraft:flow_armor_trim_smithing_template	1369
minecraft:item	minecraft:flow_banner_pattern	1282
minecraft:item	minecraft:flow_pottery_sherd	1379
minecraft:item	minecraft:flower_banner_pattern	1276
minecraft:item	minecraft:flower_pot	1176
minecraft:item	minecraft:flowering_azalea	206
minecraft:item	minecraft:flowering_azalea_leaves	192
minecraft:item	minecraft:fox_spawn_egg	1108
minecraft:item	minecraft:friend_pottery_sherd	1380
minecraft:item	minecraft:frog_spawn_egg	1109
minecraft:item	minecraft:frogspawn	1349
minecraft:item	minecraft:furnace	322
minecraft:item	minecraft:furnace_minecart	820
minecraft:item	minecraft:ghast_spawn_egg	1110
minecraft:item	minecraft:ghast_tear	1072
minecraft:item	minecraft:gilded_blackstone	1314
minecraft:item	minecraft:glass	195
minecraft:item	minecraft:glass_bottle	1075
minecraft:item	minecraft:glass_pane	379
minecraft:item	minecraft:glistering_melon_slice	1084
minecraft:item	minecraft:globe_banner_pattern	1280
minecraft:item	minecraft:glow_berries	1300
minecraft:item	minecraft:glow_ink_sac	1019
minecraft:item	minecraft:glow_item_frame	1175
minecraft:item	minecraft:glow_lichen	382
minecraft:item	minecraft:glow_squid_spawn_egg	1112
minecraft:item	minecraft:glowstone	354
minecraft:item	minecraft:glowstone_dust	1011
minecraft:item	minecraft:goat_horn	1286
minecraft:item	minecraft:goat_spawn_egg	1113
minecraft:item	minecraft:gold_block	92
minecraft:item	minecraft:gold_ingot	872
minecraft:item	minecraft:gold_nugget	1073
minecraft:item	minecraft:gold_ore	70
minecraft:item	minecraft:golden_apple	941
minecraft:item	minecraft:golden_axe	888
minecraft:item	minecraft:golden_boots	932
minecraft:item	minecraft:golden_carrot	1182
minecraft:item	minecraft:golden_chestplate	930
minecraft:item	minecraft:golden_helmet	929
minecraft:item	minecraft:golden_hoe	889
minecraft:item	minecraft:golden_horse_armor	1206
minecraft:item	minecraft:golden_leggings	931
minecraft:item	minecraft:golden_pickaxe	887
minecraft:item	minecraft:golden_shovel	886
minecraft:item	minecraft:golden_sword	885
minecraft:item	minecraft:granite	2
minecraft:item	minecraft:granite_slab	678
minecraft:item	minecraft:granite_stairs	661
minecraft:item	minecraft:granite_wall	433
minecraft:item	minecraft:grass_block	27
minecraft:item	minecraft:gravel	63
minecraft:item	minecraft:gray_banner	1221
minecraft:item	minecraft:gray_bed	1048
minecraft:item	minecraft:gray_bundle	999
minecraft:item	minecraft:gray_candle	1332
minecraft:item	minecraft:gray_carpet	483
minecraft:item	minecraft:gray_concrete	592
minecraft:item	minecraft:gray_concrete_powder	608
minecraft:item	minecraft:gray_dye	1028
minecraft:item	minecraft:gray_glazed_terracotta	576
minecraft:item	minecraft:gray_harness	809
minecraft:item	minecraft:gray_shulker_box	560
minecraft:item	minecraft:gray_stained_glass	508
minecraft:item	minecraft:gray_stained_glass_pane	524
minecraft:item	minecraft:gray_terracotta	464
minecraft:item	minecraft:gray_wool	220
minecraft:item	minecraft:green_banner	1227
minecraft:item	minecraft:green_bed	1054
minecraft:item	minecraft:green_bundle	1005
minecraft:item	minecraft:green_candle	1338
minecraft:item	minecraft:green_carpet	489
minecraft:item	minecraft:green_concrete	598
minecraft:item	minecraft:green_concrete_powder	614
minecraft:item	minecraft:green_dye	1034
minecraft:item	minecraft:green_glazed_terracotta	582
minecraft:item	minecraft:green_harness	815
minecraft:item	minecraft:green_shulker_box	566
minecraft:item	minecraft:green_stained_glass	514
minecraft:item	minecraft:green_stained_glass_pane	530
minecraft:item	minecraft:green_terracotta	470
minecraft:item	minecraft:green_wool	226
minecraft:item	minecraft:grindstone	1293
minecraft:item	minecraft:guardian_spawn_egg	1114
minecraft:item	minecraft:gunpowder	909
minecraft:item	minecraft:guster_banner_pattern	1283
minecraft:item	minecraft:guster_pottery_sherd	1381
minecraft:item	minecraft:hanging_roots	266
minecraft:item	minecraft:happy_ghast_spawn_egg	1111
minecraft:item	minecraft:hay_block	475
minecraft:item	minecraft:heart_of_the_sea	1272
minecraft:item	minecraft:heart_pottery_sherd	1382
minecraft:item	minecraft:heartbreak_pottery_sherd	1383
minecraft:item	minecraft:heavy_core	87
minecraft:item	minecraft:heavy_weighted_pressure_plate	730
minecraft:item	minecraft:hoglin_spawn_egg	1115
minecraft:item	minecraft:honey_block	696
minecraft:item	minecraft:honey_bottle	1307
minecraft:item	minecraft:honeycomb	1304
minecraft:item	minecraft:honeycomb_block	1308
minecraft:item	minecraft:hopper	698
minecraft:item	minecraft:hopper_minecart	822
minecraft:item	minecraft:horn_coral	634
minecraft:item	minecraft:horn_coral_block	629
minecraft:item	minecraft:horn_coral_fan	644
minecraft:item	minecraft:horse_spawn_egg	1116
minecraft:item	minecraft:host_armor_trim_smithing_template	1368
minecraft:item	minecraft:howl_pottery_sherd	1384
minecraft:item	minecraft:husk_spawn_egg	1117
minecraft:item	minecraft:ice	326
minecraft:item	minecraft:infested_chiseled_stone_bricks	360
minecraft:item	minecraft:infested_cobblestone	356
minecraft:item	minecraft:infested_cracked_stone_bricks	359
minecraft:item	minecraft:infested_deepslate	361
minecraft:item	minecraft:infested_mossy_stone_bricks	358
minecraft:item	minecraft:infested_stone	355
minecraft:item	minecraft:infested_stone_bricks	357
minecraft:item	minecraft:ink_sac	1018
minecraft:item	minecraft:iron_axe	893
minecraft:item	minecraft:iron_bars	377
minecraft:item	minecraft:iron_block	90
minecraft:item	minecraft:iron_boots	924
minecraft:item	minecraft:iron_chestplate	922
minecraft:item	minecraft:iron_door	743
minecraft:item	minecraft:iron_golem_spawn_egg	1118
minecraft:item	minecraft:iron_helmet	921
minecraft:item	minecraft:iron_hoe	894
minecraft:item	minecraft:iron_horse_armor	1205
minecraft:item	minecraft:iron_ingot	868
minecraft:item	minecraft:iron_leggings	923
minecraft:item	minecraft:iron_nugget	1246
minecraft:item	minecraft:iron_ore	66
minecraft:item	minecraft:iron_pickaxe	892
minecraft:item	minecraft:iron_shovel	891
minecraft:item	minecraft:iron_sword	890
minecraft:item	minecraft:iron_trapdoor	764
minecraft:item	minecraft:item_frame	1174
minecraft:item	minecraft:jack_o_lantern	346
minecraft:item	minecraft:jigsaw	848
minecraft:item	minecraft:jukebox	331
minecraft:item	minecraft:jungle_boat	833
minecraft:item	minecraft:jungle_button	718
minecraft:item	minecraft:jungle_chest_boat	834
minecraft:item	minecraft:jungle_door	747
minecraft:item	minecraft:jungle_fence	335
minecraft:item	minecraft:jungle_fence_gate	788
minecraft:item	minecraft:jungle_hanging_sign	958
minecraft:item	minecraft:jungle_leaves	185
minecraft:item	minecraft:jungle_log	137
minecraft:item	minecraft:jungle_planks	39
minecraft:item	minecraft:jungle_pressure_plate	734
minecraft:item	minecraft:jungle_sapling	52
minecraft:item	minecraft:jungle_sign	946
minecraft:item	minecraft:jungle_slab	273
minecraft:item	minecraft:jungle_stairs	415
minecraft:item	minecraft:jungle_trapdoor	768
minecraft:item	minecraft:jungle_wood	174
minecraft:item	minecraft:kelp	257
minecraft:item	minecraft:knowledge_book	1247
minecraft:item	minecraft:ladder	323
minecraft:item	minecraft:lantern	1297
minecraft:item	minecraft:lapis_block	197
minecraft:item	minecraft:lapis_lazuli	864
minecraft:item	minecraft:lapis_ore	76
minecraft:item	minecraft:large_amethyst_bud	1343
minecraft:item	minecraft:large_fern	500
minecraft:item	minecraft:lava_bucket	969
minecraft:item	minecraft:lead	1209
minecraft:item	minecraft:leaf_litter	260
minecraft:item	minecraft:leather	972
minecraft:item	minecraft:leather_boots	916
minecraft:item	minecraft:leather_chestplate	914
minecraft:item	minecraft:leather_helmet	913
minecraft:item	minecraft:leather_horse_armor	1208
minecraft:item	minecraft:leather_leggings	915
minecraft:item	minecraft:lectern	701
minecraft:item	minecraft:lever	703
minecraft:item	minecraft:light	474
minecraft:item	minecraft:light_blue_banner	1217
minecraft:item	minecraft:light_blue_bed	1044
minecraft:item	minecraft:light_blue_bundle	995
minecraft:item	minecraft:light_blue_candle	1328
minecraft:item	minecraft:light_blue_carpet	479
minecraft:item	minecraft:light_blue_concrete	588
minecraft:item	minecraft:light_blue_concrete_powder	604
minecraft:item	minecraft:light_blue_dye	1024
minecraft:item	minecraft:light_blue_glazed_terracotta	572
minecraft:item	minecraft:light_blue_harness	805
minecraft:item	minecraft:light_blue_shulker_box	556
minecraft:item	minecraft:light_blue_stained_glass	504
minecraft:item	minecraft:light_blue_stained_glass_pane	520
minecraft:item	minecraft:light_blue_terracotta	460
minecraft:item	minecraft:light_blue_wool	216
minecraft:item	minecraft:light_gray_banner	1222
minecraft:item	minecraft:light_gray_bed	1049
minecraft:item	minecraft:light_gray_bundle	1000
minecraft:item	minecraft:light_gray_candle	1333
minecraft:item	minecraft:light_gray_carpet	484
minecraft:item	minecraft:light_gray_concrete	593
minecraft:item	minecraft:light_gray_concrete_powder	609
minecraft:item	minecraft:light_gray_dye	1029
minecraft:item	minecraft:light_gray_glazed_terracotta	577
minecraft:item	minecraft:light_gray_harness	810
minecraft:item	minecraft:light_gray_shulker_box	561
minecraft:item	minecraft:light_gray_stained_glass	509
minecraft:item	minecraft:light_gray_stained_glass_pane	525
minecraft:item	minecraft:light_gray_terracotta	465
minecraft:item	minecraft:light_gray_wool	221
minecraft:item	minecraft:light_weighted_pressure_plate	729
minecraft:item	minecraft:lightning_rod	704
minecraft:item	minecraft:lilac	496
minecraft:item	minecraft:lily_of_the_valley	242
minecraft:item	minecraft:lily_pad	394
minecraft:item	minecraft:lime_banner	1219
minecraft:item	minecraft:lime_bed	1046
minecraft:item	minecraft:lime_bundle	997
minecraft:item	minecraft:lime_candle	1330
minecraft:item	minecraft:lime_carpet	481
minecraft:item	minecraft:lime_concrete	590
minecraft:item	minecraft:lime_concrete_powder	606
minecraft:item	minecraft:lime_dye	1026
minecraft:item	minecraft:lime_glazed_terracotta	574
minecraft:item	minecraft:lime_harness	807
minecraft:item	minecraft:lime_shulker_box	558
minecraft:item	minecraft:lime_stained_glass	506
minecraft:item	minecraft:lime_stained_glass_pane	522
minecraft:item	minecraft:lime_terracotta	462
minecraft:item	minecraft:lime_wool	218
minecraft:item	minecraft:lingering_potion	1242
minecraft:item	minecraft:llama_spawn_egg	1119
minecraft:item	minecraft:lodestone	1309
minecraft:item	minecraft:loom	1275
minecraft:item	minecraft:mace	1173
minecraft:item	minecraft:magenta_banner	1216
minecraft:item	minecraft:magenta_bed	1043
minecraft:item	minecraft:magenta_bundle	994
minecraft:item	minecraft:magenta_candle	1327
minecraft:item	minecraft:magenta_carpet	478
minecraft:item	minecraft:magenta_concrete	587
minecraft:item	minecraft:magenta_concrete_powder	603
minecraft:item	minecraft:magenta_dye	1023
minecraft:item	minecraft:magenta_glazed_terracotta	571
minecraft:item	minecraft:magenta_harness	804
minecraft:item	minecraft:magenta_shulker_box	555
minecraft:item	minecraft:magenta_stained_glass	503
minecraft:item	minecraft:magenta_stained_glass_pane	519
minecraft:item	minecraft:magenta_terracotta	459
minecraft:item	minecraft:magenta_wool	215
minecraft:item	minecraft:magma_block	546
minecraft:item	minecraft:magma_cream	1080
minecraft:item	minecraft:magma_cube_spawn_egg	1120
minecraft:item	minecraft:mangrove_boat	843
minecraft:item	minecraft:mangrove_button	723
minecraft:item	minecraft:mangrove_chest_boat	844
minecraft:item	minecraft:mangrove_door	752
minecraft:item	minecraft:mangrove_fence	340
minecraft:item	minecraft:mangrove_fence_gate	793
minecraft:item	minecraft:mangrove_hanging_sign	963
minecraft:item	minecraft:mangrove_leaves	190
minecraft:item	minecraft:mangrove_log	142
minecraft:item	minecraft:mangrove_planks	44
minecraft:item	minecraft:mangrove_pressure_plate	739
minecraft:item	minecraft:mangrove_propagule	57
minecraft:item	minecraft:mangrove_roots	143
minecraft:item	minecraft:mangrove_sign	951
minecraft:item	minecraft:mangrove_slab	278
minecraft:item	minecraft:mangrove_stairs	420
minecraft:item	minecraft:mangrove_trapdoor	773
minecraft:item	minecraft:mangrove_wood	179
minecraft:item	minecraft:map	1181
minecraft:item	minecraft:medium_amethyst_bud	1342
minecraft:item	minecraft:melon	380
minecraft:item	minecraft:melon_seeds	1064
minecraft:item	minecraft:melon_slice	1061
minecraft:item	minecraft:milk_bucket	973
minecraft:item	minecraft:minecart	818
minecraft:item	minecraft:miner_pottery_sherd	1385
minecraft:item	minecraft:mojang_banner_pattern	1279
minecraft:item	minecraft:mooshroom_spawn_egg	1121
minecraft:item	minecraft:moss_block	262
minecraft:item	minecraft:moss_carpet	261
minecraft:item	minecraft:mossy_cobblestone	308
minecraft:item	minecraft:mossy_cobblestone_slab	674
minecraft:item	minecraft:mossy_cobblestone_stairs	656
minecraft:item	minecraft:mossy_cobblestone_wall	428
minecraft:item	minecraft:mossy_stone_brick_slab	672
minecraft:item	minecraft:mossy_stone_brick_stairs	654
minecraft:item	minecraft:mossy_stone_brick_wall	432
minecraft:item	minecraft:mossy_stone_bricks	363
minecraft:item	minecraft:mourner_pottery_sherd	1386
minecraft:item	minecraft:mud	32
minecraft:item	minecraft:mud_brick_slab	291
minecraft:item	minecraft:mud_brick_stairs	392
minecraft:item	minecraft:mud_brick_wall	435
minecraft:item	minecraft:mud_bricks	367
minecraft:item	minecraft:muddy_mangrove_roots	144
minecraft:item	minecraft:mule_spawn_egg	1122
minecraft:item	minecraft:mushroom_stem	376
minecraft:item	minecraft:mushroom_stew	906
minecraft:item	minecraft:music_disc_11	1261
minecraft:item	minecraft:music_disc_13	1249
minecraft:item	minecraft:music_disc_5	1265
minecraft:item	minecraft:music_disc_blocks	1251
minecraft:item	minecraft:music_disc_cat	1250
minecraft:item	minecraft:music_disc_chirp	1252
minecraft:item	minecraft:music_disc_creator	1253
minecraft:item	minecraft:music_disc_creator_music_box	1254
minecraft:item	minecraft:music_disc_far	1255
minecraft:item	minecraft:music_disc_mall	1256
minecraft:item	minecraft:music_disc_mellohi	1257
minecraft:item	minecraft:music_disc_otherside	1263
minecraft:item	minecraft:music_disc_pigstep	1266
minecraft:item	minecraft:music_disc_precipice	1267
minecraft:item	minecraft:music_disc_relic	1264
minecraft:item	minecraft:music_disc_stal	1258
minecraft:item	minecraft:music_disc_strad	1259
minecraft:item	minecraft:music_disc_tears	1268
minecraft:item	minecraft:music_disc_wait	1262
minecraft:item	minecraft:music_disc_ward	1260
minecraft:item	minecraft:mutton	1212
minecraft:item	minecraft:mycelium	393
minecraft:item	minecraft:name_tag	1210
minecraft:item	minecraft:nautilus_shell	1271
minecraft:item	minecraft:nether_brick	1195
minecraft:item	minecraft:nether_brick_fence	398
minecraft:item	minecraft:nether_brick_slab	292
minecraft:item	minecraft:nether_brick_stairs	399
minecraft:item	minecraft:nether_brick_wall	436
minecraft:item	minecraft:nether_bricks	395
minecraft:item	minecraft:nether_gold_ore	80
minecraft:item	minecraft:nether_quartz_ore	81
minecraft:item	minecraft:nether_sprouts	253
minecraft:item	minecraft:nether_star	1190
minecraft:item	minecraft:nether_wart	1074
minecraft:item	minecraft:nether_wart_block	547
minecraft:item	minecraft:netherite_axe	903
minecraft:item	minecraft:netherite_block	94
minecraft:item	minecraft:netherite_boots	936
minecraft:item	minecraft:netherite_chestplate	934
minecraft:item	minecraft:netherite_helmet	933
minecraft:item	minecraft:netherite_hoe	904
minecraft:item	minecraft:netherite_ingot	873
minecraft:item	minecraft:netherite_leggings	935
minecraft:item	minecraft:netherite_pickaxe	902
minecraft:item	minecraft:netherite_scrap	874
minecraft:item	minecraft:netherite_shovel	901
minecraft:item	minecraft:netherite_sword	900
minecraft:item	minecraft:netherite_upgrade_smithing_template	1352
minecraft:item	minecraft:netherrack	347
minecraft:item	minecraft:note_block	712
minecraft:item	minecraft:oak_boat	827
minecraft:item	minecraft:oak_button	715
minecraft:item	minecraft:oak_chest_boat	828
minecraft:item	minecraft:oak_door	744
minecraft:item	minecraft:oak_fence	332
minecraft:item	minecraft:oak_fence_gate	785
minecraft:item	minecraft:oak_hanging_sign	955
minecraft:item	minecraft:oak_leaves	182
minecraft:item	minecraft:oak_log	134
minecraft:item	minecraft:oak_planks	36
minecraft:item	minecraft:oak_pressure_plate	731
minecraft:item	minecraft:oak_sapling	49
minecraft:item	minecraft:oak_sign	943
minecraft:item	minecraft:oak_slab	270
minecraft:item	minecraft:oak_stairs	412
minecraft:item	minecraft:oak_trapdoor	765
minecraft:item	minecraft:oak_wood	171
minecraft:item	minecraft:observer	697
minecraft:item	minecraft:obsidian	309
minecraft:item	minecraft:ocelot_spawn_egg	1123
minecraft:item	minecraft:ochre_froglight	1346
minecraft:item	minecraft:ominous_bottle	1414
minecraft:item	minecraft:ominous_trial_key	1412
minecraft:item	minecraft:open_eyeblossom	230
minecraft:item	minecraft:orange_banner	1215
minecraft:item	minecraft:orange_bed	1042
minecraft:item	minecraft:orange_bundle	993
minecraft:item	minecraft:orange_candle	1326
minecraft:item	minecraft:orange_carpet	477
minecraft:item	minecraft:orange_concrete	586
minecraft:item	minecraft:orange_concrete_powder	602
minecraft:item	minecraft:orange_dye	1022
minecraft:item	minecraft:orange_glazed_terracotta	570
minecraft:item	minecraft:orange_harness	803
minecraft:item	minecraft:orange_shulker_box	554
minecraft:item	minecraft:orange_stained_glass	502
minecraft:item	minecraft:orange_stained_glass_pane	518
minecraft:item	minecraft:orange_terracotta	458
minecraft:item	minecraft:orange_tulip	237
minecraft:item	minecraft:orange_wool	214
minecraft:item	minecraft:oxeye_daisy	240
minecraft:item	minecraft:oxidized_chiseled_copper	101
minecraft:item	minecraft:oxidized_copper	97
minecraft:item	minecraft:oxidized_copper_bulb	1405
minecraft:item	minecraft:oxidized_copper_door	759
minecraft:item	minecraft:oxidized_copper_grate	1397
minecraft:item	minecraft:oxidized_copper_trapdoor	780
minecraft:item	minecraft:oxidized_cut_copper	105
minecraft:item	minecraft:oxidized_cut_copper_slab	113
minecraft:item	minecraft:oxidized_cut_copper_stairs	109
minecraft:item	minecraft:packed_ice	493
minecraft:item	minecraft:packed_mud	366
minecraft:item	minecraft:painting	940
minecraft:item	minecraft:pale_hanging_moss	264
minecraft:item	minecraft:pale_moss_block	265
minecraft:item	minecraft:pale_moss_carpet	263
minecraft:item	minecraft:pale_oak_boat	841
minecraft:item	minecraft:pale_oak_button	722
minecraft:item	minecraft:pale_oak_chest_boat	842
minecraft:item	minecraft:pale_oak_door	751
minecraft:item	minecraft:pale_oak_fence	339
minecraft:item	minecraft:pale_oak_fence_gate	792
minecraft:item	minecraft:pale_oak_hanging_sign	962
minecraft:item	minecraft:pale_oak_leaves	189
minecraft:item	minecraft:pale_oak_log	140
minecraft:item	minecraft:pale_oak_planks	43
minecraft:item	minecraft:pale_oak_pressure_plate	738
minecraft:item	minecraft:pale_oak_sapling	56
minecraft:item	minecraft:pale_oak_sign	950
minecraft:item	minecraft:pale_oak_slab	277
minecraft:item	minecraft:pale_oak_stairs	419
minecraft:item	minecraft:pale_oak_trapdoor	772
minecraft:item	minecraft:pale_oak_wood	177
minecraft:item	minecraft:panda_spawn_egg	1124
minecraft:item	minecraft:paper	983
minecraft:item	minecraft:parrot_spawn_egg	1125
minecraft:item	minecraft:pearlescent_froglight	1348
minecraft:item	minecraft:peony	498
minecraft:item	minecraft:petrified_oak_slab	287
minecraft:item	minecraft:phantom_membrane	825
minecraft:item	minecraft:phantom_spawn_egg	1126
minecraft:item	minecraft:pig_spawn_egg	1127
minecraft:item	minecraft:piglin_banner_pattern	1281
minecraft:item	minecraft:piglin_brute_spawn_egg	1129
minecraft:item	minecraft:piglin_head	1189
minecraft:item	minecraft:piglin_spawn_egg	1128
minecraft:item	minecraft:pillager_spawn_egg	1130
minecraft:item	minecraft:pink_banner	1220
minecraft:item	minecraft:pink_bed	1047
minecraft:item	minecraft:pink_bundle	998
minecraft:item	minecraft:pink_candle	1331
minecraft:item	minecraft:pink_carpet	482
minecraft:item	minecraft:pink_concrete	591
minecraft:item	minecraft:pink_concrete_powder	607
minecraft:item	minecraft:pink_dye	1027
minecraft:item	minecraft:pink_glazed_terracotta	575
minecraft:item	minecraft:pink_harness	808
minecraft:item	minecraft:pink_petals	258
minecraft:item	minecraft:pink_shulker_box	559
minecraft:item	minecraft:pink_stained_glass	507
minecraft:item	minecraft:pink_stained_glass_pane	523
minecraft:item	minecraft:pink_terracotta	463
minecraft:item	minecraft:pink_tulip	239
minecraft:item	minecraft:pink_wool	219
minecraft:item	minecraft:piston	693
minecraft:item	minecraft:pitcher_plant	245
minecraft:item	minecraft:pitcher_pod	1234
minecraft:item	minecraft:player_head	1185
minecraft:item	minecraft:plenty_pottery_sherd	1387
minecraft:item	minecraft:podzol	30
minecraft:item	minecraft:pointed_dripstone	1345
minecraft:item	minecraft:poisonous_potato	1180
minecraft:item	minecraft:polar_bear_spawn_egg	1131
minecraft:item	minecraft:polished_andesite	7
minecraft:item	minecraft:polished_andesite_slab	681
minecraft:item	minecraft:polished_andesite_stairs	664
minecraft:item	minecraft:polished_basalt	351
minecraft:item	minecraft:polished_blackstone	1315
minecraft:item	minecraft:polished_blackstone_brick_slab	1320
minecraft:item	minecraft:polished_blackstone_brick_stairs	1321
minecraft:item	minecraft:polished_blackstone_brick_wall	444
minecraft:item	minecraft:polished_blackstone_bricks	1319
minecraft:item	minecraft:polished_blackstone_button	714
minecraft:item	minecraft:polished_blackstone_pressure_plate	728
minecraft:item	minecraft:polished_blackstone_slab	1316
minecraft:item	minecraft:polished_blackstone_stairs	1317
minecraft:item	minecraft:polished_blackstone_wall	443
minecraft:item	minecraft:polished_deepslate	10
minecraft:item	minecraft:polished_deepslate_slab	684
minecraft:item	minecraft:polished_deepslate_stairs	667
minecraft:item	minecraft:polished_deepslate_wall	446
minecraft:item	minecraft:polished_diorite	5
minecraft:item	minecraft:polished_diorite_slab	673
minecraft:item	minecraft:polished_diorite_stairs	655
minecraft:item	minecraft:polished_granite	3
minecraft:item	minecraft:polished_granite_slab	670
minecraft:item	minecraft:polished_granite_stairs	652
minecraft:item	minecraft:polished_tuff	17
minecraft:item	minecraft:polished_tuff_slab	18
minecraft:item	minecraft:polished_tuff_stairs	19
minecraft:item	minecraft:polished_tuff_wall	20
minecraft:item	minecraft:popped_chorus_fruit	1232
minecraft:item	minecraft:poppy	232
minecraft:item	minecraft:porkchop	938
minecraft:item	minecraft:potato	1178
minecraft:item	minecraft:potion	1076
minecraft:item	minecraft:powder_snow_bucket	970
minecraft:item	minecraft:powered_rail	797
minecraft:item	minecraft:prismarine	533
minecraft:item	minecraft:prismarine_brick_slab	298
minecraft:item	minecraft:prismarine_brick_stairs	537
minecraft:item	minecraft:prismarine_bricks	534
minecraft:item	minecraft:prismarine_crystals	1198
minecraft:item	minecraft:prismarine_shard	1197
minecraft:item	minecraft:prismarine_slab	297
minecraft:item	minecraft:prismarine_stairs	536
minecraft:item	minecraft:prismarine_wall	430
minecraft:item	minecraft:prize_pottery_sherd	1388
minecraft:item	minecraft:pufferfish	1015
minecraft:item	minecraft:pufferfish_bucket	974
minecraft:item	minecraft:pufferfish_spawn_egg	1132
minecraft:item	minecraft:pumpkin	344
minecraft:item	minecraft:pumpkin_pie	1191
minecraft:item	minecraft:pumpkin_seeds	1063
minecraft:item	minecraft:purple_banner	1224
minecraft:item	minecraft:purple_bed	1051
minecraft:item	minecraft:purple_bundle	1002
minecraft:item	minecraft:purple_candle	1335
minecraft:item	minecraft:purple_carpet	486
minecraft:item	minecraft:purple_concrete	595
minecraft:item	minecraft:purple_concrete_powder	611
minecraft:item	minecraft:purple_dye	1031
minecraft:item	minecraft:purple_glazed_terracotta	579
minecraft:item	minecraft:purple_harness	812
minecraft:item	minecraft:purple_shulker_box	563
minecraft:item	minecraft:purple_stained_glass	511
minecraft:item	minecraft:purple_stained_glass_pane	527
minecraft:item	minecraft:purple_terracotta	467
minecraft:item	minecraft:purple_wool	223
minecraft:item	minecraft:purpur_block	314
minecraft:item	minecraft:purpur_pillar	315
minecraft:item	minecraft:purpur_slab	296
minecraft:item	minecraft:purpur_stairs	316
minecraft:item	minecraft:quartz	865
minecraft:item	minecraft:quartz_block	453
minecraft:item	minecraft:quartz_bricks	454
minecraft:item	minecraft:quartz_pillar	455
minecraft:item	minecraft:quartz_slab	293
minecraft:item	minecraft:quartz_stairs	456
minecraft:item	minecraft:rabbit	1199
minecraft:item	minecraft:rabbit_foot	1202
minecraft:item	minecraft:rabbit_hide	1203
minecraft:item	minecraft:rabbit_spawn_egg	1133
minecraft:item	minecraft:rabbit_stew	1201
minecraft:item	minecraft:rail	799
minecraft:item	minecraft:raiser_armor_trim_smithing_template	1367
minecraft:item	minecraft:ravager_spawn_egg	1134
minecraft:item	minecraft:raw_copper	869
minecraft:item	minecraft:raw_copper_block	85
minecraft:item	minecraft:raw_gold	871
minecraft:item	minecraft:raw_gold_block	86
minecraft:item	minecraft:raw_iron	867
minecraft:item	minecraft:raw_iron_block	84
minecraft:item	minecraft:recovery_compass	990
minecraft:item	minecraft:red_banner	1228
minecraft:item	minecraft:red_bed	1055
minecraft:item	minecraft:red_bundle	1006
minecraft:item	minecraft:red_candle	1339
minecraft:item	minecraft:red_carpet	490
minecraft:item	minecraft:red_concrete	599
minecraft:item	minecraft:red_concrete_powder	615
minecraft:item	minecraft:red_dye	1035
minecraft:item	minecraft:red_glazed_terracotta	583
minecraft:item	minecraft:red_harness	816
minecraft:item	minecraft:red_mushroom	248
minecraft:item	minecraft:red_mushroom_block	375
minecraft:item	minecraft:red_nether_brick_slab	680
minecraft:item	minecraft:red_nether_brick_stairs	663
minecraft:item	minecraft:red_nether_brick_wall	438
minecraft:item	minecraft:red_nether_bricks	549
minecraft:item	minecraft:red_sand	62
minecraft:item	minecraft:red_sandstone	540
minecraft:item	minecraft:red_sandstone_slab	294
minecraft:item	minecraft:red_sandstone_stairs	543
minecraft:item	minecraft:red_sandstone_wall	431
minecraft:item	minecraft:red_shulker_box	567
minecraft:item	minecraft:red_stained_glass	515
minecraft:item	minecraft:red_stained_glass_pane	531
minecraft:item	minecraft:red_terracotta	471
minecraft:item	minecraft:red_tulip	236
minecraft:item	minecraft:red_wool	227
minecraft:item	minecraft:redstone	688
minecraft:item	minecraft:redstone_block	690
minecraft:item	minecraft:redstone_lamp	711
minecraft:item	minecraft:redstone_ore	72
minecraft:item	minecraft:redstone_torch	689
minecraft:item	minecraft:reinforced_deepslate	373
minecraft:item	minecraft:repeater	691
minecraft:item	minecraft:repeating_command_block	544
minecraft:item	minecraft:resin_block	384
minecraft:item	minecraft:resin_brick	1196
minecraft:item	minecraft:resin_brick_slab	387
minecraft:item	minecraft:resin_brick_stairs	386
minecraft:item	minecraft:resin_brick_wall	388
minecraft:item	minecraft:resin_bricks	385
minecraft:item	minecraft:resin_clump	383
minecraft:item	minecraft:respawn_anchor	1323
minecraft:item	minecraft:rib_armor_trim_smithing_template	1362
minecraft:item	minecraft:rooted_dirt	31
minecraft:item	minecraft:rose_bush	497
minecraft:item	minecraft:rotten_flesh	1069
minecraft:item	minecraft:saddle	801
minecraft:item	minecraft:salmon	1013
minecraft:item	minecraft:salmon_bucket	975
minecraft:item	minecraft:salmon_spawn_egg	1135
minecraft:item	minecraft:sand	59
minecraft:item	minecraft:sandstone	198
minecraft:item	minecraft:sandstone_slab	285
minecraft:item	minecraft:sandstone_stairs	409
minecraft:item	minecraft:sandstone_wall	439
minecraft:item	minecraft:scaffolding	687
minecraft:item	minecraft:scrape_pottery_sherd	1389
minecraft:item	minecraft:sculk	400
minecraft:item	minecraft:sculk_catalyst	402
minecraft:item	minecraft:sculk_sensor	706
minecraft:item	minecraft:sculk_shrieker	403
minecraft:item	minecraft:sculk_vein	401
minecraft:item	minecraft:sea_lantern	539
minecraft:item	minecraft:sea_pickle	212
minecraft:item	minecraft:seagrass	211
minecraft:item	minecraft:sentry_armor_trim_smithing_template	1353
minecraft:item	minecraft:shaper_armor_trim_smithing_template	1365
minecraft:item	minecraft:sheaf_pottery_sherd	1390
minecraft:item	minecraft:shears	1060
minecraft:item	minecraft:sheep_spawn_egg	1136
minecraft:item	minecraft:shelter_pottery_sherd	1391
minecraft:item	minecraft:shield	1243
minecraft:item	minecraft:short_dry_grass	209
minecraft:item	minecraft:short_grass	202
minecraft:item	minecraft:shroomlight	1303
minecraft:item	minecraft:shulker_box	552
minecraft:item	minecraft:shulker_shell	1245
minecraft:item	minecraft:shulker_spawn_egg	1137
minecraft:item	minecraft:silence_armor_trim_smithing_template	1366
minecraft:item	minecraft:silverfish_spawn_egg	1138
minecraft:item	minecraft:skeleton_horse_spawn_egg	1140
minecraft:item	minecraft:skeleton_skull	1183
minecraft:item	minecraft:skeleton_spawn_egg	1139
minecraft:item	minecraft:skull_banner_pattern	1278
minecraft:item	minecraft:skull_pottery_sherd	1392
minecraft:item	minecraft:slime_ball	985
minecraft:item	minecraft:slime_block	695
minecraft:item	minecraft:slime_spawn_egg	1141
minecraft:item	minecraft:small_amethyst_bud	1341
minecraft:item	minecraft:small_dripleaf	268
minecraft:item	minecraft:smithing_table	1294
minecraft:item	minecraft:smoker	1289
minecraft:item	minecraft:smooth_basalt	352
minecraft:item	minecraft:smooth_quartz	300
minecraft:item	minecraft:smooth_quartz_slab	677
minecraft:item	minecraft:smooth_quartz_stairs	660
minecraft:item	minecraft:smooth_red_sandstone	301
minecraft:item	minecraft:smooth_red_sandstone_slab	671
minecraft:item	minecraft:smooth_red_sandstone_stairs	653
minecraft:item	minecraft:smooth_sandstone	302
minecraft:item	minecraft:smooth_sandstone_slab	676
minecraft:item	minecraft:smooth_sandstone_stairs	659
minecraft:item	minecraft:smooth_stone	303
minecraft:item	minecraft:smooth_stone_slab	284
minecraft:item	minecraft:sniffer_egg	618
minecraft:item	minecraft:sniffer_spawn_egg	1142
minecraft:item	minecraft:snort_pottery_sherd	1393
minecraft:item	minecraft:snout_armor_trim_smithing_template	1361
minecraft:item	minecraft:snow	325
minecraft:item	minecraft:snow_block	327
minecraft:item	minecraft:snow_golem_spawn_egg	1143
minecraft:item	minecraft:snowball	971
minecraft:item	minecraft:soul_campfire	1302
minecraft:item	minecraft:soul_lantern	1298
minecraft:item	minecraft:soul_sand	348
minecraft:item	minecraft:soul_soil	349
minecraft:item	minecraft:soul_torch	353
minecraft:item	minecraft:spawner	317
minecraft:item	minecraft:spectral_arrow	1240
minecraft:item	minecraft:spider_eye	1077
minecraft:item	minecraft:spider_spawn_egg	1144
minecraft:item	minecraft:spire_armor_trim_smithing_template	1363
minecraft:item	minecraft:splash_potion	1239
minecraft:item	minecraft:sponge	193
minecraft:item	minecraft:spore_blossom	246
minecraft:item	minecraft:spruce_boat	829
minecraft:item	minecraft:spruce_button	716
minecraft:item	minecraft:spruce_chest_boat	830
minecraft:item	minecraft:spruce_door	745
minecraft:item	minecraft:spruce_fence	333
minecraft:item	minecraft:spruce_fence_gate	786
minecraft:item	minecraft:spruce_hanging_sign	956
minecraft:item	minecraft:spruce_leaves	183
minecraft:item	minecraft:spruce_log	135
minecraft:item	minecraft:spruce_planks	37
minecraft:item	minecraft:spruce_pressure_plate	732
minecraft:item	minecraft:spruce_sapling	50
minecraft:item	minecraft:spruce_sign	944
minecraft:item	minecraft:spruce_slab	271
minecraft:item	minecraft:spruce_stairs	413
minecraft:item	minecraft:spruce_trapdoor	766
minecraft:item	minecraft:spruce_wood	172
minecraft:item	minecraft:spyglass	1010
minecraft:item	minecraft:squid_spawn_egg	1145
minecraft:item	minecraft:stick	905
minecraft:item	minecraft:sticky_piston	694
minecraft:item	minecraft:stone	1
minecraft:item	minecraft:stone_axe	883
minecraft:item	minecraft:stone_brick_slab	290
minecraft:item	minecraft:stone_brick_stairs	391
minecraft:item	minecraft:stone_brick_wall	434
minecraft:item	minecraft:stone_bricks	362
minecraft:item	minecraft:stone_button	713
minecraft:item	minecraft:stone_hoe	884
minecraft:item	minecraft:stone_pickaxe	882
minecraft:item	minecraft:stone_pressure_plate	727
minecraft:item	minecraft:stone_shovel	881
minecraft:item	minecraft:stone_slab	283
minecraft:item	minecraft:stone_stairs	658
minecraft:item	minecraft:stone_sword	880
minecraft:item	minecraft:stonecutter	1295
minecraft:item	minecraft:stray_spawn_egg	1146
minecraft:item	minecraft:strider_spawn_egg	1147
minecraft:item	minecraft:string	907
minecraft:item	minecraft:stripped_acacia_log	152
minecraft:item	minecraft:stripped_acacia_wood	163
minecraft:item	minecraft:stripped_bamboo_block	170
minecraft:item	minecraft:stripped_birch_log	150
minecraft:item	minecraft:stripped_birch_wood	161
minecraft:item	minecraft:stripped_cherry_log	153
minecraft:item	minecraft:stripped_cherry_wood	164
minecraft:item	minecraft:stripped_crimson_hyphae	168
minecraft:item	minecraft:stripped_crimson_stem	157
minecraft:item	minecraft:stripped_dark_oak_log	154
minecraft:item	minecraft:stripped_dark_oak_wood	165
minecraft:item	minecraft:stripped_jungle_log	151
minecraft:item	minecraft:stripped_jungle_wood	162
minecraft:item	minecraft:stripped_mangrove_log	156
minecraft:item	minecraft:stripped_mangrove_wood	167
minecraft:item	minecraft:stripped_oak_log	148
minecraft:item	minecraft:stripped_oak_wood	159
minecraft:item	minecraft:stripped_pale_oak_log	155
minecraft:item	minecraft:stripped_pale_oak_wood	166
minecraft:item	minecraft:stripped_spruce_log	149
minecraft:item	minecraft:stripped_spruce_wood	160
minecraft:item	minecraft:stripped_warped_hyphae	169
minecraft:item	minecraft:stripped_warped_stem	158
minecraft:item	minecraft:structure_block	847
minecraft:item	minecraft:structure_void	551
minecraft:item	minecraft:sugar	1039
minecraft:item	minecraft:sugar_cane	256
minecraft:item	minecraft:sunflower	495
minecraft:item	minecraft:suspicious_gravel	61
minecraft:item	minecraft:suspicious_sand	60
minecraft:item	minecraft:suspicious_stew	1274
minecraft:item	minecraft:sweet_berries	1299
minecraft:item	minecraft:tadpole_bucket	979
minecraft:item	minecraft:tadpole_spawn_egg	1148
minecraft:item	minecraft:tall_dry_grass	210
minecraft:item	minecraft:tall_grass	499
minecraft:item	minecraft:target	702
minecraft:item	minecraft:terracotta	492
minecraft:item	minecraft:test_block	849
minecraft:item	minecraft:test_instance_block	850
minecraft:item	minecraft:tide_armor_trim_smithing_template	1360
minecraft:item	minecraft:tinted_glass	196
minecraft:item	minecraft:tipped_arrow	1241
minecraft:item	minecraft:tnt	710
minecraft:item	minecraft:tnt_minecart	821
minecraft:item	minecraft:torch	310
minecraft:item	minecraft:torchflower	244
minecraft:item	minecraft:torchflower_seeds	1233
minecraft:item	minecraft:totem_of_undying	1244
minecraft:item	minecraft:trader_llama_spawn_egg	1149
minecraft:item	minecraft:trapped_chest	709
minecraft:item	minecraft:trial_key	1411
minecraft:item	minecraft:trial_spawner	1410
minecraft:item	minecraft:trident	1270
minecraft:item	minecraft:tripwire_hook	708
minecraft:item	minecraft:tropical_fish	1014
minecraft:item	minecraft:tropical_fish_bucket	977
minecraft:item	minecraft:tropical_fish_spawn_egg	1150
minecraft:item	minecraft:tube_coral	630
minecraft:item	minecraft:tube_coral_block	625
minecraft:item	minecraft:tube_coral_fan	640
minecraft:item	minecraft:tuff	12
minecraft:item	minecraft:tuff_brick_slab	22
minecraft:item	minecraft:tuff_brick_stairs	23
minecraft:item	minecraft:tuff_brick_wall	24
minecraft:item	minecraft:tuff_bricks	21
minecraft:item	minecraft:tuff_slab	13
minecraft:item	minecraft:tuff_stairs	14
minecraft:item	minecraft:tuff_wall	15
minecraft:item	minecraft:turtle_egg	617
minecraft:item	minecraft:turtle_helmet	851
minecraft:item	minecraft:turtle_scute	852
minecraft:item	minecraft:turtle_spawn_egg	1151
minecraft:item	minecraft:twisting_vines	255
minecraft:item	minecraft:vault	1413
minecraft:item	minecraft:verdant_froglight	1347
minecraft:item	minecraft:vex_armor_trim_smithing_template	1359
minecraft:item	minecraft:vex_spawn_egg	1152
minecraft:item	minecraft:villager_spawn_egg	1153
minecraft:item	minecraft:vindicator_spawn_egg	1154
minecraft:item	minecraft:vine	381
minecraft:item	minecraft:wandering_trader_spawn_egg	1155
minecraft:item	minecraft:ward_armor_trim_smithing_template	1357
minecraft:item	minecraft:warden_spawn_egg	1156
minecraft:item	minecraft:warped_button	726
minecraft:item	minecraft:warped_door	755
minecraft:item	minecraft:warped_fence	343
minecraft:item	minecraft:warped_fence_gate	796
minecraft:item	minecraft:warped_fungus	250
minecraft:item	minecraft:warped_fungus_on_a_stick	824
minecraft:item	minecraft:warped_hanging_sign	966
minecraft:item	minecraft:warped_hyphae	181
minecraft:item	minecraft:warped_nylium	34
minecraft:item	minecraft:warped_planks	47
minecraft:item	minecraft:warped_pressure_plate	742
minecraft:item	minecraft:warped_roots	252
minecraft:item	minecraft:warped_sign	954
minecraft:item	minecraft:warped_slab	282
minecraft:item	minecraft:warped_stairs	424
minecraft:item	minecraft:warped_stem	146
minecraft:item	minecraft:warped_trapdoor	776
minecraft:item	minecraft:warped_wart_block	548
minecraft:item	minecraft:water_bucket	968
minecraft:item	minecraft:waxed_chiseled_copper	118
minecraft:item	minecraft:waxed_copper_block	114
minecraft:item	minecraft:waxed_copper_bulb	1406
minecraft:item	minecraft:waxed_copper_door	760
minecraft:item	minecraft:waxed_copper_grate	1398
minecraft:item	minecraft:waxed_copper_trapdoor	781
minecraft:item	minecraft:waxed_cut_copper	122
minecraft:item	minecraft:waxed_cut_copper_slab	130
minecraft:item	minecraft:waxed_cut_copper_stairs	126
minecraft:item	minecraft:waxed_exposed_chiseled_copper	119
minecraft:item	minecraft:waxed_exposed_copper	115
minecraft:item	minecraft:waxed_exposed_copper_bulb	1407
minecraft:item	minecraft:waxed_exposed_copper_door	761
minecraft:item	minecraft:waxed_exposed_copper_grate	1399
minecraft:item	minecraft:waxed_exposed_copper_trapdoor	782
minecraft:item	minecraft:waxed_exposed_cut_copper	123
minecraft:item	minecraft:waxed_exposed_cut_copper_slab	131
minecraft:item	minecraft:waxed_exposed_cut_copper_stairs	127
minecraft:item	minecraft:waxed_oxidized_chiseled_copper	121
minecraft:item	minecraft:waxed_oxidized_copper	117
minecraft:item	minecraft:waxed_oxidized_copper_bulb	1409
minecraft:item	minecraft:waxed_oxidized_copper_door	763
minecraft:item	minecraft:waxed_oxidized_copper_grate	1401
minecraft:item	minecraft:waxed_oxidized_copper_trapdoor	784
minecraft:item	minecraft:waxed_oxidized_cut_copper	125
minecraft:item	minecraft:waxed_oxidized_cut_copper_slab	133
minecraft:item	minecraft:waxed_oxidized_cut_copper_stairs	129
minecraft:item	minecraft:waxed_weathered_chiseled_copper	120
minecraft:item	minecraft:waxed_weathered_copper	116
minecraft:item	minecraft:waxed_weathered_copper_bulb	1408
minecraft:item	minecraft:waxed_weathered_copper_door	762
minecraft:item	minecraft:waxed_weathered_copper_grate	1400
minecraft:item	minecraft:waxed_weathered_copper_trapdoor	783
minecraft:item	minecraft:waxed_weathered_cut_copper	124
minecraft:item	minecraft:waxed_weathered_cut_copper_slab	132
minecraft:item	minecraft:waxed_weathered_cut_copper_stairs	128
minecraft:item	minecraft:wayfinder_armor_trim_smithing_template	1364
minecraft:item	minecraft:weathered_chiseled_copper	100
minecraft:item	minecraft:weathered_copper	96
minecraft:item	minecraft:weathered_copper_bulb	1404
minecraft:item	minecraft:weathered_copper_door	758
minecraft:item	minecraft:weathered_copper_grate	1396
minecraft:item	minecraft:weathered_copper_trapdoor	779
minecraft:item	minecraft:weathered_cut_copper	104
minecraft:item	minecraft:weathered_cut_copper_slab	112
minecraft:item	minecraft:weathered_cut_copper_stairs	108
minecraft:item	minecraft:weeping_vines	254
minecraft:item	minecraft:wet_sponge	194
minecraft:item	minecraft:wheat	911
minecraft:item	minecraft:wheat_seeds	910
minecraft:item	minecraft:white_banner	1214
minecraft:item	minecraft:white_bed	1041
minecraft:item	minecraft:white_bundle	992
minecraft:item	minecraft:white_candle	1325
minecraft:item	minecraft:white_carpet	476
minecraft:item	minecraft:white_concrete	585
minecraft:item	minecraft:white_concrete_powder	601
minecraft:item	minecraft:white_dye	1021
minecraft:item	minecraft:white_glazed_terracotta	569
minecraft:item	minecraft:white_harness	802
minecraft:item	minecraft:white_shulker_box	553
minecraft:item	minecraft:white_stained_glass	501
minecraft:item	minecraft:white_stained_glass_pane	517
minecraft:item	minecraft:white_terracotta	457
minecraft:item	minecraft:white_tulip	238
minecraft:item	minecraft:white_wool	213
minecraft:item	minecraft:wild_armor_trim_smithing_template	1356
minecraft:item	minecraft:wildflowers	259
minecraft:item	minecraft:wind_charge	1169
minecraft:item	minecraft:witch_spawn_egg	1157
minecraft:item	minecraft:wither_rose	243
minecraft:item	minecraft:wither_skeleton_skull	1184
minecraft:item	minecraft:wither_skeleton_spawn_egg	1159
minecraft:item	minecraft:wither_spawn_egg	1158
minecraft:item	minecraft:wolf_armor	854
minecraft:item	minecraft:wolf_spawn_egg	1160
minecraft:item	minecraft:wooden_axe	878
minecraft:item	minecraft:wooden_hoe	879
minecraft:item	minecraft:wooden_pickaxe	877
minecraft:item	minecraft:wooden_shovel	876
minecraft:item	minecraft:wooden_sword	875
minecraft:item	minecraft:writable_book	1170
minecraft:item	minecraft:written_book	1171
minecraft:item	minecraft:yellow_banner	1218
minecraft:item	minecraft:yellow_bed	1045
minecraft:item	minecraft:yellow_bundle	996
minecraft:item	minecraft:yellow_candle	1329
minecraft:item	minecraft:yellow_carpet	480
minecraft:item	minecraft:yellow_concrete	589
minecraft:item	minecraft:yellow_concrete_powder	605
minecraft:item	minecraft:yellow_dye	1025
minecraft:item	minecraft:yellow_glazed_terracotta	573
minecraft:item	minecraft:yellow_harness	806
minecraft:item	minecraft:yellow_shulker_box	557
minecraft:item	minecraft:yellow_stained_glass	505
minecraft:item	minecraft:yellow_stained_glass_pane	521
minecraft:item	minecraft:yellow_terracotta	461
minecraft:item	minecraft:yellow_wool	217
minecraft:item	minecraft:zoglin_spawn_egg	1161
minecraft:item	minecraft:zombie_head	1186
minecraft:item	minecraft:zombie_horse_spawn_egg	1164
minecraft:item	minecraft:zombie_spawn_egg	1163
minecraft:item	minecraft:zombie_villager_spawn_egg	1165
minecraft:item	minecraft:zombified_piglin_spawn_egg	1166
minecraft:loot_condition_type	minecraft:all_of	2
minecraft:loot_condition_type	minecraft:any_of	1
minecraft:loot_condition_type	minecraft:block_state_property	8
minecraft:loot_condition_type	minecraft:damage_source_properties	12
minecraft:loot_condition_type	minecraft:enchantment_active_check	18
minecraft:loot_condition_type	minecraft:entity_properties	5
minecraft:loot_condition_type	minecraft:entity_scores	7
minecraft:loot_condition_type	minecraft:inverted	0
minecraft:loot_condition_type	minecraft:killed_by_player	6
minecraft:loot_condition_type	minecraft:location_check	13
minecraft:loot_condition_type	minecraft:match_tool	9
minecraft:loot_condition_type	minecraft:random_chance	3
minecraft:loot_condition_type	minecraft:random_chance_with_enchanted_bonus	4
minecraft:loot_condition_type	minecraft:reference	15
minecraft:loot_condition_type	minecraft:survives_explosion	11
minecraft:loot_condition_type	minecraft:table_bonus	10
minecraft:loot_condition_type	minecraft:time_check	16
minecraft:loot_condition_type	minecraft:value_check	17
minecraft:loot_condition_type	minecraft:weather_check	14
minecraft:loot_function_type	minecraft:apply_bonus	19
minecraft:loot_function_type	minecraft:copy_components	31
minecraft:loot_function_type	minecraft:copy_custom_data	24
minecraft:loot_function_type	minecraft:copy_name	14
minecraft:loot_function_type	minecraft:copy_state	25
minecraft:loot_function_type	minecraft:enchant_randomly	3
minecraft:loot_function_type	minecraft:enchant_with_levels	2
minecraft:loot_function_type	minecraft:enchanted_count_increase	8
minecraft:loot_function_type	minecraft:exploration_map	12
minecraft:loot_function_type	minecraft:explosion_decay	21
minecraft:loot_function_type	minecraft:fill_player_head	23
minecraft:loot_function_type	minecraft:filtered	17
minecraft:loot_function_type	minecraft:furnace_smelt	7
minecraft:loot_function_type	minecraft:limit_count	18
minecraft:loot_function_type	minecraft:modify_contents	16
minecraft:loot_function_type	minecraft:reference	29
minecraft:loot_function_type	minecraft:sequence	30
minecraft:loot_function_type	minecraft:set_attributes	10
minecraft:loot_function_type	minecraft:set_banner_pattern	26
minecraft:loot_function_type	minecraft:set_book_cover	34
minecraft:loot_function_type	minecraft:set_components	6
minecraft:loot_function_type	minecraft:set_contents	15
minecraft:loot_function_type	minecraft:set_count	0
minecraft:loot_function_type	minecraft:set_custom_data	5
minecraft:loot_function_type	minecraft:set_custom_model_data	39
minecraft:loot_function_type	minecraft:set_damage	9
minecraft:loot_function_type	minecraft:set_enchantments	4
minecraft:loot_function_type	minecraft:set_firework_explosion	33
minecraft:loot_function_type	minecraft:set_fireworks	32
minecraft:loot_function_type	minecraft:set_instrument	28
minecraft:loot_function_type	minecraft:set_item	1
minecraft:loot_function_type	minecraft:set_loot_table	20
minecraft:loot_function_type	minecraft:set_lore	22
minecraft:loot_function_type	minecraft:set_name	11
minecraft:loot_function_type	minecraft:set_ominous_bottle_amplifier	38
minecraft:loot_function_type	minecraft:set_potion	27
minecraft:loot_function_type	minecraft:set_stew_effect	13
minecraft:loot_function_type	minecraft:set_writable_book_pages	36
minecraft:loot_function_type	minecraft:set_written_book_pages	35
minecraft:loot_function_type	minecraft:toggle_tooltips	37
minecraft:loot_nbt_provider_type	minecraft:context	1
minecraft:loot_nbt_provider_type	minecraft:storage	0
minecraft:loot_number_provider_type	minecraft:binomial	2
minecraft:loot_number_provider_type	minecraft:constant	0
minecraft:loot_number_provider_type	minecraft:enchantment_level	5
minecraft:loot_number_provider_type	minecraft:score	3
minecraft:loot_number_provider_type	minecraft:storage	4
minecraft:loot_number_provider_type	minecraft:uniform	1
minecraft:loot_pool_entry_type	minecraft:alternatives	5
minecraft:loot_pool_entry_type	minecraft:dynamic	3
minecraft:loot_pool_entry_type	minecraft:empty	0
minecraft:loot_pool_entry_type	minecraft:group	7
minecraft:loot_pool_entry_type	minecraft:item	1
minecraft:loot_pool_entry_type	minecraft:loot_table	2
minecraft:loot_pool_entry_type	minecraft:sequence	6
minecraft:loot_pool_entry_type	minecraft:tag	4
minecraft:loot_score_provider_type	minecraft:context	1
minecraft:loot_score_provider_type	minecraft:fixed	0
minecraft:map_decoration_type	minecraft:banner_black	25
minecraft:map_decoration_type	minecraft:banner_blue	21
minecraft:map_decoration_type	minecraft:banner_brown	22
minecraft:map_decoration_type	minecraft:banner_cyan	19
minecraft:map_decoration_type	minecraft:banner_gray	17
minecraft:map_decoration_type	minecraft:banner_green	23
minecraft:map_decoration_type	minecraft:banner_light_blue	13
minecraft:map_decoration_type	minecraft:banner_light_gray	18
minecraft:map_decoration_type	minecraft:banner_lime	15
minecraft:map_decoration_type	minecraft:banner_magenta	12
minecraft:map_decoration_type	minecraft:banner_orange	11
minecraft:map_decoration_type	minecraft:banner_pink	16
minecraft:map_decoration_type	minecraft:banner_purple	20
minecraft:map_decoration_type	minecraft:banner_red	24
minecraft:map_decoration_type	minecraft:banner_white	10
minecraft:map_decoration_type	minecraft:banner_yellow	14
minecraft:map_decoration_type	minecraft:blue_marker	3
minecraft:map_decoration_type	minecraft:frame	1
minecraft:map_decoration_type	minecraft:jungle_temple	32
minecraft:map_decoration_type	minecraft:mansion	8
minecraft:map_decoration_type	minecraft:monument	9
minecraft:map_decoration_type	minecraft:player	0
minecraft:map_decoration_type	minecraft:player_off_limits	7
minecraft:map_decoration_type	minecraft:player_off_map	6
minecraft:map_decoration_type	minecraft:red_marker	2
minecraft:map_decoration_type	minecraft:red_x	26
minecraft:map_decoration_type	minecraft:swamp_hut	33
minecraft:map_decoration_type	minecraft:target_point	5
minecraft:map_decoration_type	minecraft:target_x	4
minecraft:map_decoration_type	minecraft:trial_chambers	34
minecraft:map_decoration_type	minecraft:village_desert	27
minecraft:map_decoration_type	minecraft:village_plains	28
minecraft:map_decoration_type	minecraft:village_savanna	29
minecraft:map_decoration_type	minecraft:village_snowy	30
minecraft:map_decoration_type	minecraft:village_taiga	31
minecraft:memory_module_type	minecraft:admiring_disabled	59
minecraft:memory_module_type	minecraft:admiring_item	56
minecraft:memory_module_type	minecraft:angry_at	54
minecraft:memory_module_type	minecraft:ate_recently	74
minecraft:memory_module_type	minecraft:attack_cooling_down	16
minecraft:memory_module_type	minecraft:attack_target	15
minecraft:memory_module_type	minecraft:avoid_target	26
minecraft:memory_module_type	minecraft:breed_target	18
minecraft:memory_module_type	minecraft:breeze_jump_cooldown	99
minecraft:memory_module_type	minecraft:breeze_jump_inhaling	104
minecraft:memory_module_type	minecraft:breeze_jump_target	105
minecraft:memory_module_type	minecraft:breeze_leaving_water	106
minecraft:memory_module_type	minecraft:breeze_shoot	100
minecraft:memory_module_type	minecraft:breeze_shoot_charging	101
minecraft:memory_module_type	minecraft:breeze_shoot_cooldown	103
minecraft:memory_module_type	minecraft:breeze_shoot_recover	102
minecraft:memory_module_type	minecraft:cant_reach_walk_target_since	31
minecraft:memory_module_type	minecraft:celebrate_location	61
minecraft:memory_module_type	minecraft:dancing	62
minecraft:memory_module_type	minecraft:danger_detected_recently	33
minecraft:memory_module_type	minecraft:dig_cooldown	83
minecraft:memory_module_type	minecraft:disable_walk_to_admire_item	58
minecraft:memory_module_type	minecraft:disturbance_location	78
minecraft:memory_module_type	minecraft:doors_to_close	22
minecraft:memory_module_type	minecraft:dummy	0
minecraft:memory_module_type	minecraft:gaze_cooldown_ticks	43
minecraft:memory_module_type	minecraft:golem_detected_recently	32
minecraft:memory_module_type	minecraft:has_hunting_cooldown	47
minecraft:memory_module_type	minecraft:heard_bell_time	30
minecraft:memory_module_type	minecraft:hiding_place	29
minecraft:memory_module_type	minecraft:home	1
minecraft:memory_module_type	minecraft:hunted_recently	60
minecraft:memory_module_type	minecraft:hurt_by	24
minecraft:memory_module_type	minecraft:hurt_by_entity	25
minecraft:memory_module_type	minecraft:interactable_doors	21
minecraft:memory_module_type	minecraft:interaction_target	17
minecraft:memory_module_type	minecraft:is_emerging	81
minecraft:memory_module_type	minecraft:is_in_water	50
minecraft:memory_module_type	minecraft:is_panicking	52
minecraft:memory_module_type	minecraft:is_pregnant	51
minecraft:memory_module_type	minecraft:is_sniffing	80
minecraft:memory_module_type	minecraft:is_tempted	44
minecraft:memory_module_type	minecraft:item_pickup_cooldown_ticks	94
minecraft:memory_module_type	minecraft:job_site	2
minecraft:memory_module_type	minecraft:last_slept	34
minecraft:memory_module_type	minecraft:last_woken	35
minecraft:memory_module_type	minecraft:last_worked_at_poi	36
minecraft:memory_module_type	minecraft:liked_noteblock	92
minecraft:memory_module_type	minecraft:liked_noteblock_cooldown_ticks	93
minecraft:memory_module_type	minecraft:liked_player	91
minecraft:memory_module_type	minecraft:long_jump_cooling_down	45
minecraft:memory_module_type	minecraft:long_jump_mid_jump	46
minecraft:memory_module_type	minecraft:look_target	14
minecraft:memory_module_type	minecraft:meeting_point	4
minecraft:memory_module_type	minecraft:mobs	6
minecraft:memory_module_type	minecraft:nearby_adult_piglins	66
minecraft:memory_module_type	minecraft:nearest_attackable	28
minecraft:memory_module_type	minecraft:nearest_bed	23
minecraft:memory_module_type	minecraft:nearest_hostile	27
minecraft:memory_module_type	minecraft:nearest_player_holding_wanted_item	73
minecraft:memory_module_type	minecraft:nearest_players	9
minecraft:memory_module_type	minecraft:nearest_repellent	75
minecraft:memory_module_type	minecraft:nearest_targetable_player_not_wearing_gold	65
minecraft:memory_module_type	minecraft:nearest_visible_adult	37
minecraft:memory_module_type	minecraft:nearest_visible_adult_hoglins	68
minecraft:memory_module_type	minecraft:nearest_visible_adult_piglin	69
minecraft:memory_module_type	minecraft:nearest_visible_adult_piglins	67
minecraft:memory_module_type	minecraft:nearest_visible_baby_hoglin	64
minecraft:memory_module_type	minecraft:nearest_visible_huntable_hoglin	63
minecraft:memory_module_type	minecraft:nearest_visible_nemesis	39
minecraft:memory_module_type	minecraft:nearest_visible_player	10
minecraft:memory_module_type	minecraft:nearest_visible_targetable_player	11
minecraft:memory_module_type	minecraft:nearest_visible_targetable_players	12
minecraft:memory_module_type	minecraft:nearest_visible_wanted_item	38
minecraft:memory_module_type	minecraft:nearest_visible_zombified	70
minecraft:memory_module_type	minecraft:pacified	76
minecraft:memory_module_type	minecraft:path	20
minecraft:memory_module_type	minecraft:play_dead_ticks	40
minecraft:memory_module_type	minecraft:potential_job_site	3
minecraft:memory_module_type	minecraft:ram_cooldown_ticks	48
minecraft:memory_module_type	minecraft:ram_target	49
minecraft:memory_module_type	minecraft:recent_projectile	79
minecraft:memory_module_type	minecraft:ride_target	19
minecraft:memory_module_type	minecraft:roar_sound_cooldown	84
minecraft:memory_module_type	minecraft:roar_sound_delay	82
minecraft:memory_module_type	minecraft:roar_target	77
minecraft:memory_module_type	minecraft:secondary_job_site	5
minecraft:memory_module_type	minecraft:sniff_cooldown	85
minecraft:memory_module_type	minecraft:sniffer_digging	97
minecraft:memory_module_type	minecraft:sniffer_explored_positions	95
minecraft:memory_module_type	minecraft:sniffer_happy	98
minecraft:memory_module_type	minecraft:sniffer_sniffing_target	96
minecraft:memory_module_type	minecraft:sonic_boom_cooldown	88
minecraft:memory_module_type	minecraft:sonic_boom_sound_cooldown	89
minecraft:memory_module_type	minecraft:sonic_boom_sound_delay	90
minecraft:memory_module_type	minecraft:temptation_cooldown_ticks	42
minecraft:memory_module_type	minecraft:tempting_player	41
minecraft:memory_module_type	minecraft:time_trying_to_reach_admire_item	57
minecraft:memory_module_type	minecraft:touch_cooldown	86
minecraft:memory_module_type	minecraft:universal_anger	55
minecraft:memory_module_type	minecraft:unreachable_tongue_targets	53
minecraft:memory_module_type	minecraft:vibration_cooldown	87
minecraft:memory_module_type	minecraft:visible_adult_hoglin_count	72
minecraft:memory_module_type	minecraft:visible_adult_piglin_count	71
minecraft:memory_module_type	minecraft:visible_mobs	7
minecraft:memory_module_type	minecraft:visible_villager_babies	8
minecraft:memory_module_type	minecraft:walk_target	13
minecraft:menu	minecraft:anvil	8
minecraft:menu	minecraft:beacon	9
minecraft:menu	minecraft:blast_furnace	10
minecraft:menu	minecraft:brewing_stand	11
minecraft:menu	minecraft:cartography_table	23
minecraft:menu	minecraft:crafter_3x3	7
minecraft:menu	minecraft:crafting	12
minecraft:menu	minecraft:enchantment	13
minecraft:menu	minecraft:furnace	14
minecraft:menu	minecraft:generic_3x3	6
minecraft:menu	minecraft:generic_9x1	0
minecraft:menu	minecraft:generic_9x2	1
minecraft:menu	minecraft:generic_9x3	2
minecraft:menu	minecraft:generic_9x4	3
minecraft:menu	minecraft:generic_9x5	4
minecraft:menu	minecraft:generic_9x6	5
minecraft:menu	minecraft:grindstone	15
minecraft:menu	minecraft:hopper	16
minecraft:menu	minecraft:lectern	17
minecraft:menu	minecraft:loom	18
minecraft:menu	minecraft:merchant	19
minecraft:menu	minecraft:shulker_box	20
minecraft:menu	minecraft:smithing	21
minecraft:menu	minecraft:smoker	22
minecraft:menu	minecraft:stonecutter	24
minecraft:mob_effect	minecraft:absorption	21
minecraft:mob_effect	minecraft:bad_omen	30
minecraft:mob_effect	minecraft:blindness	14
minecraft:mob_effect	minecraft:conduit_power	28
minecraft:mob_effect	minecraft:darkness	32
minecraft:mob_effect	minecraft:dolphins_grace	29
minecraft:mob_effect	minecraft:fire_resistance	11
minecraft:mob_effect	minecraft:glowing	23
minecraft:mob_effect	minecraft:haste	2
minecraft:mob_effect	minecraft:health_boost	20
minecraft:mob_effect	minecraft:hero_of_the_village	31
minecraft:mob_effect	minecraft:hunger	16
minecraft:mob_effect	minecraft:infested	38
minecraft:mob_effect	minecraft:instant_damage	6
minecraft:mob_effect	minecraft:instant_health	5
minecraft:mob_effect	minecraft:invisibility	13
minecraft:mob_effect	minecraft:jump_boost	7
minecraft:mob_effect	minecraft:levitation	24
minecraft:mob_effect	minecraft:luck	25
minecraft:mob_effect	minecraft:mining_fatigue	3
minecraft:mob_effect	minecraft:nausea	8
minecraft:mob_effect	minecraft:night_vision	15
minecraft:mob_effect	minecraft:oozing	37
minecraft:mob_effect	minecraft:poison	18
minecraft:mob_effect	minecraft:raid_omen	34
minecraft:mob_effect	minecraft:regeneration	9
minecraft:mob_effect	minecraft:resistance	10
minecraft:mob_effect	minecraft:saturation	22
minecraft:mob_effect	minecraft:slow_falling	27
minecraft:mob_effect	minecraft:slowness	1
minecraft:mob_effect	minecraft:speed	0
minecraft:mob_effect	minecraft:strength	4
minecraft:mob_effect	minecraft:trial_omen	33
minecraft:mob_effect	minecraft:unluck	26
minecraft:mob_effect	minecraft:water_breathing	12
minecraft:mob_effect	minecraft:weakness	17
minecraft:mob_effect	minecraft:weaving	36
minecraft:mob_effect	minecraft:wind_charged	35
minecraft:mob_effect	minecraft:wither	19
minecraft:number_format_type	minecraft:blank	0
minecraft:number_format_type	minecraft:fixed	2
minecraft:number_format_type	minecraft:styled	1
minecraft:particle_type	minecraft:angry_villager	0
minecraft:particle_type	minecraft:ash	81
minecraft:particle_type	minecraft:block	1
minecraft:particle_type	minecraft:block_crumble	112
minecraft:particle_type	minecraft:block_marker	2
minecraft:particle_type	minecraft:bubble	3
minecraft:particle_type	minecraft:bubble_column_up	71
minecraft:particle_type	minecraft:bubble_pop	69
minecraft:particle_type	minecraft:campfire_cosy_smoke	74
minecraft:particle_type	minecraft:campfire_signal_smoke	75
minecraft:particle_type	minecraft:cherry_leaves	33
minecraft:particle_type	minecraft:cloud	4
minecraft:particle_type	minecraft:composter	43
minecraft:particle_type	minecraft:crimson_spore	82
minecraft:particle_type	minecraft:crit	5
minecraft:particle_type	minecraft:current_down	70
minecraft:particle_type	minecraft:damage_indicator	6
minecraft:particle_type	minecraft:dolphin	73
minecraft:particle_type	minecraft:dragon_breath	7
minecraft:particle_type	minecraft:dripping_dripstone_lava	92
minecraft:particle_type	minecraft:dripping_dripstone_water	94
minecraft:particle_type	minecraft:dripping_honey	76
minecraft:particle_type	minecraft:dripping_lava	8
minecraft:particle_type	minecraft:dripping_obsidian_tear	85
minecraft:particle_type	minecraft:dripping_water	11
minecraft:particle_type	minecraft:dust	13
minecraft:particle_type	minecraft:dust_color_transition	14
minecraft:particle_type	minecraft:dust_pillar	108
minecraft:particle_type	minecraft:dust_plume	104
minecraft:particle_type	minecraft:effect	15
minecraft:particle_type	minecraft:egg_crack	103
minecraft:particle_type	minecraft:elder_guardian	16
minecraft:particle_type	minecraft:electric_spark	100
minecraft:particle_type	minecraft:enchant	18
minecraft:particle_type	minecraft:enchanted_hit	17
minecraft:particle_type	minecraft:end_rod	19
minecraft:particle_type	minecraft:entity_effect	20
minecraft:particle_type	minecraft:explosion	22
minecraft:particle_type	minecraft:explosion_emitter	21
minecraft:particle_type	minecraft:falling_dripstone_lava	93
minecraft:particle_type	minecraft:falling_dripstone_water	95
minecraft:particle_type	minecraft:falling_dust	28
minecraft:particle_type	minecraft:falling_honey	77
minecraft:particle_type	minecraft:falling_lava	9
minecraft:particle_type	minecraft:falling_nectar	79
minecraft:particle_type	minecraft:falling_obsidian_tear	86
minecraft:particle_type	minecraft:falling_spore_blossom	80
minecraft:particle_type	minecraft:falling_water	12
minecraft:particle_type	minecraft:firefly	113
minecraft:particle_type	minecraft:firework	29
minecraft:particle_type	minecraft:fishing	30
minecraft:particle_type	minecraft:flame	31
minecraft:particle_type	minecraft:flash	41
minecraft:particle_type	minecraft:glow	97
minecraft:particle_type	minecraft:glow_squid_ink	96
minecraft:particle_type	minecraft:gust	23
minecraft:particle_type	minecraft:gust_emitter_large	25
minecraft:particle_type	minecraft:gust_emitter_small	26
minecraft:particle_type	minecraft:happy_villager	42
minecraft:particle_type	minecraft:heart	44
minecraft:particle_type	minecraft:infested	32
minecraft:particle_type	minecraft:instant_effect	45
minecraft:particle_type	minecraft:item	46
minecraft:particle_type	minecraft:item_cobweb	50
minecraft:particle_type	minecraft:item_slime	49
minecraft:particle_type	minecraft:item_snowball	51
minecraft:particle_type	minecraft:landing_honey	78
minecraft:particle_type	minecraft:landing_lava	10
minecraft:particle_type	minecraft:landing_obsidian_tear	87
minecraft:particle_type	minecraft:large_smoke	52
minecraft:particle_type	minecraft:lava	53
minecraft:particle_type	minecraft:mycelium	54
minecraft:particle_type	minecraft:nautilus	72
minecraft:particle_type	minecraft:note	55
minecraft:particle_type	minecraft:ominous_spawning	109
minecraft:particle_type	minecraft:pale_oak_leaves	34
minecraft:particle_type	minecraft:poof	56
minecraft:particle_type	minecraft:portal	57
minecraft:particle_type	minecraft:raid_omen	110
minecraft:particle_type	minecraft:rain	58
minecraft:particle_type	minecraft:reverse_portal	88
minecraft:particle_type	minecraft:scrape	101
minecraft:particle_type	minecraft:sculk_charge	37
minecraft:particle_type	minecraft:sculk_charge_pop	38
minecraft:particle_type	minecraft:sculk_soul	36
minecraft:particle_type	minecraft:shriek	102
minecraft:particle_type	minecraft:small_flame	90
minecraft:particle_type	minecraft:small_gust	24
minecraft:particle_type	minecraft:smoke	59
minecraft:particle_type	minecraft:sneeze	61
minecraft:particle_type	minecraft:snowflake	91
minecraft:particle_type	minecraft:sonic_boom	27
minecraft:particle_type	minecraft:soul	40
minecraft:particle_type	minecraft:soul_fire_flame	39
minecraft:particle_type	minecraft:spit	62
minecraft:particle_type	minecraft:splash	67
minecraft:particle_type	minecraft:spore_blossom_air	84
minecraft:particle_type	minecraft:squid_ink	63
minecraft:particle_type	minecraft:sweep_attack	64
minecraft:particle_type	minecraft:tinted_leaves	35
minecraft:particle_type	minecraft:totem_of_undying	65
minecraft:particle_type	minecraft:trail	48
minecraft:particle_type	minecraft:trial_omen	111
minecraft:particle_type	minecraft:trial_spawner_detection	105
minecraft:particle_type	minecraft:trial_spawner_detection_ominous	106
minecraft:particle_type	minecraft:underwater	66
minecraft:particle_type	minecraft:vault_connection	107
minecraft:particle_type	minecraft:vibration	47
minecraft:particle_type	minecraft:warped_spore	83
minecraft:particle_type	minecraft:wax_off	99
minecraft:particle_type	minecraft:wax_on	98
minecraft:particle_type	minecraft:white_ash	89
minecraft:particle_type	minecraft:white_smoke	60
minecraft:particle_type	minecraft:witch	68
minecraft:point_of_interest_type	minecraft:armorer	0
minecraft:point_of_interest_type	minecraft:bee_nest	16
minecraft:point_of_interest_type	minecraft:beehive	15
minecraft:point_of_interest_type	minecraft:butcher	1
minecraft:point_of_interest_type	minecraft:cartographer	2
minecraft:point_of_interest_type	minecraft:cleric	3
minecraft:point_of_interest_type	minecraft:farmer	4
minecraft:point_of_interest_type	minecraft:fisherman	5
minecraft:point_of_interest_type	minecraft:fletcher	6
minecraft:point_of_interest_type	minecraft:home	13
minecraft:point_of_interest_type	minecraft:leatherworker	7
minecraft:point_of_interest_type	minecraft:librarian	8
minecraft:point_of_interest_type	minecraft:lightning_rod	20
minecraft:point_of_interest_type	minecraft:lodestone	18
minecraft:point_of_interest_type	minecraft:mason	9
minecraft:point_of_interest_type	minecraft:meeting	14
minecraft:point_of_interest_type	minecraft:nether_portal	17
minecraft:point_of_interest_type	minecraft:shepherd	10
minecraft:point_of_interest_type	minecraft:test_instance	19
minecraft:point_of_interest_type	minecraft:toolsmith	11
minecraft:point_of_interest_type	minecraft:weaponsmith	12
minecraft:pos_rule_test	minecraft:always_true	0
minecraft:pos_rule_test	minecraft:axis_aligned_linear_pos	2
minecraft:pos_rule_test	minecraft:linear_pos	1
minecraft:position_source_type	minecraft:block	0
minecraft:position_source_type	minecraft:entity	1
minecraft:potion	minecraft:awkward	3
minecraft:potion	minecraft:fire_resistance	11
minecraft:potion	minecraft:harming	26
minecraft:potion	minecraft:healing	24
minecraft:potion	minecraft:infested	45
minecraft:potion	minecraft:invisibility	6
minecraft:potion	minecraft:leaping	8
minecraft:potion	minecraft:long_fire_resistance	12
minecraft:potion	minecraft:long_invisibility	7
minecraft:potion	minecraft:long_leaping	9
minecraft:potion	minecraft:long_night_vision	5
minecraft:potion	minecraft:long_poison	29
minecraft:potion	minecraft:long_regeneration	32
minecraft:potion	minecraft:long_slow_falling	41
minecraft:potion	minecraft:long_slowness	17
minecraft:potion	minecraft:long_strength	35
minecraft:potion	minecraft:long_swiftness	14
minecraft:potion	minecraft:long_turtle_master	20
minecraft:potion	minecraft:long_water_breathing	23
minecraft:potion	minecraft:long_weakness	38
minecraft:potion	minecraft:luck	39
minecraft:potion	minecraft:mundane	1
minecraft:potion	minecraft:night_vision	4
minecraft:potion	minecraft:oozing	44
minecraft:potion	minecraft:poison	28
minecraft:potion	minecraft:regeneration	31
minecraft:potion	minecraft:slow_falling	40
minecraft:potion	minecraft:slowness	16
minecraft:potion	minecraft:strength	34
minecraft:potion	minecraft:strong_harming	27
minecraft:potion	minecraft:strong_healing	25
minecraft:potion	minecraft:strong_leaping	10
minecraft:potion	minecraft:strong_poison	30
minecraft:potion	minecraft:strong_regeneration	33
minecraft:potion	minecraft:strong_slowness	18
minecraft:potion	minecraft:strong_strength	36
minecraft:potion	minecraft:strong_swiftness	15
minecraft:potion	minecraft:strong_turtle_master	21
minecraft:potion	minecraft:swiftness	13
minecraft:potion	minecraft:thick	2
minecraft:potion	minecraft:turtle_master	19
minecraft:potion	minecraft:water	0
minecraft:potion	minecraft:water_breathing	22
minecraft:potion	minecraft:weakness	37
minecraft:potion	minecraft:weaving	43
minecraft:potion	minecraft:wind_charged	42
minecraft:recipe_book_category	minecraft:blast_furnace_blocks	7
minecraft:recipe_book_category	minecraft:blast_furnace_misc	8
minecraft:recipe_book_category	minecraft:campfire	12
minecraft:recipe_book_category	minecraft:crafting_building_blocks	0
minecraft:recipe_book_category	minecraft:crafting_equipment	2
minecraft:recipe_book_category	minecraft:crafting_misc	3
minecraft:recipe_book_category	minecraft:crafting_redstone	1
minecraft:recipe_book_category	minecraft:furnace_blocks	5
minecraft:recipe_book_category	minecraft:furnace_food	4
minecraft:recipe_book_category	minecraft:furnace_misc	6
minecraft:recipe_book_category	minecraft:smithing	11
minecraft:recipe_book_category	minecraft:smoker_food	9
minecraft:recipe_book_category	minecraft:stonecutter	10
minecraft:recipe_display	minecraft:crafting_shaped	1
minecraft:recipe_display	minecraft:crafting_shapeless	0
minecraft:recipe_display	minecraft:furnace	2
minecraft:recipe_display	minecraft:smithing	4
minecraft:recipe_display	minecraft:stonecutter	3
minecraft:recipe_serializer	minecraft:blasting	15
minecraft:recipe_serializer	minecraft:campfire_cooking	17
minecraft:recipe_serializer	minecraft:crafting_decorated_pot	21
minecraft:recipe_serializer	minecraft:crafting_shaped	0
minecraft:recipe_serializer	minecraft:crafting_shapeless	1
minecraft:recipe_serializer	minecraft:crafting_special_armordye	2
minecraft:recipe_serializer	minecraft:crafting_special_bannerduplicate	10
minecraft:recipe_serializer	minecraft:crafting_special_bookcloning	3
minecraft:recipe_serializer	minecraft:crafting_special_firework_rocket	6
minecraft:recipe_serializer	minecraft:crafting_special_firework_star	7
minecraft:recipe_serializer	minecraft:crafting_special_firework_star_fade	8
minecraft:recipe_serializer	minecraft:crafting_special_mapcloning	4
minecraft:recipe_serializer	minecraft:crafting_special_mapextending	5
minecraft:recipe_serializer	minecraft:crafting_special_repairitem	13
minecraft:recipe_serializer	minecraft:crafting_special_shielddecoration	11
minecraft:recipe_serializer	minecraft:crafting_special_tippedarrow	9
minecraft:recipe_serializer	minecraft:crafting_transmute	12
minecraft:recipe_serializer	minecraft:smelting	14
minecraft:recipe_serializer	minecraft:smithing_transform	19
minecraft:recipe_serializer	minecraft:smithing_trim	20
minecraft:recipe_serializer	minecraft:smoking	16
minecraft:recipe_serializer	minecraft:stonecutting	18
minecraft:recipe_type	minecraft:blasting	2
minecraft:recipe_type	minecraft:campfire_cooking	4
minecraft:recipe_type	minecraft:crafting	0
minecraft:recipe_type	minecraft:smelting	1
minecraft:recipe_type	minecraft:smithing	6
minecraft:recipe_type	minecraft:smoking	3
minecraft:recipe_type	minecraft:stonecutting	5
minecraft:rule_block_entity_modifier	minecraft:append_loot	3
minecraft:rule_block_entity_modifier	minecraft:append_static	2
minecraft:rule_block_entity_modifier	minecraft:clear	0
minecraft:rule_block_entity_modifier	minecraft:passthrough	1
minecraft:rule_test	minecraft:always_true	0
minecraft:rule_test	minecraft:block_match	1
minecraft:rule_test	minecraft:blockstate_match	2
minecraft:rule_test	minecraft:random_block_match	4
minecraft:rule_test	minecraft:random_blockstate_match	5
minecraft:rule_test	minecraft:tag_match	3
minecraft:schedule	minecraft:empty	0
minecraft:schedule	minecraft:simple	1
minecraft:schedule	minecraft:villager_baby	2
minecraft:schedule	minecraft:villager_default	3
minecraft:sensor_type	minecraft:armadillo_scare_detected	10
minecraft:sensor_type	minecraft:armadillo_temptations	21
minecraft:sensor_type	minecraft:axolotl_attackables	16
minecraft:sensor_type	minecraft:axolotl_temptations	17
minecraft:sensor_type	minecraft:breeze_attack_entity_sensor	27
minecraft:sensor_type	minecraft:camel_temptations	20
minecraft:sensor_type	minecraft:dummy	0
minecraft:sensor_type	minecraft:frog_attackables	23
minecraft:sensor_type	minecraft:frog_temptations	19
minecraft:sensor_type	minecraft:goat_temptations	18
minecraft:sensor_type	minecraft:golem_detected	9
minecraft:sensor_type	minecraft:happy_ghast_temptations	22
minecraft:sensor_type	minecraft:hoglin_specific_sensor	13
minecraft:sensor_type	minecraft:hurt_by	5
minecraft:sensor_type	minecraft:is_in_water	24
minecraft:sensor_type	minecraft:nearest_adult	14
minecraft:sensor_type	minecraft:nearest_adult_any_type	15
minecraft:sensor_type	minecraft:nearest_bed	4
minecraft:sensor_type	minecraft:nearest_items	1
minecraft:sensor_type	minecraft:nearest_living_entities	2
minecraft:sensor_type	minecraft:nearest_players	3
minecraft:sensor_type	minecraft:piglin_brute_specific_sensor	12
minecraft:sensor_type	minecraft:piglin_specific_sensor	11
minecraft:sensor_type	minecraft:secondary_pois	8
minecraft:sensor_type	minecraft:sniffer_temptations	26
minecraft:sensor_type	minecraft:villager_babies	7
minecraft:sensor_type	minecraft:villager_hostiles	6
minecraft:sensor_type	minecraft:warden_entity_sensor	25
minecraft:slot_display	minecraft:any_fuel	1
minecraft:slot_display	minecraft:composite	7
minecraft:slot_display	minecraft:empty	0
minecraft:slot_display	minecraft:item	2
minecraft:slot_display	minecraft:item_stack	3
minecraft:slot_display	minecraft:smithing_trim	5
minecraft:slot_display	minecraft:tag	4
minecraft:slot_display	minecraft:with_remainder	6
minecraft:sound_event	minecraft:ambient.basalt_deltas.additions	8
minecraft:sound_event	minecraft:ambient.basalt_deltas.loop	9
minecraft:sound_event	minecraft:ambient.basalt_deltas.mood	10
minecraft:sound_event	minecraft:ambient.cave	7
minecraft:sound_event	minecraft:ambient.crimson_forest.additions	11
minecraft:sound_event	minecraft:ambient.crimson_forest.loop	12
minecraft:sound_event	minecraft:ambient.crimson_forest.mood	13
minecraft:sound_event	minecraft:ambient.nether_wastes.additions	14
minecraft:sound_event	minecraft:ambient.nether_wastes.loop	15
minecraft:sound_event	minecraft:ambient.nether_wastes.mood	16
minecraft:sound_event	minecraft:ambient.soul_sand_valley.additions	17
minecraft:sound_event	minecraft:ambient.soul_sand_valley.loop	18
minecraft:sound_event	minecraft:ambient.soul_sand_valley.mood	19
minecraft:sound_event	minecraft:ambient.underwater.enter	23
minecraft:sound_event	minecraft:ambient.underwater.exit	24
minecraft:sound_event	minecraft:ambient.underwater.loop	25
minecraft:sound_event	minecraft:ambient.underwater.loop.additions	26
minecraft:sound_event	minecraft:ambient.underwater.loop.additions.rare	27
minecraft:sound_event	minecraft:ambient.underwater.loop.additions.ultra_rare	28
minecraft:sound_event	minecraft:ambient.warped_forest.additions	20
minecraft:sound_event	minecraft:ambient.warped_forest.loop	21
minecraft:sound_event	minecraft:ambient.warped_forest.mood	22
minecraft:sound_event	minecraft:block.amethyst_block.break	29
minecraft:sound_event	minecraft:block.amethyst_block.chime	30
minecraft:sound_event	minecraft:block.amethyst_block.fall	31
minecraft:sound_event	minecraft:block.amethyst_block.hit	32
minecraft:sound_event	minecraft:block.amethyst_block.place	33
minecraft:sound_event	minecraft:block.amethyst_block.resonate	34
minecraft:sound_event	minecraft:block.amethyst_block.step	35
minecraft:sound_event	minecraft:block.amethyst_cluster.break	36
minecraft:sound_event	minecraft:block.amethyst_cluster.fall	37
minecraft:sound_event	minecraft:block.amethyst_cluster.hit	38
minecraft:sound_event	minecraft:block.amethyst_cluster.place	39
minecraft:sound_event	minecraft:block.amethyst_cluster.step	40
minecraft:sound_event	minecraft:block.ancient_debris.break	41
minecraft:sound_event	minecraft:block.ancient_debris.fall	45
minecraft:sound_event	minecraft:block.ancient_debris.hit	44
minecraft:sound_event	minecraft:block.ancient_debris.place	43
minecraft:sound_event	minecraft:block.ancient_debris.step	42
minecraft:sound_event	minecraft:block.anvil.break	46
minecraft:sound_event	minecraft:block.anvil.destroy	47
minecraft:sound_event	minecraft:block.anvil.fall	48
minecraft:sound_event	minecraft:block.anvil.hit	49
minecraft:sound_event	minecraft:block.anvil.land	50
minecraft:sound_event	minecraft:block.anvil.place	51
minecraft:sound_event	minecraft:block.anvil.step	52
minecraft:sound_event	minecraft:block.anvil.use	53
minecraft:sound_event	minecraft:block.azalea.break	95
minecraft:sound_event	minecraft:block.azalea.fall	96
minecraft:sound_event	minecraft:block.azalea.hit	97
minecraft:sound_event	minecraft:block.azalea.place	98
minecraft:sound_event	minecraft:block.azalea.step	99
minecraft:sound_event	minecraft:block.azalea_leaves.break	100
minecraft:sound_event	minecraft:block.azalea_leaves.fall	101
minecraft:sound_event	minecraft:block.azalea_leaves.hit	102
minecraft:sound_event	minecraft:block.azalea_leaves.place	103
minecraft:sound_event	minecraft:block.azalea_leaves.step	104
minecraft:sound_event	minecraft:block.bamboo.break	105
minecraft:sound_event	minecraft:block.bamboo.fall	106
minecraft:sound_event	minecraft:block.bamboo.hit	107
minecraft:sound_event	minecraft:block.bamboo.place	108
minecraft:sound_event	minecraft:block.bamboo.step	109
minecraft:sound_event	minecraft:block.bamboo_sapling.break	110
minecraft:sound_event	minecraft:block.bamboo_sapling.hit	111
minecraft:sound_event	minecraft:block.bamboo_sapling.place	112
minecraft:sound_event	minecraft:block.bamboo_wood.break	113
minecraft:sound_event	minecraft:block.bamboo_wood.fall	114
minecraft:sound_event	minecraft:block.bamboo_wood.hit	115
minecraft:sound_event	minecraft:block.bamboo_wood.place	116
minecraft:sound_event	minecraft:block.bamboo_wood.step	117
minecraft:sound_event	minecraft:block.bamboo_wood_button.click_off	122
minecraft:sound_event	minecraft:block.bamboo_wood_button.click_on	123
minecraft:sound_event	minecraft:block.bamboo_wood_door.close	118
minecraft:sound_event	minecraft:block.bamboo_wood_door.open	119
minecraft:sound_event	minecraft:block.bamboo_wood_fence_gate.close	126
minecraft:sound_event	minecraft:block.bamboo_wood_fence_gate.open	127
minecraft:sound_event	minecraft:block.bamboo_wood_hanging_sign.break	714
minecraft:sound_event	minecraft:block.bamboo_wood_hanging_sign.fall	715
minecraft:sound_event	minecraft:block.bamboo_wood_hanging_sign.hit	716
minecraft:sound_event	minecraft:block.bamboo_wood_hanging_sign.place	717
minecraft:sound_event	minecraft:block.bamboo_wood_hanging_sign.step	713
minecraft:sound_event	minecraft:block.bamboo_wood_pressure_plate.click_off	124
minecraft:sound_event	minecraft:block.bamboo_wood_pressure_plate.click_on	125
minecraft:sound_event	minecraft:block.bamboo_wood_trapdoor.close	120
minecraft:sound_event	minecraft:block.bamboo_wood_trapdoor.open	121
minecraft:sound_event	minecraft:block.barrel.close	128
minecraft:sound_event	minecraft:block.barrel.open	129
minecraft:sound_event	minecraft:block.basalt.break	130
minecraft:sound_event	minecraft:block.basalt.fall	134
minecraft:sound_event	minecraft:block.basalt.hit	133
minecraft:sound_event	minecraft:block.basalt.place	132
minecraft:sound_event	minecraft:block.basalt.step	131
minecraft:sound_event	minecraft:block.beacon.activate	140
minecraft:sound_event	minecraft:block.beacon.ambient	141
minecraft:sound_event	minecraft:block.beacon.deactivate	142
minecraft:sound_event	minecraft:block.beacon.power_select	143
minecraft:sound_event	minecraft:block.beehive.drip	150
minecraft:sound_event	minecraft:block.beehive.enter	151
minecraft:sound_event	minecraft:block.beehive.exit	152
minecraft:sound_event	minecraft:block.beehive.shear	153
minecraft:sound_event	minecraft:block.beehive.work	154
minecraft:sound_event	minecraft:block.bell.resonate	156
minecraft:sound_event	minecraft:block.bell.use	155
minecraft:sound_event	minecraft:block.big_dripleaf.break	157
minecraft:sound_event	minecraft:block.big_dripleaf.fall	158
minecraft:sound_event	minecraft:block.big_dripleaf.hit	159
minecraft:sound_event	minecraft:block.big_dripleaf.place	160
minecraft:sound_event	minecraft:block.big_dripleaf.step	161
minecraft:sound_event	minecraft:block.big_dripleaf.tilt_down	476
minecraft:sound_event	minecraft:block.big_dripleaf.tilt_up	477
minecraft:sound_event	minecraft:block.blastfurnace.fire_crackle	182
minecraft:sound_event	minecraft:block.bone_block.break	174
minecraft:sound_event	minecraft:block.bone_block.fall	175
minecraft:sound_event	minecraft:block.bone_block.hit	176
minecraft:sound_event	minecraft:block.bone_block.place	177
minecraft:sound_event	minecraft:block.bone_block.step	178
minecraft:sound_event	minecraft:block.brewing_stand.brew	199
minecraft:sound_event	minecraft:block.bubble_column.bubble_pop	205
minecraft:sound_event	minecraft:block.bubble_column.upwards_ambient	206
minecraft:sound_event	minecraft:block.bubble_column.upwards_inside	207
minecraft:sound_event	minecraft:block.bubble_column.whirlpool_ambient	208
minecraft:sound_event	minecraft:block.bubble_column.whirlpool_inside	209
minecraft:sound_event	minecraft:block.cactus_flower.break	227
minecraft:sound_event	minecraft:block.cactus_flower.place	228
minecraft:sound_event	minecraft:block.cake.add_candle	229
minecraft:sound_event	minecraft:block.calcite.break	230
minecraft:sound_event	minecraft:block.calcite.fall	234
minecraft:sound_event	minecraft:block.calcite.hit	233
minecraft:sound_event	minecraft:block.calcite.place	232
minecraft:sound_event	minecraft:block.calcite.step	231
minecraft:sound_event	minecraft:block.campfire.crackle	246
minecraft:sound_event	minecraft:block.candle.ambient	247
minecraft:sound_event	minecraft:block.candle.break	248
minecraft:sound_event	minecraft:block.candle.extinguish	249
minecraft:sound_event	minecraft:block.candle.fall	250
minecraft:sound_event	minecraft:block.candle.hit	251
minecraft:sound_event	minecraft:block.candle.place	252
minecraft:sound_event	minecraft:block.candle.step	253
minecraft:sound_event	minecraft:block.cave_vines.break	263
minecraft:sound_event	minecraft:block.cave_vines.fall	264
minecraft:sound_event	minecraft:block.cave_vines.hit	265
minecraft:sound_event	minecraft:block.cave_vines.pick_berries	268
minecraft:sound_event	minecraft:block.cave_vines.place	266
minecraft:sound_event	minecraft:block.cave_vines.step	267
minecraft:sound_event	minecraft:block.chain.break	269
minecraft:sound_event	minecraft:block.chain.fall	270
minecraft:sound_event	minecraft:block.chain.hit	271
minecraft:sound_event	minecraft:block.chain.place	272
minecraft:sound_event	minecraft:block.chain.step	273
minecraft:sound_event	minecraft:block.cherry_leaves.break	284
minecraft:sound_event	minecraft:block.cherry_leaves.fall	285
minecraft:sound_event	minecraft:block.cherry_leaves.hit	286
minecraft:sound_event	minecraft:block.cherry_leaves.place	287
minecraft:sound_event	minecraft:block.cherry_leaves.step	288
minecraft:sound_event	minecraft:block.cherry_sapling.break	279
minecraft:sound_event	minecraft:block.cherry_sapling.fall	280
minecraft:sound_event	minecraft:block.cherry_sapling.hit	281
minecraft:sound_event	minecraft:block.cherry_sapling.place	282
minecraft:sound_event	minecraft:block.cherry_sapling.step	283
minecraft:sound_event	minecraft:block.cherry_wood.break	274
minecraft:sound_event	minecraft:block.cherry_wood.fall	275
minecraft:sound_event	minecraft:block.cherry_wood.hit	276
minecraft:sound_event	minecraft:block.cherry_wood.place	277
minecraft:sound_event	minecraft:block.cherry_wood.step	278
minecraft:sound_event	minecraft:block.cherry_wood_button.click_off	298
minecraft:sound_event	minecraft:block.cherry_wood_button.click_on	299
minecraft:sound_event	minecraft:block.cherry_wood_door.close	294
minecraft:sound_event	minecraft:block.cherry_wood_door.open	295
minecraft:sound_event	minecraft:block.cherry_wood_fence_gate.close	302
minecraft:sound_event	minecraft:block.cherry_wood_fence_gate.open	303
minecraft:sound_event	minecraft:block.cherry_wood_hanging_sign.break	290
minecraft:sound_event	minecraft:block.cherry_wood_hanging_sign.fall	291
minecraft:sound_event	minecraft:block.cherry_wood_hanging_sign.hit	292
minecraft:sound_event	minecraft:block.cherry_wood_hanging_sign.place	293
minecraft:sound_event	minecraft:block.cherry_wood_hanging_sign.step	289
minecraft:sound_event	minecraft:block.cherry_wood_pressure_plate.click_off	300
minecraft:sound_event	minecraft:block.cherry_wood_pressure_plate.click_on	301
minecraft:sound_event	minecraft:block.cherry_wood_trapdoor.close	296
minecraft:sound_event	minecraft:block.cherry_wood_trapdoor.open	297
minecraft:sound_event	minecraft:block.chest.close	304
minecraft:sound_event	minecraft:block.chest.locked	305
minecraft:sound_event	minecraft:block.chest.open	306
minecraft:sound_event	minecraft:block.chiseled_bookshelf.break	312
minecraft:sound_event	minecraft:block.chiseled_bookshelf.fall	313
minecraft:sound_event	minecraft:block.chiseled_bookshelf.hit	314
minecraft:sound_event	minecraft:block.chiseled_bookshelf.insert	315
minecraft:sound_event	minecraft:block.chiseled_bookshelf.insert.enchanted	316
minecraft:sound_event	minecraft:block.chiseled_bookshelf.pickup	318
minecraft:sound_event	minecraft:block.chiseled_bookshelf.pickup.enchanted	319
minecraft:sound_event	minecraft:block.chiseled_bookshelf.place	320
minecraft:sound_event	minecraft:block.chiseled_bookshelf.step	317
minecraft:sound_event	minecraft:block.chorus_flower.death	321
minecraft:sound_event	minecraft:block.chorus_flower.grow	322
minecraft:sound_event	minecraft:block.cobweb.break	324
minecraft:sound_event	minecraft:block.cobweb.fall	328
minecraft:sound_event	minecraft:block.cobweb.hit	327
minecraft:sound_event	minecraft:block.cobweb.place	326
minecraft:sound_event	minecraft:block.cobweb.step	325
minecraft:sound_event	minecraft:block.comparator.click	333
minecraft:sound_event	minecraft:block.composter.empty	334
minecraft:sound_event	minecraft:block.composter.fill	335
minecraft:sound_event	minecraft:block.composter.fill_success	336
minecraft:sound_event	minecraft:block.composter.ready	337
minecraft:sound_event	minecraft:block.conduit.activate	338
minecraft:sound_event	minecraft:block.conduit.ambient	339
minecraft:sound_event	minecraft:block.conduit.ambient.short	340
minecraft:sound_event	minecraft:block.conduit.attack.target	341
minecraft:sound_event	minecraft:block.conduit.deactivate	342
minecraft:sound_event	minecraft:block.copper.break	350
minecraft:sound_event	minecraft:block.copper.fall	354
minecraft:sound_event	minecraft:block.copper.hit	353
minecraft:sound_event	minecraft:block.copper.place	352
minecraft:sound_event	minecraft:block.copper.step	351
minecraft:sound_event	minecraft:block.copper_bulb.break	343
minecraft:sound_event	minecraft:block.copper_bulb.fall	347
minecraft:sound_event	minecraft:block.copper_bulb.hit	346
minecraft:sound_event	minecraft:block.copper_bulb.place	345
minecraft:sound_event	minecraft:block.copper_bulb.step	344
minecraft:sound_event	minecraft:block.copper_bulb.turn_off	349
minecraft:sound_event	minecraft:block.copper_bulb.turn_on	348
minecraft:sound_event	minecraft:block.copper_door.close	355
minecraft:sound_event	minecraft:block.copper_door.open	356
minecraft:sound_event	minecraft:block.copper_grate.break	357
minecraft:sound_event	minecraft:block.copper_grate.fall	361
minecraft:sound_event	minecraft:block.copper_grate.hit	360
minecraft:sound_event	minecraft:block.copper_grate.place	359
minecraft:sound_event	minecraft:block.copper_grate.step	358
minecraft:sound_event	minecraft:block.copper_trapdoor.close	362
minecraft:sound_event	minecraft:block.copper_trapdoor.open	363
minecraft:sound_event	minecraft:block.coral_block.break	364
minecraft:sound_event	minecraft:block.coral_block.fall	365
minecraft:sound_event	minecraft:block.coral_block.hit	366
minecraft:sound_event	minecraft:block.coral_block.place	367
minecraft:sound_event	minecraft:block.coral_block.step	368
minecraft:sound_event	minecraft:block.crafter.craft	374
minecraft:sound_event	minecraft:block.crafter.fail	375
minecraft:sound_event	minecraft:block.creaking_heart.break	387
minecraft:sound_event	minecraft:block.creaking_heart.fall	388
minecraft:sound_event	minecraft:block.creaking_heart.hit	389
minecraft:sound_event	minecraft:block.creaking_heart.hurt	390
minecraft:sound_event	minecraft:block.creaking_heart.idle	393
minecraft:sound_event	minecraft:block.creaking_heart.place	391
minecraft:sound_event	minecraft:block.creaking_heart.spawn	394
minecraft:sound_event	minecraft:block.creaking_heart.step	392
minecraft:sound_event	minecraft:block.crop.break	398
minecraft:sound_event	minecraft:block.deadbush.idle	408
minecraft:sound_event	minecraft:block.decorated_pot.break	409
minecraft:sound_event	minecraft:block.decorated_pot.fall	410
minecraft:sound_event	minecraft:block.decorated_pot.hit	411
minecraft:sound_event	minecraft:block.decorated_pot.insert	412
minecraft:sound_event	minecraft:block.decorated_pot.insert_fail	413
minecraft:sound_event	minecraft:block.decorated_pot.place	415
minecraft:sound_event	minecraft:block.decorated_pot.shatter	416
minecraft:sound_event	minecraft:block.decorated_pot.step	414
minecraft:sound_event	minecraft:block.deepslate.break	422
minecraft:sound_event	minecraft:block.deepslate.fall	423
minecraft:sound_event	minecraft:block.deepslate.hit	424
minecraft:sound_event	minecraft:block.deepslate.place	425
minecraft:sound_event	minecraft:block.deepslate.step	426
minecraft:sound_event	minecraft:block.deepslate_bricks.break	417
minecraft:sound_event	minecraft:block.deepslate_bricks.fall	418
minecraft:sound_event	minecraft:block.deepslate_bricks.hit	419
minecraft:sound_event	minecraft:block.deepslate_bricks.place	420
minecraft:sound_event	minecraft:block.deepslate_bricks.step	421
minecraft:sound_event	minecraft:block.deepslate_tiles.break	427
minecraft:sound_event	minecraft:block.deepslate_tiles.fall	428
minecraft:sound_event	minecraft:block.deepslate_tiles.hit	429
minecraft:sound_event	minecraft:block.deepslate_tiles.place	430
minecraft:sound_event	minecraft:block.deepslate_tiles.step	431
minecraft:sound_event	minecraft:block.dispenser.dispense	432
minecraft:sound_event	minecraft:block.dispenser.fail	433
minecraft:sound_event	minecraft:block.dispenser.launch	434
minecraft:sound_event	minecraft:block.dried_ghast.ambient	455
minecraft:sound_event	minecraft:block.dried_ghast.ambient_water	456
minecraft:sound_event	minecraft:block.dried_ghast.break	452
minecraft:sound_event	minecraft:block.dried_ghast.fall	454
minecraft:sound_event	minecraft:block.dried_ghast.place	457
minecraft:sound_event	minecraft:block.dried_ghast.place_in_water	458
minecraft:sound_event	minecraft:block.dried_ghast.step	453
minecraft:sound_event	minecraft:block.dried_ghast.transition	459
minecraft:sound_event	minecraft:block.dripstone_block.break	460
minecraft:sound_event	minecraft:block.dripstone_block.fall	464
minecraft:sound_event	minecraft:block.dripstone_block.hit	463
minecraft:sound_event	minecraft:block.dripstone_block.place	462
minecraft:sound_event	minecraft:block.dripstone_block.step	461
minecraft:sound_event	minecraft:block.dry_grass.ambient	465
minecraft:sound_event	minecraft:block.enchantment_table.use	498
minecraft:sound_event	minecraft:block.end_gateway.spawn	521
minecraft:sound_event	minecraft:block.end_portal.spawn	523
minecraft:sound_event	minecraft:block.end_portal_frame.fill	522
minecraft:sound_event	minecraft:block.ender_chest.close	499
minecraft:sound_event	minecraft:block.ender_chest.open	500
minecraft:sound_event	minecraft:block.eyeblossom.close	538
minecraft:sound_event	minecraft:block.eyeblossom.close_long	537
minecraft:sound_event	minecraft:block.eyeblossom.idle	539
minecraft:sound_event	minecraft:block.eyeblossom.open	536
minecraft:sound_event	minecraft:block.eyeblossom.open_long	535
minecraft:sound_event	minecraft:block.fence_gate.close	540
minecraft:sound_event	minecraft:block.fence_gate.open	541
minecraft:sound_event	minecraft:block.fire.ambient	552
minecraft:sound_event	minecraft:block.fire.extinguish	553
minecraft:sound_event	minecraft:block.firefly_bush.idle	543
minecraft:sound_event	minecraft:block.flowering_azalea.break	559
minecraft:sound_event	minecraft:block.flowering_azalea.fall	560
minecraft:sound_event	minecraft:block.flowering_azalea.hit	561
minecraft:sound_event	minecraft:block.flowering_azalea.place	562
minecraft:sound_event	minecraft:block.flowering_azalea.step	563
minecraft:sound_event	minecraft:block.froglight.break	585
minecraft:sound_event	minecraft:block.froglight.fall	586
minecraft:sound_event	minecraft:block.froglight.hit	587
minecraft:sound_event	minecraft:block.froglight.place	588
minecraft:sound_event	minecraft:block.froglight.step	589
minecraft:sound_event	minecraft:block.frogspawn.break	591
minecraft:sound_event	minecraft:block.frogspawn.fall	592
minecraft:sound_event	minecraft:block.frogspawn.hatch	593
minecraft:sound_event	minecraft:block.frogspawn.hit	594
minecraft:sound_event	minecraft:block.frogspawn.place	595
minecraft:sound_event	minecraft:block.frogspawn.step	590
minecraft:sound_event	minecraft:block.fungus.break	1024
minecraft:sound_event	minecraft:block.fungus.fall	1028
minecraft:sound_event	minecraft:block.fungus.hit	1027
minecraft:sound_event	minecraft:block.fungus.place	1026
minecraft:sound_event	minecraft:block.fungus.step	1025
minecraft:sound_event	minecraft:block.furnace.fire_crackle	609
minecraft:sound_event	minecraft:block.gilded_blackstone.break	631
minecraft:sound_event	minecraft:block.gilded_blackstone.fall	632
minecraft:sound_event	minecraft:block.gilded_blackstone.hit	633
minecraft:sound_event	minecraft:block.gilded_blackstone.place	634
minecraft:sound_event	minecraft:block.gilded_blackstone.step	635
minecraft:sound_event	minecraft:block.glass.break	636
minecraft:sound_event	minecraft:block.glass.fall	637
minecraft:sound_event	minecraft:block.glass.hit	638
minecraft:sound_event	minecraft:block.glass.place	639
minecraft:sound_event	minecraft:block.glass.step	640
minecraft:sound_event	minecraft:block.grass.break	669
minecraft:sound_event	minecraft:block.grass.fall	670
minecraft:sound_event	minecraft:block.grass.hit	671
minecraft:sound_event	minecraft:block.grass.place	672
minecraft:sound_event	minecraft:block.grass.step	673
minecraft:sound_event	minecraft:block.gravel.break	674
minecraft:sound_event	minecraft:block.gravel.fall	675
minecraft:sound_event	minecraft:block.gravel.hit	676
minecraft:sound_event	minecraft:block.gravel.place	677
minecraft:sound_event	minecraft:block.gravel.step	678
minecraft:sound_event	minecraft:block.grindstone.use	679
minecraft:sound_event	minecraft:block.growing_plant.crop	680
minecraft:sound_event	minecraft:block.hanging_roots.break	689
minecraft:sound_event	minecraft:block.hanging_roots.fall	690
minecraft:sound_event	minecraft:block.hanging_roots.hit	691
minecraft:sound_event	minecraft:block.hanging_roots.place	692
minecraft:sound_event	minecraft:block.hanging_roots.step	693
minecraft:sound_event	minecraft:block.hanging_sign.break	695
minecraft:sound_event	minecraft:block.hanging_sign.fall	696
minecraft:sound_event	minecraft:block.hanging_sign.hit	697
minecraft:sound_event	minecraft:block.hanging_sign.place	698
minecraft:sound_event	minecraft:block.hanging_sign.step	694
minecraft:sound_event	minecraft:block.hanging_sign.waxed_interact_fail	1594
minecraft:sound_event	minecraft:block.heavy_core.break	703
minecraft:sound_event	minecraft:block.heavy_core.fall	704
minecraft:sound_event	minecraft:block.heavy_core.hit	705
minecraft:sound_event	minecraft:block.heavy_core.place	706
minecraft:sound_event	minecraft:block.heavy_core.step	707
minecraft:sound_event	minecraft:block.honey_block.break	747
minecraft:sound_event	minecraft:block.honey_block.fall	748
minecraft:sound_event	minecraft:block.honey_block.hit	749
minecraft:sound_event	minecraft:block.honey_block.place	750
minecraft:sound_event	minecraft:block.honey_block.slide	751
minecraft:sound_event	minecraft:block.honey_block.step	752
minecraft:sound_event	minecraft:block.iron.break	796
minecraft:sound_event	minecraft:block.iron.fall	800
minecraft:sound_event	minecraft:block.iron.hit	799
minecraft:sound_event	minecraft:block.iron.place	798
minecraft:sound_event	minecraft:block.iron.step	797
minecraft:sound_event	minecraft:block.iron_door.close	801
minecraft:sound_event	minecraft:block.iron_door.open	802
minecraft:sound_event	minecraft:block.iron_trapdoor.close	809
minecraft:sound_event	minecraft:block.iron_trapdoor.open	810
minecraft:sound_event	minecraft:block.ladder.break	818
minecraft:sound_event	minecraft:block.ladder.fall	819
minecraft:sound_event	minecraft:block.ladder.hit	820
minecraft:sound_event	minecraft:block.ladder.place	821
minecraft:sound_event	minecraft:block.ladder.step	822
minecraft:sound_event	minecraft:block.lantern.break	823
minecraft:sound_event	minecraft:block.lantern.fall	824
minecraft:sound_event	minecraft:block.lantern.hit	825
minecraft:sound_event	minecraft:block.lantern.place	826
minecraft:sound_event	minecraft:block.lantern.step	827
minecraft:sound_event	minecraft:block.large_amethyst_bud.break	828
minecraft:sound_event	minecraft:block.large_amethyst_bud.place	829
minecraft:sound_event	minecraft:block.lava.ambient	830
minecraft:sound_event	minecraft:block.lava.extinguish	831
minecraft:sound_event	minecraft:block.lava.pop	832
minecraft:sound_event	minecraft:block.leaf_litter.break	833
minecraft:sound_event	minecraft:block.leaf_litter.fall	837
minecraft:sound_event	minecraft:block.leaf_litter.hit	836
minecraft:sound_event	minecraft:block.leaf_litter.place	835
minecraft:sound_event	minecraft:block.leaf_litter.step	834
minecraft:sound_event	minecraft:block.lever.click	841
minecraft:sound_event	minecraft:block.lily_pad.place	1563
minecraft:sound_event	minecraft:block.lodestone.break	856
minecraft:sound_event	minecraft:block.lodestone.fall	860
minecraft:sound_event	minecraft:block.lodestone.hit	859
minecraft:sound_event	minecraft:block.lodestone.place	858
minecraft:sound_event	minecraft:block.lodestone.step	857
minecraft:sound_event	minecraft:block.mangrove_roots.break	871
minecraft:sound_event	minecraft:block.mangrove_roots.fall	872
minecraft:sound_event	minecraft:block.mangrove_roots.hit	873
minecraft:sound_event	minecraft:block.mangrove_roots.place	874
minecraft:sound_event	minecraft:block.mangrove_roots.step	875
minecraft:sound_event	minecraft:block.medium_amethyst_bud.break	876
minecraft:sound_event	minecraft:block.medium_amethyst_bud.place	877
minecraft:sound_event	minecraft:block.metal.break	878
minecraft:sound_event	minecraft:block.metal.fall	879
minecraft:sound_event	minecraft:block.metal.hit	880
minecraft:sound_event	minecraft:block.metal.place	881
minecraft:sound_event	minecraft:block.metal.step	884
minecraft:sound_event	minecraft:block.metal_pressure_plate.click_off	882
minecraft:sound_event	minecraft:block.metal_pressure_plate.click_on	883
minecraft:sound_event	minecraft:block.moss.break	903
minecraft:sound_event	minecraft:block.moss.fall	904
minecraft:sound_event	minecraft:block.moss.hit	905
minecraft:sound_event	minecraft:block.moss.place	906
minecraft:sound_event	minecraft:block.moss.step	907
minecraft:sound_event	minecraft:block.moss_carpet.break	893
minecraft:sound_event	minecraft:block.moss_carpet.fall	894
minecraft:sound_event	minecraft:block.moss_carpet.hit	895
minecraft:sound_event	minecraft:block.moss_carpet.place	896
minecraft:sound_event	minecraft:block.moss_carpet.step	897
minecraft:sound_event	minecraft:block.mud.break	908
minecraft:sound_event	minecraft:block.mud.fall	909
minecraft:sound_event	minecraft:block.mud.hit	910
minecraft:sound_event	minecraft:block.mud.place	911
minecraft:sound_event	minecraft:block.mud.step	912
minecraft:sound_event	minecraft:block.mud_bricks.break	913
minecraft:sound_event	minecraft:block.mud_bricks.fall	914
minecraft:sound_event	minecraft:block.mud_bricks.hit	915
minecraft:sound_event	minecraft:block.mud_bricks.place	916
minecraft:sound_event	minecraft:block.mud_bricks.step	917
minecraft:sound_event	minecraft:block.muddy_mangrove_roots.break	918
minecraft:sound_event	minecraft:block.muddy_mangrove_roots.fall	919
minecraft:sound_event	minecraft:block.muddy_mangrove_roots.hit	920
minecraft:sound_event	minecraft:block.muddy_mangrove_roots.place	921
minecraft:sound_event	minecraft:block.muddy_mangrove_roots.step	922
minecraft:sound_event	minecraft:block.nether_bricks.break	981
minecraft:sound_event	minecraft:block.nether_bricks.fall	985
minecraft:sound_event	minecraft:block.nether_bricks.hit	984
minecraft:sound_event	minecraft:block.nether_bricks.place	983
minecraft:sound_event	minecraft:block.nether_bricks.step	982
minecraft:sound_event	minecraft:block.nether_gold_ore.break	1225
minecraft:sound_event	minecraft:block.nether_gold_ore.fall	1226
minecraft:sound_event	minecraft:block.nether_gold_ore.hit	1227
minecraft:sound_event	minecraft:block.nether_gold_ore.place	1228
minecraft:sound_event	minecraft:block.nether_gold_ore.step	1229
minecraft:sound_event	minecraft:block.nether_ore.break	1230
minecraft:sound_event	minecraft:block.nether_ore.fall	1231
minecraft:sound_event	minecraft:block.nether_ore.hit	1232
minecraft:sound_event	minecraft:block.nether_ore.place	1233
minecraft:sound_event	minecraft:block.nether_ore.step	1234
minecraft:sound_event	minecraft:block.nether_sprouts.break	1019
minecraft:sound_event	minecraft:block.nether_sprouts.fall	1023
minecraft:sound_event	minecraft:block.nether_sprouts.hit	1022
minecraft:sound_event	minecraft:block.nether_sprouts.place	1021
minecraft:sound_event	minecraft:block.nether_sprouts.step	1020
minecraft:sound_event	minecraft:block.nether_wart.break	986
minecraft:sound_event	minecraft:block.nether_wood.break	988
minecraft:sound_event	minecraft:block.nether_wood.fall	989
minecraft:sound_event	minecraft:block.nether_wood.hit	990
minecraft:sound_event	minecraft:block.nether_wood.place	991
minecraft:sound_event	minecraft:block.nether_wood.step	992
minecraft:sound_event	minecraft:block.nether_wood_button.click_off	997
minecraft:sound_event	minecraft:block.nether_wood_button.click_on	998
minecraft:sound_event	minecraft:block.nether_wood_door.close	993
minecraft:sound_event	minecraft:block.nether_wood_door.open	994
minecraft:sound_event	minecraft:block.nether_wood_fence_gate.close	1001
minecraft:sound_event	minecraft:block.nether_wood_fence_gate.open	1002
minecraft:sound_event	minecraft:block.nether_wood_hanging_sign.break	709
minecraft:sound_event	minecraft:block.nether_wood_hanging_sign.fall	710
minecraft:sound_event	minecraft:block.nether_wood_hanging_sign.hit	711
minecraft:sound_event	minecraft:block.nether_wood_hanging_sign.place	712
minecraft:sound_event	minecraft:block.nether_wood_hanging_sign.step	708
minecraft:sound_event	minecraft:block.nether_wood_pressure_plate.click_off	999
minecraft:sound_event	minecraft:block.nether_wood_pressure_plate.click_on	1000
minecraft:sound_event	minecraft:block.nether_wood_trapdoor.close	995
minecraft:sound_event	minecraft:block.nether_wood_trapdoor.open	996
minecraft:sound_event	minecraft:block.netherite_block.break	1039
minecraft:sound_event	minecraft:block.netherite_block.fall	1043
minecraft:sound_event	minecraft:block.netherite_block.hit	1042
minecraft:sound_event	minecraft:block.netherite_block.place	1041
minecraft:sound_event	minecraft:block.netherite_block.step	1040
minecraft:sound_event	minecraft:block.netherrack.break	1044
minecraft:sound_event	minecraft:block.netherrack.fall	1048
minecraft:sound_event	minecraft:block.netherrack.hit	1047
minecraft:sound_event	minecraft:block.netherrack.place	1046
minecraft:sound_event	minecraft:block.netherrack.step	1045
minecraft:sound_event	minecraft:block.note_block.banjo	1064
minecraft:sound_event	minecraft:block.note_block.basedrum	1049
minecraft:sound_event	minecraft:block.note_block.bass	1050
minecraft:sound_event	minecraft:block.note_block.bell	1051
minecraft:sound_event	minecraft:block.note_block.bit	1063
minecraft:sound_event	minecraft:block.note_block.chime	1052
minecraft:sound_event	minecraft:block.note_block.cow_bell	1061
minecraft:sound_event	minecraft:block.note_block.didgeridoo	1062
minecraft:sound_event	minecraft:block.note_block.flute	1053
minecraft:sound_event	minecraft:block.note_block.guitar	1054
minecraft:sound_event	minecraft:block.note_block.harp	1055
minecraft:sound_event	minecraft:block.note_block.hat	1056
minecraft:sound_event	minecraft:block.note_block.imitate.creeper	1067
minecraft:sound_event	minecraft:block.note_block.imitate.ender_dragon	1068
minecraft:sound_event	minecraft:block.note_block.imitate.piglin	1070
minecraft:sound_event	minecraft:block.note_block.imitate.skeleton	1066
minecraft:sound_event	minecraft:block.note_block.imitate.wither_skeleton	1069
minecraft:sound_event	minecraft:block.note_block.imitate.zombie	1065
minecraft:sound_event	minecraft:block.note_block.iron_xylophone	1060
minecraft:sound_event	minecraft:block.note_block.pling	1057
minecraft:sound_event	minecraft:block.note_block.snare	1058
minecraft:sound_event	minecraft:block.note_block.xylophone	1059
minecraft:sound_event	minecraft:block.nylium.break	1014
minecraft:sound_event	minecraft:block.nylium.fall	1018
minecraft:sound_event	minecraft:block.nylium.hit	1017
minecraft:sound_event	minecraft:block.nylium.place	1016
minecraft:sound_event	minecraft:block.nylium.step	1015
minecraft:sound_event	minecraft:block.packed_mud.break	1004
minecraft:sound_event	minecraft:block.packed_mud.fall	1005
minecraft:sound_event	minecraft:block.packed_mud.hit	1006
minecraft:sound_event	minecraft:block.packed_mud.place	1007
minecraft:sound_event	minecraft:block.packed_mud.step	1008
minecraft:sound_event	minecraft:block.pale_hanging_moss.idle	1077
minecraft:sound_event	minecraft:block.pink_petals.break	898
minecraft:sound_event	minecraft:block.pink_petals.fall	899
minecraft:sound_event	minecraft:block.pink_petals.hit	900
minecraft:sound_event	minecraft:block.pink_petals.place	901
minecraft:sound_event	minecraft:block.pink_petals.step	902
minecraft:sound_event	minecraft:block.piston.contract	1162
minecraft:sound_event	minecraft:block.piston.extend	1163
minecraft:sound_event	minecraft:block.pointed_dripstone.break	466
minecraft:sound_event	minecraft:block.pointed_dripstone.drip_lava	472
minecraft:sound_event	minecraft:block.pointed_dripstone.drip_lava_into_cauldron	474
minecraft:sound_event	minecraft:block.pointed_dripstone.drip_water	473
minecraft:sound_event	minecraft:block.pointed_dripstone.drip_water_into_cauldron	475
minecraft:sound_event	minecraft:block.pointed_dripstone.fall	470
minecraft:sound_event	minecraft:block.pointed_dripstone.hit	469
minecraft:sound_event	minecraft:block.pointed_dripstone.land	471
minecraft:sound_event	minecraft:block.pointed_dripstone.place	468
minecraft:sound_event	minecraft:block.pointed_dripstone.step	467
minecraft:sound_event	minecraft:block.polished_deepslate.break	1191
minecraft:sound_event	minecraft:block.polished_deepslate.fall	1192
minecraft:sound_event	minecraft:block.polished_deepslate.hit	1193
minecraft:sound_event	minecraft:block.polished_deepslate.place	1194
minecraft:sound_event	minecraft:block.polished_deepslate.step	1195
minecraft:sound_event	minecraft:block.polished_tuff.break	1490
minecraft:sound_event	minecraft:block.polished_tuff.fall	1491
minecraft:sound_event	minecraft:block.polished_tuff.hit	1492
minecraft:sound_event	minecraft:block.polished_tuff.place	1493
minecraft:sound_event	minecraft:block.polished_tuff.step	1494
minecraft:sound_event	minecraft:block.portal.ambient	1196
minecraft:sound_event	minecraft:block.portal.travel	1197
minecraft:sound_event	minecraft:block.portal.trigger	1198
minecraft:sound_event	minecraft:block.powder_snow.break	1199
minecraft:sound_event	minecraft:block.powder_snow.fall	1200
minecraft:sound_event	minecraft:block.powder_snow.hit	1201
minecraft:sound_event	minecraft:block.powder_snow.place	1202
minecraft:sound_event	minecraft:block.powder_snow.step	1203
minecraft:sound_event	minecraft:block.pumpkin.carve	1210
minecraft:sound_event	minecraft:block.redstone_torch.burnout	1235
minecraft:sound_event	minecraft:block.resin.break	1368
minecraft:sound_event	minecraft:block.resin.fall	1369
minecraft:sound_event	minecraft:block.resin.place	1370
minecraft:sound_event	minecraft:block.resin.step	1371
minecraft:sound_event	minecraft:block.resin_bricks.break	1372
minecraft:sound_event	minecraft:block.resin_bricks.fall	1373
minecraft:sound_event	minecraft:block.resin_bricks.hit	1374
minecraft:sound_event	minecraft:block.resin_bricks.place	1375
minecraft:sound_event	minecraft:block.resin_bricks.step	1376
minecraft:sound_event	minecraft:block.respawn_anchor.ambient	1236
minecraft:sound_event	minecraft:block.respawn_anchor.charge	1237
minecraft:sound_event	minecraft:block.respawn_anchor.deplete	1238
minecraft:sound_event	minecraft:block.respawn_anchor.set_spawn	1239
minecraft:sound_event	minecraft:block.rooted_dirt.break	1240
minecraft:sound_event	minecraft:block.rooted_dirt.fall	1241
minecraft:sound_event	minecraft:block.rooted_dirt.hit	1242
minecraft:sound_event	minecraft:block.rooted_dirt.place	1243
minecraft:sound_event	minecraft:block.rooted_dirt.step	1244
minecraft:sound_event	minecraft:block.roots.break	604
minecraft:sound_event	minecraft:block.roots.fall	608
minecraft:sound_event	minecraft:block.roots.hit	607
minecraft:sound_event	minecraft:block.roots.place	606
minecraft:sound_event	minecraft:block.roots.step	605
minecraft:sound_event	minecraft:block.sand.break	1249
minecraft:sound_event	minecraft:block.sand.fall	1250
minecraft:sound_event	minecraft:block.sand.hit	1251
minecraft:sound_event	minecraft:block.sand.idle	1254
minecraft:sound_event	minecraft:block.sand.place	1252
minecraft:sound_event	minecraft:block.sand.step	1253
minecraft:sound_event	minecraft:block.scaffolding.break	1255
minecraft:sound_event	minecraft:block.scaffolding.fall	1256
minecraft:sound_event	minecraft:block.scaffolding.hit	1257
minecraft:sound_event	minecraft:block.scaffolding.place	1258
minecraft:sound_event	minecraft:block.scaffolding.step	1259
minecraft:sound_event	minecraft:block.sculk.break	1262
minecraft:sound_event	minecraft:block.sculk.charge	1261
minecraft:sound_event	minecraft:block.sculk.fall	1263
minecraft:sound_event	minecraft:block.sculk.hit	1264
minecraft:sound_event	minecraft:block.sculk.place	1265
minecraft:sound_event	minecraft:block.sculk.spread	1260
minecraft:sound_event	minecraft:block.sculk.step	1266
minecraft:sound_event	minecraft:block.sculk_catalyst.bloom	1267
minecraft:sound_event	minecraft:block.sculk_catalyst.break	1268
minecraft:sound_event	minecraft:block.sculk_catalyst.fall	1269
minecraft:sound_event	minecraft:block.sculk_catalyst.hit	1270
minecraft:sound_event	minecraft:block.sculk_catalyst.place	1271
minecraft:sound_event	minecraft:block.sculk_catalyst.step	1272
minecraft:sound_event	minecraft:block.sculk_sensor.break	1275
minecraft:sound_event	minecraft:block.sculk_sensor.clicking	1273
minecraft:sound_event	minecraft:block.sculk_sensor.clicking_stop	1274
minecraft:sound_event	minecraft:block.sculk_sensor.fall	1276
minecraft:sound_event	minecraft:block.sculk_sensor.hit	1277
minecraft:sound_event	minecraft:block.sculk_sensor.place	1278
minecraft:sound_event	minecraft:block.sculk_sensor.step	1279
minecraft:sound_event	minecraft:block.sculk_shrieker.break	1280
minecraft:sound_event	minecraft:block.sculk_shrieker.fall	1281
minecraft:sound_event	minecraft:block.sculk_shrieker.hit	1282
minecraft:sound_event	minecraft:block.sculk_shrieker.place	1283
minecraft:sound_event	minecraft:block.sculk_shrieker.shriek	1284
minecraft:sound_event	minecraft:block.sculk_shrieker.step	1285
minecraft:sound_event	minecraft:block.sculk_vein.break	1286
minecraft:sound_event	minecraft:block.sculk_vein.fall	1287
minecraft:sound_event	minecraft:block.sculk_vein.hit	1288
minecraft:sound_event	minecraft:block.sculk_vein.place	1289
minecraft:sound_event	minecraft:block.sculk_vein.step	1290
minecraft:sound_event	minecraft:block.shroomlight.break	1299
minecraft:sound_event	minecraft:block.shroomlight.fall	1303
minecraft:sound_event	minecraft:block.shroomlight.hit	1302
minecraft:sound_event	minecraft:block.shroomlight.place	1301
minecraft:sound_event	minecraft:block.shroomlight.step	1300
minecraft:sound_event	minecraft:block.shulker_box.close	1306
minecraft:sound_event	minecraft:block.shulker_box.open	1307
minecraft:sound_event	minecraft:block.sign.waxed_interact_fail	1595
minecraft:sound_event	minecraft:block.slime_block.break	1340
minecraft:sound_event	minecraft:block.slime_block.fall	1341
minecraft:sound_event	minecraft:block.slime_block.hit	1342
minecraft:sound_event	minecraft:block.slime_block.place	1343
minecraft:sound_event	minecraft:block.slime_block.step	1344
minecraft:sound_event	minecraft:block.small_amethyst_bud.break	1345
minecraft:sound_event	minecraft:block.small_amethyst_bud.place	1346
minecraft:sound_event	minecraft:block.small_dripleaf.break	1347
minecraft:sound_event	minecraft:block.small_dripleaf.fall	1348
minecraft:sound_event	minecraft:block.small_dripleaf.hit	1349
minecraft:sound_event	minecraft:block.small_dripleaf.place	1350
minecraft:sound_event	minecraft:block.small_dripleaf.step	1351
minecraft:sound_event	minecraft:block.smithing_table.use	1395
minecraft:sound_event	minecraft:block.smoker.smoke	1396
minecraft:sound_event	minecraft:block.sniffer_egg.crack	1410
minecraft:sound_event	minecraft:block.sniffer_egg.hatch	1411
minecraft:sound_event	minecraft:block.sniffer_egg.plop	1409
minecraft:sound_event	minecraft:block.snow.break	1413
minecraft:sound_event	minecraft:block.snow.fall	1414
minecraft:sound_event	minecraft:block.snow.hit	1420
minecraft:sound_event	minecraft:block.snow.place	1421
minecraft:sound_event	minecraft:block.snow.step	1422
minecraft:sound_event	minecraft:block.soul_sand.break	1352
minecraft:sound_event	minecraft:block.soul_sand.fall	1356
minecraft:sound_event	minecraft:block.soul_sand.hit	1355
minecraft:sound_event	minecraft:block.soul_sand.place	1354
minecraft:sound_event	minecraft:block.soul_sand.step	1353
minecraft:sound_event	minecraft:block.soul_soil.break	1357
minecraft:sound_event	minecraft:block.soul_soil.fall	1361
minecraft:sound_event	minecraft:block.soul_soil.hit	1360
minecraft:sound_event	minecraft:block.soul_soil.place	1359
minecraft:sound_event	minecraft:block.soul_soil.step	1358
minecraft:sound_event	minecraft:block.spawner.break	1363
minecraft:sound_event	minecraft:block.spawner.fall	1364
minecraft:sound_event	minecraft:block.spawner.hit	1365
minecraft:sound_event	minecraft:block.spawner.place	1366
minecraft:sound_event	minecraft:block.spawner.step	1367
minecraft:sound_event	minecraft:block.sponge.absorb	1434
minecraft:sound_event	minecraft:block.sponge.break	1429
minecraft:sound_event	minecraft:block.sponge.fall	1430
minecraft:sound_event	minecraft:block.sponge.hit	1431
minecraft:sound_event	minecraft:block.sponge.place	1432
minecraft:sound_event	minecraft:block.sponge.step	1433
minecraft:sound_event	minecraft:block.spore_blossom.break	1377
minecraft:sound_event	minecraft:block.spore_blossom.fall	1378
minecraft:sound_event	minecraft:block.spore_blossom.hit	1379
minecraft:sound_event	minecraft:block.spore_blossom.place	1380
minecraft:sound_event	minecraft:block.spore_blossom.step	1381
minecraft:sound_event	minecraft:block.stem.break	1009
minecraft:sound_event	minecraft:block.stem.fall	1013
minecraft:sound_event	minecraft:block.stem.hit	1012
minecraft:sound_event	minecraft:block.stem.place	1011
minecraft:sound_event	minecraft:block.stem.step	1010
minecraft:sound_event	minecraft:block.stone.break	1441
minecraft:sound_event	minecraft:block.stone.fall	1444
minecraft:sound_event	minecraft:block.stone.hit	1445
minecraft:sound_event	minecraft:block.stone.place	1446
minecraft:sound_event	minecraft:block.stone.step	1449
minecraft:sound_event	minecraft:block.stone_button.click_off	1442
minecraft:sound_event	minecraft:block.stone_button.click_on	1443
minecraft:sound_event	minecraft:block.stone_pressure_plate.click_off	1447
minecraft:sound_event	minecraft:block.stone_pressure_plate.click_on	1448
minecraft:sound_event	minecraft:block.suspicious_gravel.break	580
minecraft:sound_event	minecraft:block.suspicious_gravel.fall	584
minecraft:sound_event	minecraft:block.suspicious_gravel.hit	583
minecraft:sound_event	minecraft:block.suspicious_gravel.place	582
minecraft:sound_event	minecraft:block.suspicious_gravel.step	581
minecraft:sound_event	minecraft:block.suspicious_sand.break	575
minecraft:sound_event	minecraft:block.suspicious_sand.fall	579
minecraft:sound_event	minecraft:block.suspicious_sand.hit	578
minecraft:sound_event	minecraft:block.suspicious_sand.place	577
minecraft:sound_event	minecraft:block.suspicious_sand.step	576
minecraft:sound_event	minecraft:block.sweet_berry_bush.break	1454
minecraft:sound_event	minecraft:block.sweet_berry_bush.pick_berries	1456
minecraft:sound_event	minecraft:block.sweet_berry_bush.place	1455
minecraft:sound_event	minecraft:block.trial_spawner.about_to_spawn_item	724
minecraft:sound_event	minecraft:block.trial_spawner.ambient	729
minecraft:sound_event	minecraft:block.trial_spawner.ambient_ominous	730
minecraft:sound_event	minecraft:block.trial_spawner.break	718
minecraft:sound_event	minecraft:block.trial_spawner.close_shutter	732
minecraft:sound_event	minecraft:block.trial_spawner.detect_player	727
minecraft:sound_event	minecraft:block.trial_spawner.eject_item	733
minecraft:sound_event	minecraft:block.trial_spawner.fall	722
minecraft:sound_event	minecraft:block.trial_spawner.hit	721
minecraft:sound_event	minecraft:block.trial_spawner.ominous_activate	728
minecraft:sound_event	minecraft:block.trial_spawner.open_shutter	731
minecraft:sound_event	minecraft:block.trial_spawner.place	720
minecraft:sound_event	minecraft:block.trial_spawner.spawn_item	725
minecraft:sound_event	minecraft:block.trial_spawner.spawn_item_begin	726
minecraft:sound_event	minecraft:block.trial_spawner.spawn_mob	723
minecraft:sound_event	minecraft:block.trial_spawner.step	719
minecraft:sound_event	minecraft:block.tripwire.attach	1472
minecraft:sound_event	minecraft:block.tripwire.click_off	1473
minecraft:sound_event	minecraft:block.tripwire.click_on	1474
minecraft:sound_event	minecraft:block.tripwire.detach	1475
minecraft:sound_event	minecraft:block.tuff.break	1480
minecraft:sound_event	minecraft:block.tuff.fall	1484
minecraft:sound_event	minecraft:block.tuff.hit	1483
minecraft:sound_event	minecraft:block.tuff.place	1482
minecraft:sound_event	minecraft:block.tuff.step	1481
minecraft:sound_event	minecraft:block.tuff_bricks.break	1485
minecraft:sound_event	minecraft:block.tuff_bricks.fall	1486
minecraft:sound_event	minecraft:block.tuff_bricks.hit	1487
minecraft:sound_event	minecraft:block.tuff_bricks.place	1488
minecraft:sound_event	minecraft:block.tuff_bricks.step	1489
minecraft:sound_event	minecraft:block.vault.activate	1516
minecraft:sound_event	minecraft:block.vault.ambient	1517
minecraft:sound_event	minecraft:block.vault.break	1518
minecraft:sound_event	minecraft:block.vault.close_shutter	1519
minecraft:sound_event	minecraft:block.vault.deactivate	1520
minecraft:sound_event	minecraft:block.vault.eject_item	1521
minecraft:sound_event	minecraft:block.vault.fall	1523
minecraft:sound_event	minecraft:block.vault.hit	1524
minecraft:sound_event	minecraft:block.vault.insert_item	1525
minecraft:sound_event	minecraft:block.vault.insert_item_fail	1526
minecraft:sound_event	minecraft:block.vault.open_shutter	1527
minecraft:sound_event	minecraft:block.vault.place	1528
minecraft:sound_event	minecraft:block.vault.reject_rewarded_player	1522
minecraft:sound_event	minecraft:block.vault.step	1529
minecraft:sound_event	minecraft:block.vine.break	1558
minecraft:sound_event	minecraft:block.vine.fall	1559
minecraft:sound_event	minecraft:block.vine.hit	1560
minecraft:sound_event	minecraft:block.vine.place	1561
minecraft:sound_event	minecraft:block.vine.step	1562
minecraft:sound_event	minecraft:block.wart_block.break	1034
minecraft:sound_event	minecraft:block.wart_block.fall	1038
minecraft:sound_event	minecraft:block.wart_block.hit	1037
minecraft:sound_event	minecraft:block.wart_block.place	1036
minecraft:sound_event	minecraft:block.wart_block.step	1035
minecraft:sound_event	minecraft:block.water.ambient	1596
minecraft:sound_event	minecraft:block.weeping_vines.break	1029
minecraft:sound_event	minecraft:block.weeping_vines.fall	1033
minecraft:sound_event	minecraft:block.weeping_vines.hit	1032
minecraft:sound_event	minecraft:block.weeping_vines.place	1031
minecraft:sound_event	minecraft:block.weeping_vines.step	1030
minecraft:sound_event	minecraft:block.wet_grass.break	1599
minecraft:sound_event	minecraft:block.wet_grass.fall	1600
minecraft:sound_event	minecraft:block.wet_grass.hit	1601
minecraft:sound_event	minecraft:block.wet_grass.place	1602
minecraft:sound_event	minecraft:block.wet_grass.step	1603
minecraft:sound_event	minecraft:block.wet_sponge.break	1604
minecraft:sound_event	minecraft:block.wet_sponge.dries	1605
minecraft:sound_event	minecraft:block.wet_sponge.fall	1606
minecraft:sound_event	minecraft:block.wet_sponge.hit	1607
minecraft:sound_event	minecraft:block.wet_sponge.place	1608
minecraft:sound_event	minecraft:block.wet_sponge.step	1609
minecraft:sound_event	minecraft:block.wood.break	1684
minecraft:sound_event	minecraft:block.wood.fall	1685
minecraft:sound_event	minecraft:block.wood.hit	1686
minecraft:sound_event	minecraft:block.wood.place	1687
minecraft:sound_event	minecraft:block.wood.step	1688
minecraft:sound_event	minecraft:block.wooden_button.click_off	1680
minecraft:sound_event	minecraft:block.wooden_button.click_on	1681
minecraft:sound_event	minecraft:block.wooden_door.close	1676
minecraft:sound_event	minecraft:block.wooden_door.open	1677
minecraft:sound_event	minecraft:block.wooden_pressure_plate.click_off	1682
minecraft:sound_event	minecraft:block.wooden_pressure_plate.click_on	1683
minecraft:sound_event	minecraft:block.wooden_trapdoor.close	1678
minecraft:sound_event	minecraft:block.wooden_trapdoor.open	1679
minecraft:sound_event	minecraft:block.wool.break	1689
minecraft:sound_event	minecraft:block.wool.fall	1690
minecraft:sound_event	minecraft:block.wool.hit	1691
minecraft:sound_event	minecraft:block.wool.place	1692
minecraft:sound_event	minecraft:block.wool.step	1693
minecraft:sound_event	minecraft:enchant.thorns.hit	1461
minecraft:sound_event	minecraft:entity.allay.ambient_with_item	0
minecraft:sound_event	minecraft:entity.allay.ambient_without_item	1
minecraft:sound_event	minecraft:entity.allay.death	2
minecraft:sound_event	minecraft:entity.allay.hurt	3
minecraft:sound_event	minecraft:entity.allay.item_given	4
minecraft:sound_event	minecraft:entity.allay.item_taken	5
minecraft:sound_event	minecraft:entity.allay.item_thrown	6
minecraft:sound_event	minecraft:entity.armadillo.ambient	57
minecraft:sound_event	minecraft:entity.armadillo.brush	66
minecraft:sound_event	minecraft:entity.armadillo.death	59
minecraft:sound_event	minecraft:entity.armadillo.eat	54
minecraft:sound_event	minecraft:entity.armadillo.hurt	55
minecraft:sound_event	minecraft:entity.armadillo.hurt_reduced	56
minecraft:sound_event	minecraft:entity.armadillo.land	61
minecraft:sound_event	minecraft:entity.armadillo.peek	64
minecraft:sound_event	minecraft:entity.armadillo.roll	60
minecraft:sound_event	minecraft:entity.armadillo.scute_drop	62
minecraft:sound_event	minecraft:entity.armadillo.step	58
minecraft:sound_event	minecraft:entity.armadillo.unroll_finish	63
minecraft:sound_event	minecraft:entity.armadillo.unroll_start	65
minecraft:sound_event	minecraft:entity.armor_stand.break	78
minecraft:sound_event	minecraft:entity.armor_stand.fall	79
minecraft:sound_event	minecraft:entity.armor_stand.hit	80
minecraft:sound_event	minecraft:entity.armor_stand.place	81
minecraft:sound_event	minecraft:entity.arrow.hit	82
minecraft:sound_event	minecraft:entity.arrow.hit_player	83
minecraft:sound_event	minecraft:entity.arrow.shoot	84
minecraft:sound_event	minecraft:entity.axolotl.attack	88
minecraft:sound_event	minecraft:entity.axolotl.death	89
minecraft:sound_event	minecraft:entity.axolotl.hurt	90
minecraft:sound_event	minecraft:entity.axolotl.idle_air	91
minecraft:sound_event	minecraft:entity.axolotl.idle_water	92
minecraft:sound_event	minecraft:entity.axolotl.splash	93
minecraft:sound_event	minecraft:entity.axolotl.swim	94
minecraft:sound_event	minecraft:entity.bat.ambient	135
minecraft:sound_event	minecraft:entity.bat.death	136
minecraft:sound_event	minecraft:entity.bat.hurt	137
minecraft:sound_event	minecraft:entity.bat.loop	138
minecraft:sound_event	minecraft:entity.bat.takeoff	139
minecraft:sound_event	minecraft:entity.bee.death	144
minecraft:sound_event	minecraft:entity.bee.hurt	145
minecraft:sound_event	minecraft:entity.bee.loop	147
minecraft:sound_event	minecraft:entity.bee.loop_aggressive	146
minecraft:sound_event	minecraft:entity.bee.pollinate	149
minecraft:sound_event	minecraft:entity.bee.sting	148
minecraft:sound_event	minecraft:entity.blaze.ambient	162
minecraft:sound_event	minecraft:entity.blaze.burn	163
minecraft:sound_event	minecraft:entity.blaze.death	164
minecraft:sound_event	minecraft:entity.blaze.hurt	165
minecraft:sound_event	minecraft:entity.blaze.shoot	166
minecraft:sound_event	minecraft:entity.boat.paddle_land	167
minecraft:sound_event	minecraft:entity.boat.paddle_water	168
minecraft:sound_event	minecraft:entity.bogged.ambient	169
minecraft:sound_event	minecraft:entity.bogged.death	170
minecraft:sound_event	minecraft:entity.bogged.hurt	171
minecraft:sound_event	minecraft:entity.bogged.shear	172
minecraft:sound_event	minecraft:entity.bogged.step	173
minecraft:sound_event	minecraft:entity.breeze.charge	186
minecraft:sound_event	minecraft:entity.breeze.death	195
minecraft:sound_event	minecraft:entity.breeze.deflect	187
minecraft:sound_event	minecraft:entity.breeze.hurt	196
minecraft:sound_event	minecraft:entity.breeze.idle_air	190
minecraft:sound_event	minecraft:entity.breeze.idle_ground	189
minecraft:sound_event	minecraft:entity.breeze.inhale	188
minecraft:sound_event	minecraft:entity.breeze.jump	192
minecraft:sound_event	minecraft:entity.breeze.land	193
minecraft:sound_event	minecraft:entity.breeze.shoot	191
minecraft:sound_event	minecraft:entity.breeze.slide	194
minecraft:sound_event	minecraft:entity.breeze.whirl	197
minecraft:sound_event	minecraft:entity.breeze.wind_burst	198
minecraft:sound_event	minecraft:entity.camel.ambient	235
minecraft:sound_event	minecraft:entity.camel.dash	236
minecraft:sound_event	minecraft:entity.camel.dash_ready	237
minecraft:sound_event	minecraft:entity.camel.death	238
minecraft:sound_event	minecraft:entity.camel.eat	239
minecraft:sound_event	minecraft:entity.camel.hurt	240
minecraft:sound_event	minecraft:entity.camel.saddle	241
minecraft:sound_event	minecraft:entity.camel.sit	242
minecraft:sound_event	minecraft:entity.camel.stand	243
minecraft:sound_event	minecraft:entity.camel.step	244
minecraft:sound_event	minecraft:entity.camel.step_sand	245
minecraft:sound_event	minecraft:entity.cat.ambient	254
minecraft:sound_event	minecraft:entity.cat.beg_for_food	259
minecraft:sound_event	minecraft:entity.cat.death	256
minecraft:sound_event	minecraft:entity.cat.eat	257
minecraft:sound_event	minecraft:entity.cat.hiss	258
minecraft:sound_event	minecraft:entity.cat.hurt	260
minecraft:sound_event	minecraft:entity.cat.purr	261
minecraft:sound_event	minecraft:entity.cat.purreow	262
minecraft:sound_event	minecraft:entity.cat.stray_ambient	255
minecraft:sound_event	minecraft:entity.chicken.ambient	307
minecraft:sound_event	minecraft:entity.chicken.death	308
minecraft:sound_event	minecraft:entity.chicken.egg	309
minecraft:sound_event	minecraft:entity.chicken.hurt	310
minecraft:sound_event	minecraft:entity.chicken.step	311
minecraft:sound_event	minecraft:entity.cod.ambient	329
minecraft:sound_event	minecraft:entity.cod.death	330
minecraft:sound_event	minecraft:entity.cod.flop	331
minecraft:sound_event	minecraft:entity.cod.hurt	332
minecraft:sound_event	minecraft:entity.cow.ambient	369
minecraft:sound_event	minecraft:entity.cow.death	370
minecraft:sound_event	minecraft:entity.cow.hurt	371
minecraft:sound_event	minecraft:entity.cow.milk	372
minecraft:sound_event	minecraft:entity.cow.step	373
minecraft:sound_event	minecraft:entity.creaking.activate	377
minecraft:sound_event	minecraft:entity.creaking.ambient	376
minecraft:sound_event	minecraft:entity.creaking.attack	379
minecraft:sound_event	minecraft:entity.creaking.deactivate	378
minecraft:sound_event	minecraft:entity.creaking.death	380
minecraft:sound_event	minecraft:entity.creaking.freeze	382
minecraft:sound_event	minecraft:entity.creaking.spawn	384
minecraft:sound_event	minecraft:entity.creaking.step	381
minecraft:sound_event	minecraft:entity.creaking.sway	385
minecraft:sound_event	minecraft:entity.creaking.twitch	386
minecraft:sound_event	minecraft:entity.creaking.unfreeze	383
minecraft:sound_event	minecraft:entity.creeper.death	395
minecraft:sound_event	minecraft:entity.creeper.hurt	396
minecraft:sound_event	minecraft:entity.creeper.primed	397
minecraft:sound_event	minecraft:entity.dolphin.ambient	435
minecraft:sound_event	minecraft:entity.dolphin.ambient_water	436
minecraft:sound_event	minecraft:entity.dolphin.attack	437
minecraft:sound_event	minecraft:entity.dolphin.death	438
minecraft:sound_event	minecraft:entity.dolphin.eat	439
minecraft:sound_event	minecraft:entity.dolphin.hurt	440
minecraft:sound_event	minecraft:entity.dolphin.jump	441
minecraft:sound_event	minecraft:entity.dolphin.play	442
minecraft:sound_event	minecraft:entity.dolphin.splash	443
minecraft:sound_event	minecraft:entity.dolphin.swim	444
minecraft:sound_event	minecraft:entity.donkey.ambient	445
minecraft:sound_event	minecraft:entity.donkey.angry	446
minecraft:sound_event	minecraft:entity.donkey.chest	447
minecraft:sound_event	minecraft:entity.donkey.death	448
minecraft:sound_event	minecraft:entity.donkey.eat	449
minecraft:sound_event	minecraft:entity.donkey.hurt	450
minecraft:sound_event	minecraft:entity.donkey.jump	451
minecraft:sound_event	minecraft:entity.dragon_fireball.explode	503
minecraft:sound_event	minecraft:entity.drowned.ambient	478
minecraft:sound_event	minecraft:entity.drowned.ambient_water	479
minecraft:sound_event	minecraft:entity.drowned.death	480
minecraft:sound_event	minecraft:entity.drowned.death_water	481
minecraft:sound_event	minecraft:entity.drowned.hurt	482
minecraft:sound_event	minecraft:entity.drowned.hurt_water	483
minecraft:sound_event	minecraft:entity.drowned.shoot	484
minecraft:sound_event	minecraft:entity.drowned.step	485
minecraft:sound_event	minecraft:entity.drowned.swim	486
minecraft:sound_event	minecraft:entity.egg.throw	488
minecraft:sound_event	minecraft:entity.elder_guardian.ambient	489
minecraft:sound_event	minecraft:entity.elder_guardian.ambient_land	490
minecraft:sound_event	minecraft:entity.elder_guardian.curse	491
minecraft:sound_event	minecraft:entity.elder_guardian.death	492
minecraft:sound_event	minecraft:entity.elder_guardian.death_land	493
minecraft:sound_event	minecraft:entity.elder_guardian.flop	494
minecraft:sound_event	minecraft:entity.elder_guardian.hurt	495
minecraft:sound_event	minecraft:entity.elder_guardian.hurt_land	496
minecraft:sound_event	minecraft:entity.ender_dragon.ambient	501
minecraft:sound_event	minecraft:entity.ender_dragon.death	502
minecraft:sound_event	minecraft:entity.ender_dragon.flap	504
minecraft:sound_event	minecraft:entity.ender_dragon.growl	505
minecraft:sound_event	minecraft:entity.ender_dragon.hurt	506
minecraft:sound_event	minecraft:entity.ender_dragon.shoot	507
minecraft:sound_event	minecraft:entity.ender_eye.death	508
minecraft:sound_event	minecraft:entity.ender_eye.launch	509
minecraft:sound_event	minecraft:entity.ender_pearl.throw	520
minecraft:sound_event	minecraft:entity.enderman.ambient	510
minecraft:sound_event	minecraft:entity.enderman.death	511
minecraft:sound_event	minecraft:entity.enderman.hurt	512
minecraft:sound_event	minecraft:entity.enderman.scream	513
minecraft:sound_event	minecraft:entity.enderman.stare	514
minecraft:sound_event	minecraft:entity.enderman.teleport	515
minecraft:sound_event	minecraft:entity.endermite.ambient	516
minecraft:sound_event	minecraft:entity.endermite.death	517
minecraft:sound_event	minecraft:entity.endermite.hurt	518
minecraft:sound_event	minecraft:entity.endermite.step	519
minecraft:sound_event	minecraft:entity.evoker.ambient	524
minecraft:sound_event	minecraft:entity.evoker.cast_spell	525
minecraft:sound_event	minecraft:entity.evoker.celebrate	526
minecraft:sound_event	minecraft:entity.evoker.death	527
minecraft:sound_event	minecraft:entity.evoker.hurt	529
minecraft:sound_event	minecraft:entity.evoker.prepare_attack	530
minecraft:sound_event	minecraft:entity.evoker.prepare_summon	531
minecraft:sound_event	minecraft:entity.evoker.prepare_wololo	532
minecraft:sound_event	minecraft:entity.evoker_fangs.attack	528
minecraft:sound_event	minecraft:entity.experience_bottle.throw	533
minecraft:sound_event	minecraft:entity.experience_orb.pickup	534
minecraft:sound_event	minecraft:entity.firework_rocket.blast	544
minecraft:sound_event	minecraft:entity.firework_rocket.blast_far	545
minecraft:sound_event	minecraft:entity.firework_rocket.large_blast	546
minecraft:sound_event	minecraft:entity.firework_rocket.large_blast_far	547
minecraft:sound_event	minecraft:entity.firework_rocket.launch	548
minecraft:sound_event	minecraft:entity.firework_rocket.shoot	549
minecraft:sound_event	minecraft:entity.firework_rocket.twinkle	550
minecraft:sound_event	minecraft:entity.firework_rocket.twinkle_far	551
minecraft:sound_event	minecraft:entity.fish.swim	554
minecraft:sound_event	minecraft:entity.fishing_bobber.retrieve	555
minecraft:sound_event	minecraft:entity.fishing_bobber.splash	556
minecraft:sound_event	minecraft:entity.fishing_bobber.throw	557
minecraft:sound_event	minecraft:entity.fox.aggro	564
minecraft:sound_event	minecraft:entity.fox.ambient	565
minecraft:sound_event	minecraft:entity.fox.bite	566
minecraft:sound_event	minecraft:entity.fox.death	567
minecraft:sound_event	minecraft:entity.fox.eat	568
minecraft:sound_event	minecraft:entity.fox.hurt	569
minecraft:sound_event	minecraft:entity.fox.screech	570
minecraft:sound_event	minecraft:entity.fox.sleep	571
minecraft:sound_event	minecraft:entity.fox.sniff	572
minecraft:sound_event	minecraft:entity.fox.spit	573
minecraft:sound_event	minecraft:entity.fox.teleport	574
minecraft:sound_event	minecraft:entity.frog.ambient	596
minecraft:sound_event	minecraft:entity.frog.death	597
minecraft:sound_event	minecraft:entity.frog.eat	598
minecraft:sound_event	minecraft:entity.frog.hurt	599
minecraft:sound_event	minecraft:entity.frog.lay_spawn	600
minecraft:sound_event	minecraft:entity.frog.long_jump	601
minecraft:sound_event	minecraft:entity.frog.step	602
minecraft:sound_event	minecraft:entity.frog.tongue	603
minecraft:sound_event	minecraft:entity.generic.big_fall	610
minecraft:sound_event	minecraft:entity.generic.burn	611
minecraft:sound_event	minecraft:entity.generic.death	612
minecraft:sound_event	minecraft:entity.generic.drink	613
minecraft:sound_event	minecraft:entity.generic.eat	614
minecraft:sound_event	minecraft:entity.generic.explode	615
minecraft:sound_event	minecraft:entity.generic.extinguish_fire	616
minecraft:sound_event	minecraft:entity.generic.hurt	617
minecraft:sound_event	minecraft:entity.generic.small_fall	618
minecraft:sound_event	minecraft:entity.generic.splash	619
minecraft:sound_event	minecraft:entity.generic.swim	620
minecraft:sound_event	minecraft:entity.ghast.ambient	621
minecraft:sound_event	minecraft:entity.ghast.death	622
minecraft:sound_event	minecraft:entity.ghast.hurt	623
minecraft:sound_event	minecraft:entity.ghast.scream	624
minecraft:sound_event	minecraft:entity.ghast.shoot	625
minecraft:sound_event	minecraft:entity.ghast.warn	626
minecraft:sound_event	minecraft:entity.ghastling.ambient	627
minecraft:sound_event	minecraft:entity.ghastling.death	628
minecraft:sound_event	minecraft:entity.ghastling.hurt	629
minecraft:sound_event	minecraft:entity.ghastling.spawn	630
minecraft:sound_event	minecraft:entity.glow_item_frame.add_item	642
minecraft:sound_event	minecraft:entity.glow_item_frame.break	643
minecraft:sound_event	minecraft:entity.glow_item_frame.place	644
minecraft:sound_event	minecraft:entity.glow_item_frame.remove_item	645
minecraft:sound_event	minecraft:entity.glow_item_frame.rotate_item	646
minecraft:sound_event	minecraft:entity.glow_squid.ambient	647
minecraft:sound_event	minecraft:entity.glow_squid.death	648
minecraft:sound_event	minecraft:entity.glow_squid.hurt	649
minecraft:sound_event	minecraft:entity.glow_squid.squirt	650
minecraft:sound_event	minecraft:entity.goat.ambient	651
minecraft:sound_event	minecraft:entity.goat.death	652
minecraft:sound_event	minecraft:entity.goat.eat	653
minecraft:sound_event	minecraft:entity.goat.horn_break	659
minecraft:sound_event	minecraft:entity.goat.hurt	654
minecraft:sound_event	minecraft:entity.goat.long_jump	655
minecraft:sound_event	minecraft:entity.goat.milk	656
minecraft:sound_event	minecraft:entity.goat.prepare_ram	657
minecraft:sound_event	minecraft:entity.goat.ram_impact	658
minecraft:sound_event	minecraft:entity.goat.screaming.ambient	660
minecraft:sound_event	minecraft:entity.goat.screaming.death	661
minecraft:sound_event	minecraft:entity.goat.screaming.eat	662
minecraft:sound_event	minecraft:entity.goat.screaming.hurt	663
minecraft:sound_event	minecraft:entity.goat.screaming.long_jump	664
minecraft:sound_event	minecraft:entity.goat.screaming.milk	665
minecraft:sound_event	minecraft:entity.goat.screaming.prepare_ram	666
minecraft:sound_event	minecraft:entity.goat.screaming.ram_impact	667
minecraft:sound_event	minecraft:entity.goat.step	668
minecraft:sound_event	minecraft:entity.guardian.ambient	681
minecraft:sound_event	minecraft:entity.guardian.ambient_land	682
minecraft:sound_event	minecraft:entity.guardian.attack	683
minecraft:sound_event	minecraft:entity.guardian.death	684
minecraft:sound_event	minecraft:entity.guardian.death_land	685
minecraft:sound_event	minecraft:entity.guardian.flop	686
minecraft:sound_event	minecraft:entity.guardian.hurt	687
minecraft:sound_event	minecraft:entity.guardian.hurt_land	688
minecraft:sound_event	minecraft:entity.happy_ghast.ambient	699
minecraft:sound_event	minecraft:entity.happy_ghast.death	700
minecraft:sound_event	minecraft:entity.happy_ghast.equip	734
minecraft:sound_event	minecraft:entity.happy_ghast.harness_goggles_down	737
minecraft:sound_event	minecraft:entity.happy_ghast.harness_goggles_up	736
minecraft:sound_event	minecraft:entity.happy_ghast.hurt	701
minecraft:sound_event	minecraft:entity.happy_ghast.riding	702
minecraft:sound_event	minecraft:entity.happy_ghast.unequip	735
minecraft:sound_event	minecraft:entity.hoglin.ambient	739
minecraft:sound_event	minecraft:entity.hoglin.angry	740
minecraft:sound_event	minecraft:entity.hoglin.attack	741
minecraft:sound_event	minecraft:entity.hoglin.converted_to_zombified	742
minecraft:sound_event	minecraft:entity.hoglin.death	743
minecraft:sound_event	minecraft:entity.hoglin.hurt	744
minecraft:sound_event	minecraft:entity.hoglin.retreat	745
minecraft:sound_event	minecraft:entity.hoglin.step	746
minecraft:sound_event	minecraft:entity.horse.ambient	763
minecraft:sound_event	minecraft:entity.horse.angry	764
minecraft:sound_event	minecraft:entity.horse.armor	765
minecraft:sound_event	minecraft:entity.horse.breathe	767
minecraft:sound_event	minecraft:entity.horse.death	768
minecraft:sound_event	minecraft:entity.horse.eat	769
minecraft:sound_event	minecraft:entity.horse.gallop	770
minecraft:sound_event	minecraft:entity.horse.hurt	771
minecraft:sound_event	minecraft:entity.horse.jump	772
minecraft:sound_event	minecraft:entity.horse.land	773
minecraft:sound_event	minecraft:entity.horse.saddle	774
minecraft:sound_event	minecraft:entity.horse.step	775
minecraft:sound_event	minecraft:entity.horse.step_wood	776
minecraft:sound_event	minecraft:entity.hostile.big_fall	777
minecraft:sound_event	minecraft:entity.hostile.death	778
minecraft:sound_event	minecraft:entity.hostile.hurt	779
minecraft:sound_event	minecraft:entity.hostile.small_fall	780
minecraft:sound_event	minecraft:entity.hostile.splash	781
minecraft:sound_event	minecraft:entity.hostile.swim	782
minecraft:sound_event	minecraft:entity.husk.ambient	783
minecraft:sound_event	minecraft:entity.husk.converted_to_zombie	784
minecraft:sound_event	minecraft:entity.husk.death	785
minecraft:sound_event	minecraft:entity.husk.hurt	786
minecraft:sound_event	minecraft:entity.husk.step	787
minecraft:sound_event	minecraft:entity.illusioner.ambient	788
minecraft:sound_event	minecraft:entity.illusioner.cast_spell	789
minecraft:sound_event	minecraft:entity.illusioner.death	790
minecraft:sound_event	minecraft:entity.illusioner.hurt	791
minecraft:sound_event	minecraft:entity.illusioner.mirror_move	792
minecraft:sound_event	minecraft:entity.illusioner.prepare_blindness	793
minecraft:sound_event	minecraft:entity.illusioner.prepare_mirror	794
minecraft:sound_event	minecraft:entity.iron_golem.attack	803
minecraft:sound_event	minecraft:entity.iron_golem.damage	804
minecraft:sound_event	minecraft:entity.iron_golem.death	805
minecraft:sound_event	minecraft:entity.iron_golem.hurt	806
minecraft:sound_event	minecraft:entity.iron_golem.repair	807
minecraft:sound_event	minecraft:entity.iron_golem.step	808
minecraft:sound_event	minecraft:entity.item.break	816
minecraft:sound_event	minecraft:entity.item.pickup	817
minecraft:sound_event	minecraft:entity.item_frame.add_item	811
minecraft:sound_event	minecraft:entity.item_frame.break	812
minecraft:sound_event	minecraft:entity.item_frame.place	813
minecraft:sound_event	minecraft:entity.item_frame.remove_item	814
minecraft:sound_event	minecraft:entity.item_frame.rotate_item	815
minecraft:sound_event	minecraft:entity.lightning_bolt.impact	842
minecraft:sound_event	minecraft:entity.lightning_bolt.thunder	843
minecraft:sound_event	minecraft:entity.lingering_potion.throw	844
minecraft:sound_event	minecraft:entity.llama.ambient	845
minecraft:sound_event	minecraft:entity.llama.angry	846
minecraft:sound_event	minecraft:entity.llama.chest	847
minecraft:sound_event	minecraft:entity.llama.death	848
minecraft:sound_event	minecraft:entity.llama.eat	849
minecraft:sound_event	minecraft:entity.llama.hurt	850
minecraft:sound_event	minecraft:entity.llama.spit	851
minecraft:sound_event	minecraft:entity.llama.step	852
minecraft:sound_event	minecraft:entity.llama.swag	853
minecraft:sound_event	minecraft:entity.magma_cube.death	865
minecraft:sound_event	minecraft:entity.magma_cube.death_small	855
minecraft:sound_event	minecraft:entity.magma_cube.hurt	866
minecraft:sound_event	minecraft:entity.magma_cube.hurt_small	867
minecraft:sound_event	minecraft:entity.magma_cube.jump	868
minecraft:sound_event	minecraft:entity.magma_cube.squish	869
minecraft:sound_event	minecraft:entity.magma_cube.squish_small	870
minecraft:sound_event	minecraft:entity.minecart.inside	886
minecraft:sound_event	minecraft:entity.minecart.inside.underwater	885
minecraft:sound_event	minecraft:entity.minecart.riding	887
minecraft:sound_event	minecraft:entity.mooshroom.convert	888
minecraft:sound_event	minecraft:entity.mooshroom.eat	889
minecraft:sound_event	minecraft:entity.mooshroom.milk	890
minecraft:sound_event	minecraft:entity.mooshroom.shear	892
minecraft:sound_event	minecraft:entity.mooshroom.suspicious_milk	891
minecraft:sound_event	minecraft:entity.mule.ambient	923
minecraft:sound_event	minecraft:entity.mule.angry	924
minecraft:sound_event	minecraft:entity.mule.chest	925
minecraft:sound_event	minecraft:entity.mule.death	926
minecraft:sound_event	minecraft:entity.mule.eat	927
minecraft:sound_event	minecraft:entity.mule.hurt	928
minecraft:sound_event	minecraft:entity.mule.jump	929
minecraft:sound_event	minecraft:entity.ocelot.ambient	1072
minecraft:sound_event	minecraft:entity.ocelot.death	1073
minecraft:sound_event	minecraft:entity.ocelot.hurt	1071
minecraft:sound_event	minecraft:entity.painting.break	1075
minecraft:sound_event	minecraft:entity.painting.place	1076
minecraft:sound_event	minecraft:entity.panda.aggressive_ambient	1085
minecraft:sound_event	minecraft:entity.panda.ambient	1080
minecraft:sound_event	minecraft:entity.panda.bite	1088
minecraft:sound_event	minecraft:entity.panda.cant_breed	1084
minecraft:sound_event	minecraft:entity.panda.death	1081
minecraft:sound_event	minecraft:entity.panda.eat	1082
minecraft:sound_event	minecraft:entity.panda.hurt	1087
minecraft:sound_event	minecraft:entity.panda.pre_sneeze	1078
minecraft:sound_event	minecraft:entity.panda.sneeze	1079
minecraft:sound_event	minecraft:entity.panda.step	1083
minecraft:sound_event	minecraft:entity.panda.worried_ambient	1086
minecraft:sound_event	minecraft:entity.parrot.ambient	1089
minecraft:sound_event	minecraft:entity.parrot.death	1090
minecraft:sound_event	minecraft:entity.parrot.eat	1091
minecraft:sound_event	minecraft:entity.parrot.fly	1092
minecraft:sound_event	minecraft:entity.parrot.hurt	1093
minecraft:sound_event	minecraft:entity.parrot.imitate.blaze	1094
minecraft:sound_event	minecraft:entity.parrot.imitate.bogged	1095
minecraft:sound_event	minecraft:entity.parrot.imitate.breeze	1096
minecraft:sound_event	minecraft:entity.parrot.imitate.creaking	1097
minecraft:sound_event	minecraft:entity.parrot.imitate.creeper	1098
minecraft:sound_event	minecraft:entity.parrot.imitate.drowned	1099
minecraft:sound_event	minecraft:entity.parrot.imitate.elder_guardian	1100
minecraft:sound_event	minecraft:entity.parrot.imitate.ender_dragon	1101
minecraft:sound_event	minecraft:entity.parrot.imitate.endermite	1102
minecraft:sound_event	minecraft:entity.parrot.imitate.evoker	1103
minecraft:sound_event	minecraft:entity.parrot.imitate.ghast	1104
minecraft:sound_event	minecraft:entity.parrot.imitate.guardian	1105
minecraft:sound_event	minecraft:entity.parrot.imitate.hoglin	1106
minecraft:sound_event	minecraft:entity.parrot.imitate.husk	1107
minecraft:sound_event	minecraft:entity.parrot.imitate.illusioner	1108
minecraft:sound_event	minecraft:entity.parrot.imitate.magma_cube	1109
minecraft:sound_event	minecraft:entity.parrot.imitate.phantom	1110
minecraft:sound_event	minecraft:entity.parrot.imitate.piglin	1111
minecraft:sound_event	minecraft:entity.parrot.imitate.piglin_brute	1112
minecraft:sound_event	minecraft:entity.parrot.imitate.pillager	1113
minecraft:sound_event	minecraft:entity.parrot.imitate.ravager	1114
minecraft:sound_event	minecraft:entity.parrot.imitate.shulker	1115
minecraft:sound_event	minecraft:entity.parrot.imitate.silverfish	1116
minecraft:sound_event	minecraft:entity.parrot.imitate.skeleton	1117
minecraft:sound_event	minecraft:entity.parrot.imitate.slime	1118
minecraft:sound_event	minecraft:entity.parrot.imitate.spider	1119
minecraft:sound_event	minecraft:entity.parrot.imitate.stray	1120
minecraft:sound_event	minecraft:entity.parrot.imitate.vex	1121
minecraft:sound_event	minecraft:entity.parrot.imitate.vindicator	1122
minecraft:sound_event	minecraft:entity.parrot.imitate.warden	1123
minecraft:sound_event	minecraft:entity.parrot.imitate.witch	1124
minecraft:sound_event	minecraft:entity.parrot.imitate.wither	1125
minecraft:sound_event	minecraft:entity.parrot.imitate.wither_skeleton	1126
minecraft:sound_event	minecraft:entity.parrot.imitate.zoglin	1127
minecraft:sound_event	minecraft:entity.parrot.imitate.zombie	1128
minecraft:sound_event	minecraft:entity.parrot.imitate.zombie_villager	1129
minecraft:sound_event	minecraft:entity.parrot.step	1130
minecraft:sound_event	minecraft:entity.phantom.ambient	1131
minecraft:sound_event	minecraft:entity.phantom.bite	1132
minecraft:sound_event	minecraft:entity.phantom.death	1133
minecraft:sound_event	minecraft:entity.phantom.flap	1134
minecraft:sound_event	minecraft:entity.phantom.hurt	1135
minecraft:sound_event	minecraft:entity.phantom.swoop	1136
minecraft:sound_event	minecraft:entity.pig.ambient	1137
minecraft:sound_event	minecraft:entity.pig.death	1138
minecraft:sound_event	minecraft:entity.pig.hurt	1139
minecraft:sound_event	minecraft:entity.pig.saddle	1140
minecraft:sound_event	minecraft:entity.pig.step	1141
minecraft:sound_event	minecraft:entity.piglin.admiring_item	1142
minecraft:sound_event	minecraft:entity.piglin.ambient	1143
minecraft:sound_event	minecraft:entity.piglin.angry	1144
minecraft:sound_event	minecraft:entity.piglin.celebrate	1145
minecraft:sound_event	minecraft:entity.piglin.converted_to_zombified	1151
minecraft:sound_event	minecraft:entity.piglin.death	1146
minecraft:sound_event	minecraft:entity.piglin.hurt	1148
minecraft:sound_event	minecraft:entity.piglin.jealous	1147
minecraft:sound_event	minecraft:entity.piglin.retreat	1149
minecraft:sound_event	minecraft:entity.piglin.step	1150
minecraft:sound_event	minecraft:entity.piglin_brute.ambient	1152
minecraft:sound_event	minecraft:entity.piglin_brute.angry	1153
minecraft:sound_event	minecraft:entity.piglin_brute.converted_to_zombified	1157
minecraft:sound_event	minecraft:entity.piglin_brute.death	1154
minecraft:sound_event	minecraft:entity.piglin_brute.hurt	1155
minecraft:sound_event	minecraft:entity.piglin_brute.step	1156
minecraft:sound_event	minecraft:entity.pillager.ambient	1158
minecraft:sound_event	minecraft:entity.pillager.celebrate	1159
minecraft:sound_event	minecraft:entity.pillager.death	1160
minecraft:sound_event	minecraft:entity.pillager.hurt	1161
minecraft:sound_event	minecraft:entity.player.attack.crit	1164
minecraft:sound_event	minecraft:entity.player.attack.knockback	1165
minecraft:sound_event	minecraft:entity.player.attack.nodamage	1166
minecraft:sound_event	minecraft:entity.player.attack.strong	1167
minecraft:sound_event	minecraft:entity.player.attack.sweep	1168
minecraft:sound_event	minecraft:entity.player.attack.weak	1169
minecraft:sound_event	minecraft:entity.player.big_fall	1170
minecraft:sound_event	minecraft:entity.player.breath	1171
minecraft:sound_event	minecraft:entity.player.burp	1172
minecraft:sound_event	minecraft:entity.player.death	1173
minecraft:sound_event	minecraft:entity.player.hurt	1174
minecraft:sound_event	minecraft:entity.player.hurt_drown	1175
minecraft:sound_event	minecraft:entity.player.hurt_freeze	1176
minecraft:sound_event	minecraft:entity.player.hurt_on_fire	1177
minecraft:sound_event	minecraft:entity.player.hurt_sweet_berry_bush	1178
minecraft:sound_event	minecraft:entity.player.levelup	1179
minecraft:sound_event	minecraft:entity.player.small_fall	1180
minecraft:sound_event	minecraft:entity.player.splash	1181
minecraft:sound_event	minecraft:entity.player.splash.high_speed	1182
minecraft:sound_event	minecraft:entity.player.swim	1183
minecraft:sound_event	minecraft:entity.player.teleport	1184
minecraft:sound_event	minecraft:entity.polar_bear.ambient	1185
minecraft:sound_event	minecraft:entity.polar_bear.ambient_baby	1186
minecraft:sound_event	minecraft:entity.polar_bear.death	1187
minecraft:sound_event	minecraft:entity.polar_bear.hurt	1188
minecraft:sound_event	minecraft:entity.polar_bear.step	1189
minecraft:sound_event	minecraft:entity.polar_bear.warning	1190
minecraft:sound_event	minecraft:entity.puffer_fish.blow_out	1204
minecraft:sound_event	minecraft:entity.puffer_fish.blow_up	1205
minecraft:sound_event	minecraft:entity.puffer_fish.death	1206
minecraft:sound_event	minecraft:entity.puffer_fish.flop	1207
minecraft:sound_event	minecraft:entity.puffer_fish.hurt	1208
minecraft:sound_event	minecraft:entity.puffer_fish.sting	1209
minecraft:sound_event	minecraft:entity.rabbit.ambient	1211
minecraft:sound_event	minecraft:entity.rabbit.attack	1212
minecraft:sound_event	minecraft:entity.rabbit.death	1213
minecraft:sound_event	minecraft:entity.rabbit.hurt	1214
minecraft:sound_event	minecraft:entity.rabbit.jump	1215
minecraft:sound_event	minecraft:entity.ravager.ambient	1217
minecraft:sound_event	minecraft:entity.ravager.attack	1218
minecraft:sound_event	minecraft:entity.ravager.celebrate	1219
minecraft:sound_event	minecraft:entity.ravager.death	1220
minecraft:sound_event	minecraft:entity.ravager.hurt	1221
minecraft:sound_event	minecraft:entity.ravager.roar	1224
minecraft:sound_event	minecraft:entity.ravager.step	1222
minecraft:sound_event	minecraft:entity.ravager.stunned	1223
minecraft:sound_event	minecraft:entity.salmon.ambient	1245
minecraft:sound_event	minecraft:entity.salmon.death	1246
minecraft:sound_event	minecraft:entity.salmon.flop	1247
minecraft:sound_event	minecraft:entity.salmon.hurt	1248
minecraft:sound_event	minecraft:entity.sheep.ambient	1291
minecraft:sound_event	minecraft:entity.sheep.death	1292
minecraft:sound_event	minecraft:entity.sheep.hurt	1293
minecraft:sound_event	minecraft:entity.sheep.shear	1294
minecraft:sound_event	minecraft:entity.sheep.step	1295
minecraft:sound_event	minecraft:entity.shulker.ambient	1305
minecraft:sound_event	minecraft:entity.shulker.close	1310
minecraft:sound_event	minecraft:entity.shulker.death	1311
minecraft:sound_event	minecraft:entity.shulker.hurt	1312
minecraft:sound_event	minecraft:entity.shulker.hurt_closed	1313
minecraft:sound_event	minecraft:entity.shulker.open	1314
minecraft:sound_event	minecraft:entity.shulker.shoot	1315
minecraft:sound_event	minecraft:entity.shulker.teleport	1316
minecraft:sound_event	minecraft:entity.shulker_bullet.hit	1308
minecraft:sound_event	minecraft:entity.shulker_bullet.hurt	1309
minecraft:sound_event	minecraft:entity.silverfish.ambient	1317
minecraft:sound_event	minecraft:entity.silverfish.death	1318
minecraft:sound_event	minecraft:entity.silverfish.hurt	1319
minecraft:sound_event	minecraft:entity.silverfish.step	1320
minecraft:sound_event	minecraft:entity.skeleton.ambient	1321
minecraft:sound_event	minecraft:entity.skeleton.converted_to_stray	1322
minecraft:sound_event	minecraft:entity.skeleton.death	1323
minecraft:sound_event	minecraft:entity.skeleton.hurt	1332
minecraft:sound_event	minecraft:entity.skeleton.shoot	1333
minecraft:sound_event	minecraft:entity.skeleton.step	1334
minecraft:sound_event	minecraft:entity.skeleton_horse.ambient	1324
minecraft:sound_event	minecraft:entity.skeleton_horse.ambient_water	1328
minecraft:sound_event	minecraft:entity.skeleton_horse.death	1325
minecraft:sound_event	minecraft:entity.skeleton_horse.gallop_water	1329
minecraft:sound_event	minecraft:entity.skeleton_horse.hurt	1326
minecraft:sound_event	minecraft:entity.skeleton_horse.jump_water	1330
minecraft:sound_event	minecraft:entity.skeleton_horse.step_water	1331
minecraft:sound_event	minecraft:entity.skeleton_horse.swim	1327
minecraft:sound_event	minecraft:entity.slime.attack	1335
minecraft:sound_event	minecraft:entity.slime.death	1336
minecraft:sound_event	minecraft:entity.slime.death_small	1391
minecraft:sound_event	minecraft:entity.slime.hurt	1337
minecraft:sound_event	minecraft:entity.slime.hurt_small	1392
minecraft:sound_event	minecraft:entity.slime.jump	1338
minecraft:sound_event	minecraft:entity.slime.jump_small	1393
minecraft:sound_event	minecraft:entity.slime.squish	1339
minecraft:sound_event	minecraft:entity.slime.squish_small	1394
minecraft:sound_event	minecraft:entity.sniffer.death	1401
minecraft:sound_event	minecraft:entity.sniffer.digging	1406
minecraft:sound_event	minecraft:entity.sniffer.digging_stop	1407
minecraft:sound_event	minecraft:entity.sniffer.drop_seed	1402
minecraft:sound_event	minecraft:entity.sniffer.eat	1398
minecraft:sound_event	minecraft:entity.sniffer.happy	1408
minecraft:sound_event	minecraft:entity.sniffer.hurt	1400
minecraft:sound_event	minecraft:entity.sniffer.idle	1399
minecraft:sound_event	minecraft:entity.sniffer.scenting	1403
minecraft:sound_event	minecraft:entity.sniffer.searching	1405
minecraft:sound_event	minecraft:entity.sniffer.sniffing	1404
minecraft:sound_event	minecraft:entity.sniffer.step	1397
minecraft:sound_event	minecraft:entity.snow_golem.ambient	1415
minecraft:sound_event	minecraft:entity.snow_golem.death	1416
minecraft:sound_event	minecraft:entity.snow_golem.hurt	1417
minecraft:sound_event	minecraft:entity.snow_golem.shear	1419
minecraft:sound_event	minecraft:entity.snow_golem.shoot	1418
minecraft:sound_event	minecraft:entity.snowball.throw	1412
minecraft:sound_event	minecraft:entity.spider.ambient	1423
minecraft:sound_event	minecraft:entity.spider.death	1424
minecraft:sound_event	minecraft:entity.spider.hurt	1425
minecraft:sound_event	minecraft:entity.spider.step	1426
minecraft:sound_event	minecraft:entity.splash_potion.break	1427
minecraft:sound_event	minecraft:entity.splash_potion.throw	1428
minecraft:sound_event	minecraft:entity.squid.ambient	1437
minecraft:sound_event	minecraft:entity.squid.death	1438
minecraft:sound_event	minecraft:entity.squid.hurt	1439
minecraft:sound_event	minecraft:entity.squid.squirt	1440
minecraft:sound_event	minecraft:entity.stray.ambient	1450
minecraft:sound_event	minecraft:entity.stray.death	1451
minecraft:sound_event	minecraft:entity.stray.hurt	1452
minecraft:sound_event	minecraft:entity.stray.step	1453
minecraft:sound_event	minecraft:entity.strider.ambient	1382
minecraft:sound_event	minecraft:entity.strider.death	1385
minecraft:sound_event	minecraft:entity.strider.eat	1389
minecraft:sound_event	minecraft:entity.strider.happy	1383
minecraft:sound_event	minecraft:entity.strider.hurt	1386
minecraft:sound_event	minecraft:entity.strider.retreat	1384
minecraft:sound_event	minecraft:entity.strider.saddle	1390
minecraft:sound_event	minecraft:entity.strider.step	1387
minecraft:sound_event	minecraft:entity.strider.step_lava	1388
minecraft:sound_event	minecraft:entity.tadpole.death	1457
minecraft:sound_event	minecraft:entity.tadpole.flop	1458
minecraft:sound_event	minecraft:entity.tadpole.grow_up	1459
minecraft:sound_event	minecraft:entity.tadpole.hurt	1460
minecraft:sound_event	minecraft:entity.tnt.primed	1462
minecraft:sound_event	minecraft:entity.tropical_fish.ambient	1476
minecraft:sound_event	minecraft:entity.tropical_fish.death	1477
minecraft:sound_event	minecraft:entity.tropical_fish.flop	1478
minecraft:sound_event	minecraft:entity.tropical_fish.hurt	1479
minecraft:sound_event	minecraft:entity.turtle.ambient_land	1495
minecraft:sound_event	minecraft:entity.turtle.death	1496
minecraft:sound_event	minecraft:entity.turtle.death_baby	1497
minecraft:sound_event	minecraft:entity.turtle.egg_break	1498
minecraft:sound_event	minecraft:entity.turtle.egg_crack	1499
minecraft:sound_event	minecraft:entity.turtle.egg_hatch	1500
minecraft:sound_event	minecraft:entity.turtle.hurt	1501
minecraft:sound_event	minecraft:entity.turtle.hurt_baby	1502
minecraft:sound_event	minecraft:entity.turtle.lay_egg	1503
minecraft:sound_event	minecraft:entity.turtle.shamble	1504
minecraft:sound_event	minecraft:entity.turtle.shamble_baby	1505
minecraft:sound_event	minecraft:entity.turtle.swim	1506
minecraft:sound_event	minecraft:entity.vex.ambient	1530
minecraft:sound_event	minecraft:entity.vex.charge	1531
minecraft:sound_event	minecraft:entity.vex.death	1532
minecraft:sound_event	minecraft:entity.vex.hurt	1533
minecraft:sound_event	minecraft:entity.villager.ambient	1534
minecraft:sound_event	minecraft:entity.villager.celebrate	1535
minecraft:sound_event	minecraft:entity.villager.death	1536
minecraft:sound_event	minecraft:entity.villager.hurt	1537
minecraft:sound_event	minecraft:entity.villager.no	1538
minecraft:sound_event	minecraft:entity.villager.trade	1539
minecraft:sound_event	minecraft:entity.villager.work_armorer	1541
minecraft:sound_event	minecraft:entity.villager.work_butcher	1542
minecraft:sound_event	minecraft:entity.villager.work_cartographer	1543
minecraft:sound_event	minecraft:entity.villager.work_cleric	1544
minecraft:sound_event	minecraft:entity.villager.work_farmer	1545
minecraft:sound_event	minecraft:entity.villager.work_fisherman	1546
minecraft:sound_event	minecraft:entity.villager.work_fletcher	1547
minecraft:sound_event	minecraft:entity.villager.work_leatherworker	1548
minecraft:sound_event	minecraft:entity.villager.work_librarian	1549
minecraft:sound_event	minecraft:entity.villager.work_mason	1550
minecraft:sound_event	minecraft:entity.villager.work_shepherd	1551
minecraft:sound_event	minecraft:entity.villager.work_toolsmith	1552
minecraft:sound_event	minecraft:entity.villager.work_weaponsmith	1553
minecraft:sound_event	minecraft:entity.villager.yes	1540
minecraft:sound_event	minecraft:entity.vindicator.ambient	1554
minecraft:sound_event	minecraft:entity.vindicator.celebrate	1555
minecraft:sound_event	minecraft:entity.vindicator.death	1556
minecraft:sound_event	minecraft:entity.vindicator.hurt	1557
minecraft:sound_event	minecraft:entity.wandering_trader.ambient	1564
minecraft:sound_event	minecraft:entity.wandering_trader.death	1565
minecraft:sound_event	minecraft:entity.wandering_trader.disappeared	1566
minecraft:sound_event	minecraft:entity.wandering_trader.drink_milk	1567
minecraft:sound_event	minecraft:entity.wandering_trader.drink_potion	1568
minecraft:sound_event	minecraft:entity.wandering_trader.hurt	1569
minecraft:sound_event	minecraft:entity.wandering_trader.no	1570
minecraft:sound_event	minecraft:entity.wandering_trader.reappeared	1571
minecraft:sound_event	minecraft:entity.wandering_trader.trade	1572
minecraft:sound_event	minecraft:entity.wandering_trader.yes	1573
minecraft:sound_event	minecraft:entity.warden.agitated	1574
minecraft:sound_event	minecraft:entity.warden.ambient	1575
minecraft:sound_event	minecraft:entity.warden.angry	1576
minecraft:sound_event	minecraft:entity.warden.attack_impact	1577
minecraft:sound_event	minecraft:entity.warden.death	1578
minecraft:sound_event	minecraft:entity.warden.dig	1579
minecraft:sound_event	minecraft:entity.warden.emerge	1580
minecraft:sound_event	minecraft:entity.warden.heartbeat	1581
minecraft:sound_event	minecraft:entity.warden.hurt	1582
minecraft:sound_event	minecraft:entity.warden.listening	1583
minecraft:sound_event	minecraft:entity.warden.listening_angry	1584
minecraft:sound_event	minecraft:entity.warden.nearby_close	1585
minecraft:sound_event	minecraft:entity.warden.nearby_closer	1586
minecraft:sound_event	minecraft:entity.warden.nearby_closest	1587
minecraft:sound_event	minecraft:entity.warden.roar	1588
minecraft:sound_event	minecraft:entity.warden.sniff	1589
minecraft:sound_event	minecraft:entity.warden.sonic_boom	1590
minecraft:sound_event	minecraft:entity.warden.sonic_charge	1591
minecraft:sound_event	minecraft:entity.warden.step	1592
minecraft:sound_event	minecraft:entity.warden.tendril_clicks	1593
minecraft:sound_event	minecraft:entity.wind_charge.throw	1611
minecraft:sound_event	minecraft:entity.wind_charge.wind_burst	1610
minecraft:sound_event	minecraft:entity.witch.ambient	1612
minecraft:sound_event	minecraft:entity.witch.celebrate	1613
minecraft:sound_event	minecraft:entity.witch.death	1614
minecraft:sound_event	minecraft:entity.witch.drink	1615
minecraft:sound_event	minecraft:entity.witch.hurt	1616
minecraft:sound_event	minecraft:entity.witch.throw	1617
minecraft:sound_event	minecraft:entity.wither.ambient	1618
minecraft:sound_event	minecraft:entity.wither.break_block	1619
minecraft:sound_event	minecraft:entity.wither.death	1620
minecraft:sound_event	minecraft:entity.wither.hurt	1621
minecraft:sound_event	minecraft:entity.wither.shoot	1622
minecraft:sound_event	minecraft:entity.wither.spawn	1627
minecraft:sound_event	minecraft:entity.wither_skeleton.ambient	1623
minecraft:sound_event	minecraft:entity.wither_skeleton.death	1624
minecraft:sound_event	minecraft:entity.wither_skeleton.hurt	1625
minecraft:sound_event	minecraft:entity.wither_skeleton.step	1626
minecraft:sound_event	minecraft:entity.wolf.ambient	1634
minecraft:sound_event	minecraft:entity.wolf.death	1635
minecraft:sound_event	minecraft:entity.wolf.growl	1636
minecraft:sound_event	minecraft:entity.wolf.hurt	1637
minecraft:sound_event	minecraft:entity.wolf.pant	1638
minecraft:sound_event	minecraft:entity.wolf.shake	1632
minecraft:sound_event	minecraft:entity.wolf.step	1633
minecraft:sound_event	minecraft:entity.wolf.whine	1639
minecraft:sound_event	minecraft:entity.wolf_angry.ambient	1652
minecraft:sound_event	minecraft:entity.wolf_angry.death	1653
minecraft:sound_event	minecraft:entity.wolf_angry.growl	1654
minecraft:sound_event	minecraft:entity.wolf_angry.hurt	1655
minecraft:sound_event	minecraft:entity.wolf_angry.pant	1656
minecraft:sound_event	minecraft:entity.wolf_angry.whine	1657
minecraft:sound_event	minecraft:entity.wolf_big.ambient	1664
minecraft:sound_event	minecraft:entity.wolf_big.death	1665
minecraft:sound_event	minecraft:entity.wolf_big.growl	1666
minecraft:sound_event	minecraft:entity.wolf_big.hurt	1667
minecraft:sound_event	minecraft:entity.wolf_big.pant	1668
minecraft:sound_event	minecraft:entity.wolf_big.whine	1669
minecraft:sound_event	minecraft:entity.wolf_cute.ambient	1670
minecraft:sound_event	minecraft:entity.wolf_cute.death	1671
minecraft:sound_event	minecraft:entity.wolf_cute.growl	1672
minecraft:sound_event	minecraft:entity.wolf_cute.hurt	1673
minecraft:sound_event	minecraft:entity.wolf_cute.pant	1674
minecraft:sound_event	minecraft:entity.wolf_cute.whine	1675
minecraft:sound_event	minecraft:entity.wolf_grumpy.ambient	1658
minecraft:sound_event	minecraft:entity.wolf_grumpy.death	1659
minecraft:sound_event	minecraft:entity.wolf_grumpy.growl	1660
minecraft:sound_event	minecraft:entity.wolf_grumpy.hurt	1661
minecraft:sound_event	minecraft:entity.wolf_grumpy.pant	1662
minecraft:sound_event	minecraft:entity.wolf_grumpy.whine	1663
minecraft:sound_event	minecraft:entity.wolf_puglin.ambient	1640
minecraft:sound_event	minecraft:entity.wolf_puglin.death	1641
minecraft:sound_event	minecraft:entity.wolf_puglin.growl	1642
minecraft:sound_event	minecraft:entity.wolf_puglin.hurt	1643
minecraft:sound_event	minecraft:entity.wolf_puglin.pant	1644
minecraft:sound_event	minecraft:entity.wolf_puglin.whine	1645
minecraft:sound_event	minecraft:entity.wolf_sad.ambient	1646
minecraft:sound_event	minecraft:entity.wolf_sad.death	1647
minecraft:sound_event	minecraft:entity.wolf_sad.growl	1648
minecraft:sound_event	minecraft:entity.wolf_sad.hurt	1649
minecraft:sound_event	minecraft:entity.wolf_sad.pant	1650
minecraft:sound_event	minecraft:entity.wolf_sad.whine	1651
minecraft:sound_event	minecraft:entity.zoglin.ambient	1694
minecraft:sound_event	minecraft:entity.zoglin.angry	1695
minecraft:sound_event	minecraft:entity.zoglin.attack	1696
minecraft:sound_event	minecraft:entity.zoglin.death	1697
minecraft:sound_event	minecraft:entity.zoglin.hurt	1698
minecraft:sound_event	minecraft:entity.zoglin.step	1699
minecraft:sound_event	minecraft:entity.zombie.ambient	1700
minecraft:sound_event	minecraft:entity.zombie.attack_iron_door	1702
minecraft:sound_event	minecraft:entity.zombie.attack_wooden_door	1701
minecraft:sound_event	minecraft:entity.zombie.break_wooden_door	1703
minecraft:sound_event	minecraft:entity.zombie.converted_to_drowned	1704
minecraft:sound_event	minecraft:entity.zombie.death	1705
minecraft:sound_event	minecraft:entity.zombie.destroy_egg	1706
minecraft:sound_event	minecraft:entity.zombie.hurt	1710
minecraft:sound_event	minecraft:entity.zombie.infect	1711
minecraft:sound_event	minecraft:entity.zombie.step	1716
minecraft:sound_event	minecraft:entity.zombie_horse.ambient	1707
minecraft:sound_event	minecraft:entity.zombie_horse.death	1708
minecraft:sound_event	minecraft:entity.zombie_horse.hurt	1709
minecraft:sound_event	minecraft:entity.zombie_villager.ambient	1717
minecraft:sound_event	minecraft:entity.zombie_villager.converted	1718
minecraft:sound_event	minecraft:entity.zombie_villager.cure	1719
minecraft:sound_event	minecraft:entity.zombie_villager.death	1720
minecraft:sound_event	minecraft:entity.zombie_villager.hurt	1721
minecraft:sound_event	minecraft:entity.zombie_villager.step	1722
minecraft:sound_event	minecraft:entity.zombified_piglin.ambient	1712
minecraft:sound_event	minecraft:entity.zombified_piglin.angry	1713
minecraft:sound_event	minecraft:entity.zombified_piglin.death	1714
minecraft:sound_event	minecraft:entity.zombified_piglin.hurt	1715
minecraft:sound_event	minecraft:event.mob_effect.bad_omen	1723
minecraft:sound_event	minecraft:event.mob_effect.raid_omen	1725
minecraft:sound_event	minecraft:event.mob_effect.trial_omen	1724
minecraft:sound_event	minecraft:event.raid.horn	1216
minecraft:sound_event	minecraft:intentionally_empty	1003
minecraft:sound_event	minecraft:item.armor.equip_chain	67
minecraft:sound_event	minecraft:item.armor.equip_diamond	68
minecraft:sound_event	minecraft:item.armor.equip_elytra	69
minecraft:sound_event	minecraft:item.armor.equip_generic	70
minecraft:sound_event	minecraft:item.armor.equip_gold	71
minecraft:sound_event	minecraft:item.armor.equip_iron	72
minecraft:sound_event	minecraft:item.armor.equip_leather	73
minecraft:sound_event	minecraft:item.armor.equip_netherite	74
minecraft:sound_event	minecraft:item.armor.equip_turtle	75
minecraft:sound_event	minecraft:item.armor.equip_wolf	76
minecraft:sound_event	minecraft:item.armor.unequip_wolf	77
minecraft:sound_event	minecraft:item.axe.scrape	86
minecraft:sound_event	minecraft:item.axe.strip	85
minecraft:sound_event	minecraft:item.axe.wax_off	87
minecraft:sound_event	minecraft:item.bone_meal.use	179
minecraft:sound_event	minecraft:item.book.page_turn	180
minecraft:sound_event	minecraft:item.book.put	181
minecraft:sound_event	minecraft:item.bottle.empty	183
minecraft:sound_event	minecraft:item.bottle.fill	184
minecraft:sound_event	minecraft:item.bottle.fill_dragonbreath	185
minecraft:sound_event	minecraft:item.brush.brushing.generic	200
minecraft:sound_event	minecraft:item.brush.brushing.gravel	202
minecraft:sound_event	minecraft:item.brush.brushing.gravel.complete	204
minecraft:sound_event	minecraft:item.brush.brushing.sand	201
minecraft:sound_event	minecraft:item.brush.brushing.sand.complete	203
minecraft:sound_event	minecraft:item.bucket.empty	211
minecraft:sound_event	minecraft:item.bucket.empty_axolotl	212
minecraft:sound_event	minecraft:item.bucket.empty_fish	213
minecraft:sound_event	minecraft:item.bucket.empty_lava	214
minecraft:sound_event	minecraft:item.bucket.empty_powder_snow	215
minecraft:sound_event	minecraft:item.bucket.empty_tadpole	216
minecraft:sound_event	minecraft:item.bucket.fill	217
minecraft:sound_event	minecraft:item.bucket.fill_axolotl	218
minecraft:sound_event	minecraft:item.bucket.fill_fish	219
minecraft:sound_event	minecraft:item.bucket.fill_lava	220
minecraft:sound_event	minecraft:item.bucket.fill_powder_snow	221
minecraft:sound_event	minecraft:item.bucket.fill_tadpole	222
minecraft:sound_event	minecraft:item.bundle.drop_contents	223
minecraft:sound_event	minecraft:item.bundle.insert	224
minecraft:sound_event	minecraft:item.bundle.insert_fail	225
minecraft:sound_event	minecraft:item.bundle.remove_one	226
minecraft:sound_event	minecraft:item.chorus_fruit.teleport	323
minecraft:sound_event	minecraft:item.crop.plant	399
minecraft:sound_event	minecraft:item.crossbow.hit	400
minecraft:sound_event	minecraft:item.crossbow.loading_end	401
minecraft:sound_event	minecraft:item.crossbow.loading_middle	402
minecraft:sound_event	minecraft:item.crossbow.loading_start	403
minecraft:sound_event	minecraft:item.crossbow.quick_charge_1	404
minecraft:sound_event	minecraft:item.crossbow.quick_charge_2	405
minecraft:sound_event	minecraft:item.crossbow.quick_charge_3	406
minecraft:sound_event	minecraft:item.crossbow.shoot	407
minecraft:sound_event	minecraft:item.dye.use	487
minecraft:sound_event	minecraft:item.elytra.flying	497
minecraft:sound_event	minecraft:item.firecharge.use	542
minecraft:sound_event	minecraft:item.flintandsteel.use	558
minecraft:sound_event	minecraft:item.glow_ink_sac.use	641
minecraft:sound_event	minecraft:item.goat_horn.sound.0	755
minecraft:sound_event	minecraft:item.goat_horn.sound.1	756
minecraft:sound_event	minecraft:item.goat_horn.sound.2	757
minecraft:sound_event	minecraft:item.goat_horn.sound.3	758
minecraft:sound_event	minecraft:item.goat_horn.sound.4	759
minecraft:sound_event	minecraft:item.goat_horn.sound.5	760
minecraft:sound_event	minecraft:item.goat_horn.sound.6	761
minecraft:sound_event	minecraft:item.goat_horn.sound.7	762
minecraft:sound_event	minecraft:item.hoe.till	738
minecraft:sound_event	minecraft:item.honey_bottle.drink	754
minecraft:sound_event	minecraft:item.honeycomb.wax_on	753
minecraft:sound_event	minecraft:item.horse_armor.unequip	766
minecraft:sound_event	minecraft:item.ink_sac.use	795
minecraft:sound_event	minecraft:item.lead.break	840
minecraft:sound_event	minecraft:item.lead.tied	839
minecraft:sound_event	minecraft:item.lead.untied	838
minecraft:sound_event	minecraft:item.llama_carpet.unequip	854
minecraft:sound_event	minecraft:item.lodestone_compass.lock	861
minecraft:sound_event	minecraft:item.mace.smash_air	862
minecraft:sound_event	minecraft:item.mace.smash_ground	863
minecraft:sound_event	minecraft:item.mace.smash_ground_heavy	864
minecraft:sound_event	minecraft:item.nether_wart.plant	987
minecraft:sound_event	minecraft:item.ominous_bottle.dispose	1074
minecraft:sound_event	minecraft:item.saddle.unequip	1726
minecraft:sound_event	minecraft:item.shears.snip	1296
minecraft:sound_event	minecraft:item.shield.block	1297
minecraft:sound_event	minecraft:item.shield.break	1298
minecraft:sound_event	minecraft:item.shovel.flatten	1304
minecraft:sound_event	minecraft:item.spyglass.stop_using	1436
minecraft:sound_event	minecraft:item.spyglass.use	1435
minecraft:sound_event	minecraft:item.totem.use	1463
minecraft:sound_event	minecraft:item.trident.hit	1464
minecraft:sound_event	minecraft:item.trident.hit_ground	1465
minecraft:sound_event	minecraft:item.trident.return	1466
minecraft:sound_event	minecraft:item.trident.riptide_1	1467
minecraft:sound_event	minecraft:item.trident.riptide_2	1468
minecraft:sound_event	minecraft:item.trident.riptide_3	1469
minecraft:sound_event	minecraft:item.trident.throw	1470
minecraft:sound_event	minecraft:item.trident.thunder	1471
minecraft:sound_event	minecraft:item.wolf_armor.break	1628
minecraft:sound_event	minecraft:item.wolf_armor.crack	1629
minecraft:sound_event	minecraft:item.wolf_armor.damage	1630
minecraft:sound_event	minecraft:item.wolf_armor.repair	1631
minecraft:sound_event	minecraft:music.creative	930
minecraft:sound_event	minecraft:music.credits	931
minecraft:sound_event	minecraft:music.dragon	952
minecraft:sound_event	minecraft:music.end	953
minecraft:sound_event	minecraft:music.game	954
minecraft:sound_event	minecraft:music.menu	955
minecraft:sound_event	minecraft:music.nether.basalt_deltas	956
minecraft:sound_event	minecraft:music.nether.crimson_forest	957
minecraft:sound_event	minecraft:music.nether.nether_wastes	968
minecraft:sound_event	minecraft:music.nether.soul_sand_valley	971
minecraft:sound_event	minecraft:music.nether.warped_forest	973
minecraft:sound_event	minecraft:music.overworld.badlands	976
minecraft:sound_event	minecraft:music.overworld.bamboo_jungle	979
minecraft:sound_event	minecraft:music.overworld.cherry_grove	967
minecraft:sound_event	minecraft:music.overworld.deep_dark	958
minecraft:sound_event	minecraft:music.overworld.desert	975
minecraft:sound_event	minecraft:music.overworld.dripstone_caves	959
minecraft:sound_event	minecraft:music.overworld.flower_forest	974
minecraft:sound_event	minecraft:music.overworld.forest	964
minecraft:sound_event	minecraft:music.overworld.frozen_peaks	969
minecraft:sound_event	minecraft:music.overworld.grove	960
minecraft:sound_event	minecraft:music.overworld.jagged_peaks	961
minecraft:sound_event	minecraft:music.overworld.jungle	977
minecraft:sound_event	minecraft:music.overworld.lush_caves	962
minecraft:sound_event	minecraft:music.overworld.meadow	966
minecraft:sound_event	minecraft:music.overworld.old_growth_taiga	965
minecraft:sound_event	minecraft:music.overworld.snowy_slopes	970
minecraft:sound_event	minecraft:music.overworld.sparse_jungle	978
minecraft:sound_event	minecraft:music.overworld.stony_peaks	972
minecraft:sound_event	minecraft:music.overworld.swamp	963
minecraft:sound_event	minecraft:music.under_water	980
minecraft:sound_event	minecraft:music_disc.11	933
minecraft:sound_event	minecraft:music_disc.13	934
minecraft:sound_event	minecraft:music_disc.5	932
minecraft:sound_event	minecraft:music_disc.blocks	935
minecraft:sound_event	minecraft:music_disc.cat	936
minecraft:sound_event	minecraft:music_disc.chirp	937
minecraft:sound_event	minecraft:music_disc.creator	948
minecraft:sound_event	minecraft:music_disc.creator_music_box	949
minecraft:sound_event	minecraft:music_disc.far	938
minecraft:sound_event	minecraft:music_disc.mall	939
minecraft:sound_event	minecraft:music_disc.mellohi	940
minecraft:sound_event	minecraft:music_disc.otherside	946
minecraft:sound_event	minecraft:music_disc.pigstep	941
minecraft:sound_event	minecraft:music_disc.precipice	950
minecraft:sound_event	minecraft:music_disc.relic	947
minecraft:sound_event	minecraft:music_disc.stal	942
minecraft:sound_event	minecraft:music_disc.strad	943
minecraft:sound_event	minecraft:music_disc.tears	951
minecraft:sound_event	minecraft:music_disc.wait	944
minecraft:sound_event	minecraft:music_disc.ward	945
minecraft:sound_event	minecraft:particle.soul_escape	1362
minecraft:sound_event	minecraft:ui.button.click	1507
minecraft:sound_event	minecraft:ui.cartography_table.take_result	1510
minecraft:sound_event	minecraft:ui.hud.bubble_pop	210
minecraft:sound_event	minecraft:ui.loom.select_pattern	1508
minecraft:sound_event	minecraft:ui.loom.take_result	1509
minecraft:sound_event	minecraft:ui.stonecutter.select_recipe	1512
minecraft:sound_event	minecraft:ui.stonecutter.take_result	1511
minecraft:sound_event	minecraft:ui.toast.challenge_complete	1513
minecraft:sound_event	minecraft:ui.toast.in	1514
minecraft:sound_event	minecraft:ui.toast.out	1515
minecraft:sound_event	minecraft:weather.rain	1597
minecraft:sound_event	minecraft:weather.rain.above	1598
minecraft:spawn_condition_type	minecraft:biome	2
minecraft:spawn_condition_type	minecraft:moon_brightness	1
minecraft:spawn_condition_type	minecraft:structure	0
minecraft:stat_type	minecraft:broken	3
minecraft:stat_type	minecraft:crafted	1
minecraft:stat_type	minecraft:custom	8
minecraft:stat_type	minecraft:dropped	5
minecraft:stat_type	minecraft:killed	6
minecraft:stat_type	minecraft:killed_by	7
minecraft:stat_type	minecraft:mined	0
minecraft:stat_type	minecraft:picked_up	4
minecraft:stat_type	minecraft:used	2
minecraft:test_environment_definition_type	minecraft:all_of	0
minecraft:test_environment_definition_type	minecraft:function	4
minecraft:test_environment_definition_type	minecraft:game_rules	1
minecraft:test_environment_definition_type	minecraft:time_of_day	2
minecraft:test_environment_definition_type	minecraft:weather	3
minecraft:test_function	minecraft:always_pass	0
minecraft:test_instance_type	minecraft:block_based	0
minecraft:test_instance_type	minecraft:function	1
minecraft:ticket_type	minecraft:dragon	1
minecraft:ticket_type	minecraft:ender_pearl	6
minecraft:ticket_type	minecraft:forced	4
minecraft:ticket_type	minecraft:player_loading	2
minecraft:ticket_type	minecraft:player_simulation	3
minecraft:ticket_type	minecraft:portal	5
minecraft:ticket_type	minecraft:start	0
minecraft:ticket_type	minecraft:unknown	7
minecraft:trigger_type	minecraft:allay_drop_item_on_block	52
minecraft:trigger_type	minecraft:any_block_use	40
minecraft:trigger_type	minecraft:avoid_vibration	53
minecraft:trigger_type	minecraft:bee_nest_destroyed	36
minecraft:trigger_type	minecraft:bred_animals	14
minecraft:trigger_type	minecraft:brewed_potion	10
minecraft:trigger_type	minecraft:changed_dimension	21
minecraft:trigger_type	minecraft:channeled_lightning	30
minecraft:trigger_type	minecraft:construct_beacon	11
minecraft:trigger_type	minecraft:consume_item	25
minecraft:trigger_type	minecraft:crafter_recipe_crafted	55
minecraft:trigger_type	minecraft:cured_zombie_villager	17
minecraft:trigger_type	minecraft:default_block_use	39
minecraft:trigger_type	minecraft:effects_changed	26
minecraft:trigger_type	minecraft:enchanted_item	8
minecraft:trigger_type	minecraft:enter_block	3
minecraft:trigger_type	minecraft:entity_hurt_player	7
minecraft:trigger_type	minecraft:entity_killed_player	2
minecraft:trigger_type	minecraft:fall_after_explosion	56
minecraft:trigger_type	minecraft:fall_from_height	49
minecraft:trigger_type	minecraft:filled_bucket	9
minecraft:trigger_type	minecraft:fishing_rod_hooked	29
minecraft:trigger_type	minecraft:hero_of_the_village	33
minecraft:trigger_type	minecraft:impossible	0
minecraft:trigger_type	minecraft:inventory_changed	4
minecraft:trigger_type	minecraft:item_durability_changed	19
minecraft:trigger_type	minecraft:item_used_on_block	38
minecraft:trigger_type	minecraft:kill_mob_near_sculk_catalyst	51
minecraft:trigger_type	minecraft:killed_by_arrow	32
minecraft:trigger_type	minecraft:levitation	20
minecraft:trigger_type	minecraft:lightning_strike	47
minecraft:trigger_type	minecraft:location	15
minecraft:trigger_type	minecraft:nether_travel	28
minecraft:trigger_type	minecraft:placed_block	24
minecraft:trigger_type	minecraft:player_generates_container_loot	41
minecraft:trigger_type	minecraft:player_hurt_entity	6
minecraft:trigger_type	minecraft:player_interacted_with_entity	44
minecraft:trigger_type	minecraft:player_killed_entity	1
minecraft:trigger_type	minecraft:player_sheared_equipment	45
minecraft:trigger_type	minecraft:recipe_crafted	54
minecraft:trigger_type	minecraft:recipe_unlocked	5
minecraft:trigger_type	minecraft:ride_entity_in_lava	50
minecraft:trigger_type	minecraft:shot_crossbow	31
minecraft:trigger_type	minecraft:slept_in_bed	16
minecraft:trigger_type	minecraft:slide_down_block	35
minecraft:trigger_type	minecraft:started_riding	46
minecraft:trigger_type	minecraft:summoned_entity	13
minecraft:trigger_type	minecraft:tame_animal	23
minecraft:trigger_type	minecraft:target_hit	37
minecraft:trigger_type	minecraft:thrown_item_picked_up_by_entity	42
minecraft:trigger_type	minecraft:thrown_item_picked_up_by_player	43
minecraft:trigger_type	minecraft:tick	22
minecraft:trigger_type	minecraft:used_ender_eye	12
minecraft:trigger_type	minecraft:used_totem	27
minecraft:trigger_type	minecraft:using_item	48
minecraft:trigger_type	minecraft:villager_trade	18
minecraft:trigger_type	minecraft:voluntary_exile	34
minecraft:villager_profession	minecraft:armorer	1
minecraft:villager_profession	minecraft:butcher	2
minecraft:villager_profession	minecraft:cartographer	3
minecraft:villager_profession	minecraft:cleric	4
minecraft:villager_profession	minecraft:farmer	5
minecraft:villager_profession	minecraft:fisherman	6
minecraft:villager_profession	minecraft:fletcher	7
minecraft:villager_profession	minecraft:leatherworker	8
minecraft:villager_profession	minecraft:librarian	9
minecraft:villager_profession	minecraft:mason	10
minecraft:villager_profession	minecraft:nitwit	11
minecraft:villager_profession	minecraft:none	0
minecraft:villager_profession	minecraft:shepherd	12
minecraft:villager_profession	minecraft:toolsmith	13
minecraft:villager_profession	minecraft:weaponsmith	14
minecraft:villager_type	minecraft:desert	0
minecraft:villager_type	minecraft:jungle	1
minecraft:villager_type	minecraft:plains	2
minecraft:villager_type	minecraft:savanna	3
minecraft:villager_type	minecraft:snow	4
minecraft:villager_type	minecraft:swamp	5
minecraft:villager_type	minecraft:taiga	6
minecraft:worldgen/biome_source	minecraft:checkerboard	2
minecraft:worldgen/biome_source	minecraft:fixed	0
minecraft:worldgen/biome_source	minecraft:multi_noise	1
minecraft:worldgen/biome_source	minecraft:the_end	3
minecraft:worldgen/block_state_provider_type	minecraft:dual_noise_provider	4
minecraft:worldgen/block_state_provider_type	minecraft:noise_provider	3
minecraft:worldgen/block_state_provider_type	minecraft:noise_threshold_provider	2
minecraft:worldgen/block_state_provider_type	minecraft:randomized_int_state_provider	6
minecraft:worldgen/block_state_provider_type	minecraft:rotated_block_provider	5
minecraft:worldgen/block_state_provider_type	minecraft:simple_state_provider	0
minecraft:worldgen/block_state_provider_type	minecraft:weighted_state_provider	1
minecraft:worldgen/carver	minecraft:canyon	2
minecraft:worldgen/carver	minecraft:cave	0
minecraft:worldgen/carver	minecraft:nether_cave	1
minecraft:worldgen/chunk_generator	minecraft:debug	2
minecraft:worldgen/chunk_generator	minecraft:flat	1
minecraft:worldgen/chunk_generator	minecraft:noise	0
minecraft:worldgen/density_function_type	minecraft:abs	19
minecraft:worldgen/density_function_type	minecraft:add	25
minecraft:worldgen/density_function_type	minecraft:beardifier	2
minecraft:worldgen/density_function_type	minecraft:blend_alpha	0
minecraft:worldgen/density_function_type	minecraft:blend_density	17
minecraft:worldgen/density_function_type	minecraft:blend_offset	1
minecraft:worldgen/density_function_type	minecraft:cache_2d	6
minecraft:worldgen/density_function_type	minecraft:cache_all_in_cell	8
minecraft:worldgen/density_function_type	minecraft:cache_once	7
minecraft:worldgen/density_function_type	minecraft:clamp	18
minecraft:worldgen/density_function_type	minecraft:constant	30
minecraft:worldgen/density_function_type	minecraft:cube	21
minecraft:worldgen/density_function_type	minecraft:end_islands	10
minecraft:worldgen/density_function_type	minecraft:flat_cache	5
minecraft:worldgen/density_function_type	minecraft:half_negative	22
minecraft:worldgen/density_function_type	minecraft:interpolated	4
minecraft:worldgen/density_function_type	minecraft:max	28
minecraft:worldgen/density_function_type	minecraft:min	27
minecraft:worldgen/density_function_type	minecraft:mul	26
minecraft:worldgen/density_function_type	minecraft:noise	9
minecraft:worldgen/density_function_type	minecraft:old_blended_noise	3
minecraft:worldgen/density_function_type	minecraft:quarter_negative	23
minecraft:worldgen/density_function_type	minecraft:range_choice	13
minecraft:worldgen/density_function_type	minecraft:shift	16
minecraft:worldgen/density_function_type	minecraft:shift_a	14
minecraft:worldgen/density_function_type	minecraft:shift_b	15
minecraft:worldgen/density_function_type	minecraft:shifted_noise	12
minecraft:worldgen/density_function_type	minecraft:spline	29
minecraft:worldgen/density_function_type	minecraft:square	20
minecraft:worldgen/density_function_type	minecraft:squeeze	24
minecraft:worldgen/density_function_type	minecraft:weird_scaled_sampler	11
minecraft:worldgen/density_function_type	minecraft:y_clamped_gradient	31
minecraft:worldgen/feature	minecraft:bamboo	43
minecraft:worldgen/feature	minecraft:basalt_columns	48
minecraft:worldgen/feature	minecraft:basalt_pillar	53
minecraft:worldgen/feature	minecraft:block_column	19
minecraft:worldgen/feature	minecraft:block_pile	6
minecraft:worldgen/feature	minecraft:blue_ice	26
minecraft:worldgen/feature	minecraft:bonus_chest	52
minecraft:worldgen/feature	minecraft:chorus_plant	8
minecraft:worldgen/feature	minecraft:coral_claw	40
minecraft:worldgen/feature	minecraft:coral_mushroom	39
minecraft:worldgen/feature	minecraft:coral_tree	38
minecraft:worldgen/feature	minecraft:delta_feature	49
minecraft:worldgen/feature	minecraft:desert_well	11
minecraft:worldgen/feature	minecraft:disk	29
minecraft:worldgen/feature	minecraft:dripstone_cluster	59
minecraft:worldgen/feature	minecraft:end_gateway	35
minecraft:worldgen/feature	minecraft:end_island	34
minecraft:worldgen/feature	minecraft:end_platform	32
minecraft:worldgen/feature	minecraft:end_spike	33
minecraft:worldgen/feature	minecraft:fallen_tree	2
minecraft:worldgen/feature	minecraft:fill_layer	51
minecraft:worldgen/feature	minecraft:flower	3
minecraft:worldgen/feature	minecraft:forest_rock	28
minecraft:worldgen/feature	minecraft:fossil	12
minecraft:worldgen/feature	minecraft:freeze_top_layer	17
minecraft:worldgen/feature	minecraft:geode	58
minecraft:worldgen/feature	minecraft:glowstone_blob	16
minecraft:worldgen/feature	minecraft:huge_brown_mushroom	14
minecraft:worldgen/feature	minecraft:huge_fungus	44
minecraft:worldgen/feature	minecraft:huge_red_mushroom	13
minecraft:worldgen/feature	minecraft:ice_spike	15
minecraft:worldgen/feature	minecraft:iceberg	27
minecraft:worldgen/feature	minecraft:kelp	37
minecraft:worldgen/feature	minecraft:lake	30
minecraft:worldgen/feature	minecraft:large_dripstone	60
minecraft:worldgen/feature	minecraft:monster_room	25
minecraft:worldgen/feature	minecraft:multiface_growth	23
minecraft:worldgen/feature	minecraft:nether_forest_vegetation	45
minecraft:worldgen/feature	minecraft:netherrack_replace_blobs	50
minecraft:worldgen/feature	minecraft:no_bonemeal_flower	4
minecraft:worldgen/feature	minecraft:no_op	0
minecraft:worldgen/feature	minecraft:ore	31
minecraft:worldgen/feature	minecraft:pointed_dripstone	61
minecraft:worldgen/feature	minecraft:random_boolean_selector	57
minecraft:worldgen/feature	minecraft:random_patch	5
minecraft:worldgen/feature	minecraft:random_selector	55
minecraft:worldgen/feature	minecraft:replace_single_block	9
minecraft:worldgen/feature	minecraft:root_system	22
minecraft:worldgen/feature	minecraft:scattered_ore	54
minecraft:worldgen/feature	minecraft:sculk_patch	62
minecraft:worldgen/feature	minecraft:sea_pickle	41
minecraft:worldgen/feature	minecraft:seagrass	36
minecraft:worldgen/feature	minecraft:simple_block	42
minecraft:worldgen/feature	minecraft:simple_random_selector	56
minecraft:worldgen/feature	minecraft:spring_feature	7
minecraft:worldgen/feature	minecraft:tree	1
minecraft:worldgen/feature	minecraft:twisting_vines	47
minecraft:worldgen/feature	minecraft:underwater_magma	24
minecraft:worldgen/feature	minecraft:vegetation_patch	20
minecraft:worldgen/feature	minecraft:vines	18
minecraft:worldgen/feature	minecraft:void_start_platform	10
minecraft:worldgen/feature	minecraft:waterlogged_vegetation_patch	21
minecraft:worldgen/feature	minecraft:weeping_vines	46
minecraft:worldgen/feature_size_type	minecraft:three_layers_feature_size	1
minecraft:worldgen/feature_size_type	minecraft:two_layers_feature_size	0
minecraft:worldgen/foliage_placer_type	minecraft:acacia_foliage_placer	3
minecraft:worldgen/foliage_placer_type	minecraft:blob_foliage_placer	0
minecraft:worldgen/foliage_placer_type	minecraft:bush_foliage_placer	4
minecraft:worldgen/foliage_placer_type	minecraft:cherry_foliage_placer	10
minecraft:worldgen/foliage_placer_type	minecraft:dark_oak_foliage_placer	8
minecraft:worldgen/foliage_placer_type	minecraft:fancy_foliage_placer	5
minecraft:worldgen/foliage_placer_type	minecraft:jungle_foliage_placer	6
minecraft:worldgen/foliage_placer_type	minecraft:mega_pine_foliage_placer	7
minecraft:worldgen/foliage_placer_type	minecraft:pine_foliage_placer	2
minecraft:worldgen/foliage_placer_type	minecraft:random_spread_foliage_placer	9
minecraft:worldgen/foliage_placer_type	minecraft:spruce_foliage_placer	1
minecraft:worldgen/material_condition	minecraft:above_preliminary_surface	9
minecraft:worldgen/material_condition	minecraft:biome	0
minecraft:worldgen/material_condition	minecraft:hole	8
minecraft:worldgen/material_condition	minecraft:noise_threshold	1
minecraft:worldgen/material_condition	minecraft:not	7
minecraft:worldgen/material_condition	minecraft:steep	6
minecraft:worldgen/material_condition	minecraft:stone_depth	10
minecraft:worldgen/material_condition	minecraft:temperature	5
minecraft:worldgen/material_condition	minecraft:vertical_gradient	2
minecraft:worldgen/material_condition	minecraft:water	4
minecraft:worldgen/material_condition	minecraft:y_above	3
minecraft:worldgen/material_rule	minecraft:bandlands	0
minecraft:worldgen/material_rule	minecraft:block	1
minecraft:worldgen/material_rule	minecraft:condition	3
minecraft:worldgen/material_rule	minecraft:sequence	2
minecraft:worldgen/placement_modifier_type	minecraft:biome	4
minecraft:worldgen/placement_modifier_type	minecraft:block_predicate_filter	0
minecraft:worldgen/placement_modifier_type	minecraft:count	5
minecraft:worldgen/placement_modifier_type	minecraft:count_on_every_layer	8
minecraft:worldgen/placement_modifier_type	minecraft:environment_scan	9
minecraft:worldgen/placement_modifier_type	minecraft:fixed_placement	14
minecraft:worldgen/placement_modifier_type	minecraft:height_range	11
minecraft:worldgen/placement_modifier_type	minecraft:heightmap	10
minecraft:worldgen/placement_modifier_type	minecraft:in_square	12
minecraft:worldgen/placement_modifier_type	minecraft:noise_based_count	6
minecraft:worldgen/placement_modifier_type	minecraft:noise_threshold_count	7
minecraft:worldgen/placement_modifier_type	minecraft:random_offset	13
minecraft:worldgen/placement_modifier_type	minecraft:rarity_filter	1
minecraft:worldgen/placement_modifier_type	minecraft:surface_relative_threshold_filter	2
minecraft:worldgen/placement_modifier_type	minecraft:surface_water_depth_filter	3
minecraft:worldgen/pool_alias_binding	minecraft:direct	2
minecraft:worldgen/pool_alias_binding	minecraft:random	0
minecraft:worldgen/pool_alias_binding	minecraft:random_group	1
minecraft:worldgen/root_placer_type	minecraft:mangrove_root_placer	0
minecraft:worldgen/structure_piece	minecraft:btp	52
minecraft:worldgen/structure_piece	minecraft:ecp	50
minecraft:worldgen/structure_piece	minecraft:iglu	34
minecraft:worldgen/structure_piece	minecraft:jigsaw	55
minecraft:worldgen/structure_piece	minecraft:mscorridor	0
minecraft:worldgen/structure_piece	minecraft:mscrossing	1
minecraft:worldgen/structure_piece	minecraft:msroom	2
minecraft:worldgen/structure_piece	minecraft:msstairs	3
minecraft:worldgen/structure_piece	minecraft:nebcr	4
minecraft:worldgen/structure_piece	minecraft:nebef	5
minecraft:worldgen/structure_piece	minecraft:nebs	6
minecraft:worldgen/structure_piece	minecraft:neccs	7
minecraft:worldgen/structure_piece	minecraft:nece	9
minecraft:worldgen/structure_piece	minecraft:necsr	14
minecraft:worldgen/structure_piece	minecraft:nectb	8
minecraft:worldgen/structure_piece	minecraft:nefos	54
minecraft:worldgen/structure_piece	minecraft:nemt	15
minecraft:worldgen/structure_piece	minecraft:nerc	16
minecraft:worldgen/structure_piece	minecraft:nesc	12
minecraft:worldgen/structure_piece	minecraft:nesclt	11
minecraft:worldgen/structure_piece	minecraft:nescrt	13
minecraft:worldgen/structure_piece	minecraft:nescsc	10
minecraft:worldgen/structure_piece	minecraft:nesr	17
minecraft:worldgen/structure_piece	minecraft:nestart	18
minecraft:worldgen/structure_piece	minecraft:omb	38
minecraft:worldgen/structure_piece	minecraft:omcr	39
minecraft:worldgen/structure_piece	minecraft:omdxr	40
minecraft:worldgen/structure_piece	minecraft:omdxyr	41
minecraft:worldgen/structure_piece	minecraft:omdyr	42
minecraft:worldgen/structure_piece	minecraft:omdyzr	43
minecraft:worldgen/structure_piece	minecraft:omdzr	44
minecraft:worldgen/structure_piece	minecraft:omentry	45
minecraft:worldgen/structure_piece	minecraft:ompenthouse	46
minecraft:worldgen/structure_piece	minecraft:omsimple	47
minecraft:worldgen/structure_piece	minecraft:omsimplet	48
minecraft:worldgen/structure_piece	minecraft:omwr	49
minecraft:worldgen/structure_piece	minecraft:orp	33
minecraft:worldgen/structure_piece	minecraft:rupo	35
minecraft:worldgen/structure_piece	minecraft:sh5c	21
minecraft:worldgen/structure_piece	minecraft:shcc	19
minecraft:worldgen/structure_piece	minecraft:shfc	20
minecraft:worldgen/structure_piece	minecraft:shipwreck	53
minecraft:worldgen/structure_piece	minecraft:shli	23
minecraft:worldgen/structure_piece	minecraft:shlt	22
minecraft:worldgen/structure_piece	minecraft:shph	25
minecraft:worldgen/structure_piece	minecraft:shpr	24
minecraft:worldgen/structure_piece	minecraft:shrc	27
minecraft:worldgen/structure_piece	minecraft:shrt	26
minecraft:worldgen/structure_piece	minecraft:shs	30
minecraft:worldgen/structure_piece	minecraft:shsd	28
minecraft:worldgen/structure_piece	minecraft:shssd	31
minecraft:worldgen/structure_piece	minecraft:shstart	29
minecraft:worldgen/structure_piece	minecraft:tedp	37
minecraft:worldgen/structure_piece	minecraft:tejp	32
minecraft:worldgen/structure_piece	minecraft:tesh	36
minecraft:worldgen/structure_piece	minecraft:wmp	51
minecraft:worldgen/structure_placement	minecraft:concentric_rings	1
minecraft:worldgen/structure_placement	minecraft:random_spread	0
minecraft:worldgen/structure_pool_element	minecraft:empty_pool_element	3
minecraft:worldgen/structure_pool_element	minecraft:feature_pool_element	2
minecraft:worldgen/structure_pool_element	minecraft:legacy_single_pool_element	4
minecraft:worldgen/structure_pool_element	minecraft:list_pool_element	1
minecraft:worldgen/structure_pool_element	minecraft:single_pool_element	0
minecraft:worldgen/structure_processor	minecraft:blackstone_replace	7
minecraft:worldgen/structure_processor	minecraft:block_age	6
minecraft:worldgen/structure_processor	minecraft:block_ignore	0
minecraft:worldgen/structure_processor	minecraft:block_rot	1
minecraft:worldgen/structure_processor	minecraft:capped	10
minecraft:worldgen/structure_processor	minecraft:gravity	2
minecraft:worldgen/structure_processor	minecraft:jigsaw_replacement	3
minecraft:worldgen/structure_processor	minecraft:lava_submerged_block	8
minecraft:worldgen/structure_processor	minecraft:nop	5
minecraft:worldgen/structure_processor	minecraft:protected_blocks	9
minecraft:worldgen/structure_processor	minecraft:rule	4
minecraft:worldgen/structure_type	minecraft:buried_treasure	0
minecraft:worldgen/structure_type	minecraft:desert_pyramid	1
minecraft:worldgen/structure_type	minecraft:end_city	2
minecraft:worldgen/structure_type	minecraft:fortress	3
minecraft:worldgen/structure_type	minecraft:igloo	4
minecraft:worldgen/structure_type	minecraft:jigsaw	5
minecraft:worldgen/structure_type	minecraft:jungle_temple	6
minecraft:worldgen/structure_type	minecraft:mineshaft	7
minecraft:worldgen/structure_type	minecraft:nether_fossil	8
minecraft:worldgen/structure_type	minecraft:ocean_monument	9
minecraft:worldgen/structure_type	minecraft:ocean_ruin	10
minecraft:worldgen/structure_type	minecraft:ruined_portal	11
minecraft:worldgen/structure_type	minecraft:shipwreck	12
minecraft:worldgen/structure_type	minecraft:stronghold	13
minecraft:worldgen/structure_type	minecraft:swamp_hut	14
minecraft:worldgen/structure_type	minecraft:woodland_mansion	15
minecraft:worldgen/tree_decorator_type	minecraft:alter_ground	6
minecraft:worldgen/tree_decorator_type	minecraft:attached_to_leaves	7
minecraft:worldgen/tree_decorator_type	minecraft:attached_to_logs	9
minecraft:worldgen/tree_decorator_type	minecraft:beehive	5
minecraft:worldgen/tree_decorator_type	minecraft:cocoa	4
minecraft:worldgen/tree_decorator_type	minecraft:creaking_heart	3
minecraft:worldgen/tree_decorator_type	minecraft:leave_vine	1
minecraft:worldgen/tree_decorator_type	minecraft:pale_moss	2
minecraft:worldgen/tree_decorator_type	minecraft:place_on_ground	8
minecraft:worldgen/tree_decorator_type	minecraft:trunk_vine	0
minecraft:worldgen/trunk_placer_type	minecraft:bending_trunk_placer	6
minecraft:worldgen/trunk_placer_type	minecraft:cherry_trunk_placer	8
minecraft:worldgen/trunk_placer_type	minecraft:dark_oak_trunk_placer	4
minecraft:worldgen/trunk_placer_type	minecraft:fancy_trunk_placer	5
minecraft:worldgen/trunk_placer_type	minecraft:forking_trunk_placer	1
minecraft:worldgen/trunk_placer_type	minecraft:giant_trunk_placer	2
minecraft:worldgen/trunk_placer_type	minecraft:mega_jungle_trunk_placer	3
minecraft:worldgen/trunk_placer_type	minecraft:straight_trunk_placer	0
minecraft:worldgen/trunk_placer_type	minecraft:upwards_branching_trunk_placer	7
